:020000040800F2
:200000000025002045010008D1070008A10500084D07000855020008CD0D00080000000022
:20002000000000000000000000000000390800087102000800000000290800083B08000878
:200040005F0100085F0100085F0100085F0100085F0100085F0100085F0100085F01000860
:200060005F0100085F0100085F0100085F0100085F0100085F0100085F0100085F01000840
:200080005F0100085F0100085F0100085F0100085F0100085F0100085F0100085F01000820
:2000A0005F0100085F0100085F0100085F0100085F0100085F0100085F0100085F01000800
:2000C0005F0100085F0100085F0100085F0100085F010008F10B0008410C0008910C00081A
:2000E0005F0100085F0100085F0100085F0100085F0100085F0100085F0100085F010008C0
:200100005F0100085F0100085F0100085F010008510B0008A10B00085F0100085F01000857
:200120005F0100085F0100085F0100085F010008DFF80CD000F03CF800480047FD140008A0
:20014000002500200648804706480047FEE7FEE7FEE7FEE7FEE7FEE7FEE7FEE7FEE7FEE7BE
:20016000490800083101000840EA01039B0703D009E008C9121F08C0042AFAD203E011F8B0
:20018000013B00F8013B521EF9D27047D2B201E000F8012B491EFBD270470022F6E710B5C5
:2001A00013460A4604461946FFF7F0FF204610BD064C074D06E0E06840F0010394E807004A
:2001C00098471034AC42F6D3FFF7B6FFCC1C0008EC1C000870B58C1810F8015B15F007035E
:2001E00001D110F8013B2A1106D110F8012B03E010F8016B01F8016B5B1EF9D12B0705D499
:200200000023521E0DD401F8013BFAE710F8013BCB1A921C03E013F8015B01F8015B521E6E
:20022000F9D5A142D8D3002070BD000001490120087170473C0000207047000001490120FC
:20024000487070474800002001490120087070474E000020FEE70000014901204870704700
:200260005000002001490120C8707047600100207047000003484EF66021D0F8B001484368
:20028000704700007C0300200148D0F8D40170477C03002003484FF47A71D0F8D00148432F
:2002A000704700007C0300200448D0F8AC0118B14EF6602148437047014870477C030020B8
:2002C000E09304000B4810B50178002910D00021017000F09FFA014668220748FFF744FF99
:2002E000BDE81040044A4FF41671002000F006B810BD0000AF0100207C0300202DE9F041A0
:20030000002416460D4680464F090CE008EB441081B206EB44132022A02000F048F90520E6
:2003200000F0F2F8641CBC42F0D3E8060BD008EB441006EB441305F01F02BDE8F04181B22B
:20034000A02000F034B9BDE8F0812DE9F041074600F0ECFF40F20534204600F081FF651EB7
:20036000284600F07DFFE61E304600F079FF384600F098FF204600F073FF284600F070FF27
:20038000304600F06DFFBDE8F04100F077BF00002DE9F04715460F46064600F0C7FF00246C
:2003A00040F205384FF4417940F2023A19E000BF55F8241006EB840000F0D4FF55F8240081
:2003C00056F82410884202D00020BDE8F087404600F046FF484600F043FF504600F040FF83
:2003E000641CBC42E4D300F049FF0120EDE7000010B5002305E000BF50F8234042F82340C7
:200400005B1C8B42F8D310BD0148807970470000B001002001490120C8717047B00100200A
:200420002DE9F04140F2026001F07EF940F2036001F07AF940F2046001F076F940F20560F3
:2004400001F072F92E4E4FF4005301221421304600F0FEFF4FF4804301221421304600F0AF
:20046000F7FF4FF40044234601221421304600F0EFFF244F01231A461021384600F0E8FF6D
:20048000022301221021384600F0E2FF102301221946304600F0DCFF802301221021304631
:2004A00000F0D6FFE5112B4601221021304600F0CFFF234601221021384600F0C9FF2B4624
:2004C00001221021384600F0C3FF01228021304600F0B8FF01222946304600F0B3FF0122EA
:2004E0000221384600F0AEFF01221021304600F0A9FF21463846BDE8F041012200F0A2BF2D
:20050000001001400008014004490A68431C00D0401C0B689B1A8342FBD37047AC020020B7
:200520002DE9F0411C480168491C01601B4E002505EB450706EB870461684868C0B10A782F
:20054000D20723D06288012A16D1401E486061680ED1087820F0F80008300870616882079B
:2005600002D420F001000870A16809B16068884760680078C00709D0608838B936F82700B4
:20058000082803D1A16809B1606888476D1CEDB2152DCDD3BDE8F081AC020020BC19000832
:2005A000FEE70020401CC0B23228FBD3704770B51D4614460E4600F069F8A8B1300A00F07F
:2005C00017F888B1F0B200F013F868B106E015F8010B00F00DF838B1641EA4B2002CF6D175
:2005E00000F08AF8012070BD00F086F8002070BD2DE9F041244E074680244FF47A753C4226
:2006000001D0012200E000228021304600F01AFFFFF7C7FFFFF7C5FF01224021304600F064
:2006200011FFFFF7BEFF00224021304600F00AFFFFF7B7FF6408E2D1012280213446304686
:2006400000F000FFFFF7ADFF01224021204600F0F9FEFFF7A6FF8021204600F044FF18B19A
:200660006D1E2D042D0CF6D1FFF79BFF00224021204600F0E7FEFFF794FF15B10120BDE85B
:20068000F0810020FBE70000000C014070B5194D06464FF47A7401228021284600F0D2FEA0
:2006A000FFF77FFF01224021284600F0CBFEFFF778FF4021284600F016FF18B9641E24045F
:2006C000240CF6D1FFF76DFF94B100228021284600F0B8FEFFF765FF00224021284600F06A
:2006E000B1FEFFF75EFF3046BDE87040FFF780BF002070BD000C014010B50C4C002280217E
:20070000204600F09FFEFFF74CFF01224021204600F098FEFFF745FF01228021204600F0E1
:2007200091FEBDE81040FFF73CBF0000000C01400248C079002800D001207047BC010020C7
:200740000149887170470000BC010020FEE700000249CA7860F34102CA707047CA010020DE
:200760000248C078C0F3400070470000CA0100200149012008707047C8010020054AD17847
:2007800060F3000121F0FC00D0700120911E087070470000CA010020094906230122C878F0
:2007A000B3EB900F04D902EB900363F3870001E020F0FC00C8700248801E0270704700008C
:2007C000CA0100200149887070470000B001002070470907090E002806DA00F00F0000F18E
:2007E000E02080F8141D704700F1E02080F8001470470000BFF34F8F04480168044A01F4DD
:20080000E06111430160BFF34F8FFEE70CED00E00400FA05004870475406002001490120AD
:2008200048707047D001002070470000014902200870704750020020704710B500F0C6FC66
:20084000BDE81040FFF76CBE214808B5016841F00101016001688907FCD5416841F080013B
:20086000416000210091009A521C0092502AFAD3426842F0900242600091491C0091502934
:20088000FBD3416821F003014160026811490A4002604268104B1A40426002680A400260A4
:2008A000026822F48022026042680C4B1A40426002680A4002604FF41F01816000F05EFF10
:2008C000BDE8084000214FF0006000F0B7BE000000100240FFFFF6FE0C00FFE8FFFF00F7DA
:2008E00010B50178002221F0010101700121074800F0A8FD0120FFF741FF05484FF4FA62CB
:200900000178426041F00301017010BD000C0140E80200207047000010B50020FFF710FF51
:2009200001490020087010BD4C02002010B50446FFF7B0FC6060FFF767FD002808D0FFF7D9
:20094000A3FC002804D0BDE810400520FFF73ABF10BD4FF4FA614160FFF71EBF10B54FF40C
:20096000C8714160FFF7FCFE30B10020FFF7F0FEBDE81040FFF7FCBE0120F7E74FF47A71F6
:200980004160FFF761BC64214160FFF765BC10B50446FFF789FC6060FFF748FFFFF73AFDB2
:2009A000BDE810404FF4FA60AFF3008004494860087820F0F80040F00100087070470000A6
:2009C000F802002070B54D4C207840F003002070FFF76AFC60602078002220F0F800207076
:2009E00004F1400064250178426021F0FB01017030384FF47A720178456021F0F80141F0B0
:200A000003010170083004F1180100784D6020F0F80040F00300087001F108000831007898
:200A20004D6020F0F80040F00300087001F1080058340178426021F0F80141F00301017005
:200A4000207820F0020040F001002070FFF712FC60602078002220F0F8002070A4F1280058
:200A600038340178426021F0FB01017008300178426021F0FB01017018300178426021F02C
:200A8000FB010170103047F230520178456021F0F80141F00301017008300178426021F0BC
:200AA000FB010170083042F210720178426021F0FB01017008300178426021F0FB01017071
:200AC00008300F4A0178426021F0FB010170083043F698220178426021F0FA0141F0010167
:200AE0000170207840F003002070FFF7D3FB6060207820F0F800207070BD0000B002002077
:200B0000A0BB0D0010B504460078C0070AD0FFF70FFE002806D060684FF6FF71884201D22A
:200B2000401C606010BD4FF47A714160FFF776BE10B504464FF47A706060FFF793FBFFF75D
:200B400075FB4FF496706060BDE81040FFF776BB70B5104D0E49284600F0F5FE88B10E4C43
:200B6000206870B1284600F093FEE18822680A44491CE1801070E088A188884201D3002007
:200B8000E0802846BDE87040044900F0DCBE000005030500004C0040280000200703070069
:200BA00070B5104D0E49284600F0CDFE88B10E4C206870B1284600F06BFEE18822680A44EF
:200BC000491CE1801070E088A188884201D30020E0802846BDE87040044900F0B4BE0000AE
:200BE0000503050000500040300000200703070070B5104D0E49284600F0A5FE88B10E4C8A
:200C0000206870B1284600F043FEE18822680A44491CE1801070E088A188884201D30020B6
:200C2000E0802846BDE87040044900F08CBE00000503050000380140100000200703070043
:200C400070B5104D0E49284600F07DFE88B10E4C206870B1284600F01BFEE18822680A44EE
:200C6000491CE1801070E088A188884201D30020E0802846BDE87040044900F064BE00005D
:200C80000503050000440040180000200703070070B5104D0E49284600F055FE88B10E4C5D
:200CA000206870B1284600F0F3FDE18822680A44491CE1801070E088A188884201D3002067
:200CC000E0802846BDE87040044900F03CBE000005030500004800402000002007030700D4
:200CE00010B500221146352000F05AFC40F2046000F01AFD40F2056000F016FD40F214702E
:200D000000F012FD4FF4805303221821074800F09FFB042303221946054800F099FBBDE866
:200D200010404FF41641034800F020B80010014000140140005000402DE9F0410E46074698
:200D40000024094D0BE0395D284600F0A5FD0721284600F0D6FD0028F9D0641CA4B2B44282
:200D6000F1D3BDE8F08100000050004070B50C46054600F095FD2146284600F05DFD002185
:200D8000284600F013FE0021284600F001FE0021284600F0EFFD0021284600F0C3FD00219B
:200DA000284600F0B9FD0421284600F0EBFD0821284600F0F5FD284600F09EFD2846BDE82F
:200DC0007040014900F0B4BD05030500FEE7000070B50C4800254FF40074057021460A4843
:200DE000FFF7DBF90948C58084800749016040210748FFF7D2F9BDE870404022054904481C
:200E0000FFF7B2B958030020BC06002030000020BC0A0020000002082DE9F04FA64800266B
:200E200085B000683746A54CE061E069A449DFF894824FF4007A354688423AD1E07850B9D5
:200E400008EBC620FFF781FA761CF6B23C2EF7D30120E07065619D4B60699B4A56465146DA
:200E60001844FFF7C5FA6369974A314603EB0800FFF78EFA0120FFF747FB6069944900F5D5
:200E800000606061496A814213D84FF01A3020619048FFF75AFA0120FFF736FB874A8648BD
:200EA00010320421001FFFF773FA0120FFF72CFB00E1DFF82492B9F8060020700026DFF859
:200EC0001CB251E01BF806205A2A4BD10BEB060002904078012845D102984079FA28A1EBB4
:200EE000060021D00A283DD302980421001D00F0FFFA0299764A0B6813644B6853640989B3
:200F0000A2F8481081422DD1564651467348FFF744F90127257002206070A9F80650A9F8B6
:200F20000460C9F800B022E094281BD302980421001D00F0DDFA019002988021103000F091
:200F4000D7FA04906248942240300299FFF70CF95F49019840310A89824203D1B1F892109E
:200F60000498CFE7761CF6B221788E42AAD36078032867D2DFE800F066660200002F61D0DE
:200F80004E48534E18304036017821F0010101703079002856D0012854D0022852D17079E5
:200FA00048F20117F72815D006DC05284AD2DFE800F0494949490B00F838052842D2DFE892
:200FC00000F01014274456000520FFF79DFA4FF4004203E00520FFF797FA3A460121F720BD
:200FE0005AE001213A46F82056E000254FEA080606EBC520FFF7A9F96D1CEDB23C2DF7D392
:2010000005206660FFF780FA01221146F92043E070892F4A810850326068FFF7B9F948B1D9
:2010200001221146FA2000F05DF8708961680844606004E000220121FA2000F053F8F06834
:20104000C4E9020505B0BDE8F08FE368244A202103EB0800FFF7CCF92149802010390122E2
:201060004881E06811468030E060FB2014E0124D4FF01A30114A2D1F206110320421284624
:20108000FFF786F90A20FFF73FFA28682169884207D000220121FC2005B0BDE8F04F00F0DE
:2010A00021B801221146FC2000F01CF80A20FFF72BFA71B6FFF79EFBC4FC0308580300207C
:2010C0004523010000200008FC0C002040000208BC0A002000F8030830000020BC060020F2
:2010E000CC08002070B505462048224C032985701F4822D0016821604168616000892081BE
:201100006571E2800421201D00F0F2F920810520FFF7FAF9FB2D20D00A211648FFF70CFE0A
:201120004FF4007421461448FFF737F813480021C18084801049016070BD50F80A1F216076
:2011400041686160008920810820E07265710221201D00F0CDF9E080D9E706488021103046
:2011600000F0C6F9A4F892009421D6E758030020B81A0008BC080020BC06002030000020B5
:2011800002E008C8121F08C1002AFAD170477047002001E001C1121F002AFBD1704700009F
:2011A00070B54FF6FF75074E08E0040A05EA002311F8010B604036F810005840521E92B2B5
:2011C000F3D270BDCC1A00087047000003480168002902D00168491E016070473800002089
:2011E00000B5034600F008F85B1E012802D1002BF8D1042000BD000008490020CA68D2073B
:2012000001D001207047CA68D20601D503207047C9684907FBD502207047000000200240DF
:2012200000B5034600F008F85B1E012802D1002BF8D1042000BD000008490020CA6CD207F6
:2012400001D001207047CA6CD20601D503207047C96C4907FBD50220704700000020024097
:20126000054901EB90110A6800F01F030120984002430A6070470000002002400748016995
:2012800041F08001016106490988B1F5007F03D9016D41F0800101657047000000200240BA
:2012A000E0F7FF1F70B505461D481E4C4FF470260088B0F5007F02D91B48854215D2304613
:2012C000FFF78EFF00280FD1206940F0020020616561206940F0400020613046FFF780FF1C
:2012E000216921F00201216170BD3046FFF798FF0028F9D1206D40F0020020656565E06955
:20130000800700D56561206D40F0400020653046FFF786FF216D21F00201216570BD0000E3
:20132000E0F7FF1F00200240FFFF070809480169094A0B06094901D542604160084B1B88C9
:20134000B3F5007F04D9036D1B0601D542644164704700000020024023016745AB89EFCDFE
:20136000E0F7FF1FF0B505461748184C0E4600884FF47027B0F5007F02D91548854211D209
:201380003846FFF72DFF00280BD1206940F0010020612E603846FFF723FF216921F00101AD
:2013A0002161F0BD3846FFF73BFF0028F9D1206D40F0010020652E603846FFF731FF216D5B
:2013C00021F001012165F0BDE0F7FF1F00200240FFFF070830B5124A104B45F255551C4684
:2013E0001560D568641E05F0010502D0002DF8D100E04DB95160D1685B1E01F0020102D0E7
:201400000029F8D102E009B1002030BDC0F30B0090604AF6AA201060012030BDFFFF0F00EE
:201420000030004002494AF6AA200860704700000030004002494CF6CC40086070470000A0
:20144000003000400AB1016170474161704700002DE9F04301F00F04CD0600D5144300257E
:201460004FF00F095FF0010202FA05F61E4014D007684FEA850C09FA0CF827EA080704FA2C
:201480000CF848EA0708282902D0482902D002E0466100E00661C0F800806D1CADB2082D7C
:2014A000E2D3082502FA05F61E4016D047684FEA8508A8F1200809FA08FC27EA0C0704FAB0
:2014C00008FC4CEA070C282902D0482902D002E0466100E00661C0F804C06D1CADB2102DE8
:2014E000E0D3BDE8F0838068084000D0012070470A4601460020FFF753BE00001D480168BD
:201500001D48C160C168B1F11A3F0ED11B490A681B4B1A40B2F1005F07D14A688260826854
:201520004260086880F308889047FEF779FFFFF7D7FB062140F6B830FFF74CFFFFF77AFF95
:20154000FFF740FA00F058F9FEF776FE00220DA110A0FFF739FE002201211048FFF772FF01
:20156000FFF736FCFFF75EFFFFF756FCFEF7AAFEF8E70000C0FC030800000020002000081D
:201580000000FE2F73797374656D207265736574000000006D61696E000000000008014048
:2015A00070B505461F4800240E460068234600F4E0614FF4A06081420FD006DCB1F5407FAA
:2015C00016D0B1F5806F06D10FE0B1F5C06F09D0B1F5E06F04D000F027F80224234608E0CD
:2015E000042306E00124032303E00324012300E00424C4F104008640C3F104010F20C840EE
:201600001040304305F1E021000181F8000405F01F01012088406909890001F1E021C1F8ED
:20162000000170BD0CED00E00249084302490860704700000000FA050CED00E0034A11402D
:20164000014303480160BFF34F8F704780FFFF1F08ED00E070B52EA588B02ECD8DE82E0013
:201660002CA22F4BD2E90012CDE9041229A20446D2E90012CDE9061259680020C1F38102C1
:201680002849FAB1012A1DD0022A1BD15A6802F480354A10B5F5803F05D15D6805F4003505
:2016A000B5F5003F00D111465A685D68C2F383422D0101D542F010020F2A01D2921C00E036
:2016C000521C51435A68C2F303121DF8025021FA05F25D6804AEC5F302255B68755D22FAFC
:2016E00005F5C3F3C22306AEF35C22FA03F344B1012C08D0022C08D0032C00D1184608B02A
:2017000070BD0846FBE71046F9E72846F7E7000000000000000000000102030406070809C2
:201720000010024000127A00054901EB90110A6800F01F030120984002430A60704700000D
:2017400000100240054901EB90110A6800F01F030120984082430A607047000000100240A7
:20176000054901EB90110A6800F01F030120984002430A6070470000001002401B480021D5
:20178000026842F0010202604FF4A0630268491C12F0020F01D19942F8D10168890700D4DD
:2017A000FEE74168416041684160416841F48061416041680E4A1140416041680D4A114309
:2017C0004160016841F08071016001688901FCD5416821F003014160416841F002014160DB
:2017E0004168C1F381010229FAD1704700100240FFFFC3F70000040870B50E484FF47A719E
:201800000068B0FBF1F0401EB0F1807F11D24FF0E024606165170F212846FEF7DAFF0020E7
:20182000A061072020612846BDE870400021FEF7D0BFFEE77803002070B5134B04460D46F7
:201840000020E11A1A159C421BD005DC0F49611817D0914208D114E0914212D0B1F56C4F26
:2018600002D10320FFF7F6FE00EB5500B0FBF5F14FF6F07201EA020001F00F010843A060D7
:2018800070BD0220EEE70000004C004000BCFFBF4068C0F308007047C1F3080141607047EF
:2018A000134B10B5C21A1915984213D007DC114A80180CD088421AD140F212440FE08A4294
:2018C0000BD0B2F56C4F12D140F20E3407E040F2114404E040F2134401E040F214442046C8
:2018E000FFF73EFF2046BDE81040FFF72BBF10BD004C004000BCFFBFC16841F40051C160D7
:20190000704700EB9110006801F01F0201219140084000D001207047426922F400720A43A7
:2019200042617047426922F480720A434261704710B5C1F38912835801F01F040121A140ED
:201940000B43835010BD10B5C1F38912835800EB915001F01F04012202FA04F400682340E8
:20196000C1F304418A40104202D00BB1012010BD002010BDC26822F4C062C260C2680A43EE
:20198000C2607047C26822F004020A43C2607047026922F44052026102690A4302617047BE
:2019A000C26822F008020A43C2607047C26822F48052C260C2680A43C26070470000010036
:2019C000B00200208F09000801000100C00200208709000802000100C8020020310B0008E8
:2019E00003000100D0020020270B000804000100D80200207D09000805000100F002002012
:201A00000000000006000100B80200200000000007000100F80200200000000008000000BB
:201A200048030020050B00080900010008030020000000000A000100E0020020E1080008F0
:201A40000B000100E8020020530900080C00010000030020190900080D0001001003002071
:201A60005D0900080E00010018030020150900080F00010020030020000000001000010024
:201A8000280300200000000011000100500300200000000012000100300300200000000010
:201AA00013000100380300200000000014000100400300202D0900085A00040001010000A1
:201AC00000005A00020003010000000000002110422063308440A550C660E7700881299107
:201AE0004AA16BB18CC1ADD1CEE1EFF13112100273325222B5529442F772D6623993188332
:201B00007BB35AA3BDD39CC3FFF3DEE36224433420040114E664C774A44485546AA54BB56D
:201B200028850995EEE5CFF5ACC58DD55336722611163006D776F6669556B4465BB77AA7B1
:201B400019973887DFF7FEE79DD7BCC7C448E5588668A7784008611802282338CCC9EDD96D
:201B60008EE9AFF9488969990AA92BB9F55AD44AB77A966A711A500A333A122AFDDBDCCB31
:201B8000BFFB9EEB799B588B3BBB1AABA66C877CE44CC55C222C033C600C411CAEED8FFD6D
:201BA000ECCDCDDD2AAD0BBD688D499D977EB66ED55EF44E133E322E511E700E9FFFBEEFB1
:201BC000DDDFFCCF1BBF3AAF599F788F8891A981CAB1EBA10CD12DC14EF16FE18010A100E7
:201BE000C230E3200450254046706760B9839893FBA3DAB33DC31CD37FE35EF3B102901231
:201C0000F322D2323542145277625672EAB5CBA5A89589856EF54FE52CD50DC5E234C3246C
:201C2000A01481046674476424540544DBA7FAB79987B8975FE77EF71DC73CD7D326F236B0
:201C40009106B01657667676154634564CD96DC90EF92FE9C899E9898AB9ABA9445865486C
:201C600006782768C018E1088238A3287DCB5CDB3FEB1EFBF98BD89BBBAB9ABB754A545A30
:201C8000376A167AF10AD01AB32A923A2EFD0FED6CDD4DCDAABD8BADE89DC98D267C076C6C
:201CA000645C454CA23C832CE01CC10C1FEF3EFF5DCF7CDF9BAFBABFD98FF89F176E367EB0
:201CC000554E745E932EB23ED10EF01EEC1C0008000000207C030000D4010008941E0008AB
:201CE0007C0300208421000090110008014243E02E723E02100100FF005EBCE2613FDD83A5
:201D0000C29C7E20A3FD1F419DC3217FFCA2401E5F01E3BD3E6082DC237D9FC1421CFEA0D3
:201D2000E1BF5D0380DE3C62BEE0025CDF81633D7C22C09E1D43A1FF4618FAA427799BC5B3
:201D400084DA3866E5BB5907DB856739BAE406581947A5FB7826C49A653BD987045AB8E693
:201D6000A7F91B45C6987A24F8A6441A99C7257B3A6486D85B05E7B98CD2306EEDB3510F73
:201D80004E10F2AC2F7193CD114FADF3702ECC92D38D6F31B2EC0E50AFF1134DCE90722C53
:201DA0006D33D18F0C52B0EE326C8ED0530DEFB1F0AE4C1291CF2D73CA947628ABF5174933
:201DC0000856B4EA6937D58B5709EBB536688AD495CB2977F4AA4816E9B7550B88D6346A13
:201DE0002B7597C94A14F6A8742AC896154BA9F7B6E80A54D7896B021C35130106220C3554
:201E000049C90104160FB00E011012011A020D1DBB8041330D12031F01020960A01B0B1A22
:201E2000040B5D076CA5C939B9460121023F80880FC56A290EFBBE5D72C3B9B881FBDD1414
:201E400015FACEB3985D12ACCD5F14398E998F150103F70D1F0127BD0103F8DA1EB4AF0197
:201E60000620153B43CA083C054209081E07C3C80106201117B96F010310011F0751080187
:201E8000033028178B0A0106F00204D5029ACB0400A24A04FFFFFFFFFFFFFFFFFFFFFFFF1A
:201EA000FFFFFFFFFFFFFFFFFFFFFFFFFFFFFFFFFFFFFFFFFFFFFFFFFFFFFFFFFFFFFFFF42
:201EC000FFFFFFFFFFFFFFFFFFFFFFFFFFFFFFFFFFFFFFFFFFFFFFFFFFFFFFFFFFFFFFFF22
:201EE000FFFFFFFFFFFFFFFFFFFFFFFFFFFFFFFFFFFFFFFFFFFFFFFFFFFFFFFFFFFFFFFF02
:201F0000FFFFFFFFFFFFFFFFFFFFFFFFFFFFFFFFFFFFFFFFFFFFFFFFFFFFFFFFFFFFFFFFE1
:201F2000FFFFFFFFFFFFFFFFFFFFFFFFFFFFFFFFFFFFFFFFFFFFFFFFFFFFFFFFFFFFFFFFC1
:201F4000FFFFFFFFFFFFFFFFFFFFFFFFFFFFFFFFFFFFFFFFFFFFFFFFFFFFFFFFFFFFFFFFA1
:201F6000FFFFFFFFFFFFFFFFFFFFFFFFFFFFFFFFFFFFFFFFFFFFFFFFFFFFFFFFFFFFFFFF81
:201F8000FFFFFFFFFFFFFFFFFFFFFFFFFFFFFFFFFFFFFFFFFFFFFFFFFFFFFFFFFFFFFFFF61
:201FA000FFFFFFFFFFFFFFFFFFFFFFFFFFFFFFFFFFFFFFFFFFFFFFFFFFFFFFFFFFFFFFFF41
:201FC000FFFFFFFFFFFFFFFFFFFFFFFFFFFFFFFFFFFFFFFFFFFFFFFFFFFFFFFFFFFFFFFF21
:201FE000FFFFFFFFFFFFFFFFFFFFFFFFFFFFFFFFFFFFFFFFFFFFFFFFFFFFFFFFFFFFFFFF01
:20200000B0610020652100086D360008A9350008CD3500088D270008A53F000800000000BE
:20202000000000000000000000000000B5360008F130000800000000A53600080137000861
:202040007F2100087F2100087F2100087F2100087F2100087F210008693100087F21000846
:202060007F2100087F2100087F2100087F2100087F2100087F2100087F2100087F21000820
:202080007F2100087F2100087F2100087F210008912700087F2100087F2100087F210008E8
:2020A0007F2100087F2100087F2100087F210008E93700087F2100087F2100087F21000860
:2020C0007F2100087F2100087F2100087F2100087F210008E53D00083D3E00089D3E000828
:2020E0007F2100087F2100087F2100087F2100087F2100087F2100087F2100080000000048
:202100007F210008000000007F2100087F210008253D0008853D00087F2100087F21000843
:202120007F2100087F2100087F2100087F2100087F2100087F2100087F2100087F2100085F
:20214000AD2700087F2100087F2100087F210008DFF80CD000F0CAFA004800471D5200083E
:20216000B06100200648804706480047FEE7FEE7FEE7FEE7FEE7FEE7FEE7FEE7FEE7FEE792
:202180000D370008512100082DE9F05F0546002092469B4688460646814640241BE0284642
:2021A00041464746224600F0F1F953465A46C01A914110D311461846224600F0D8F92D1ADC
:2021C00067EB01084F4622460120002100F0CFF917EB00094E41201EA4F10104DFDC4846F2
:2021E00031462A464346BDE8F09F40EA01039B0703D009E008C9121F08C0042AFAD203E008
:2022000011F8013B00F8013B521EF9D27047D2B201E000F8012B491EFBD270470022F6E7E0
:2022200010B513460A4604461946FFF7F0FF204610BD2DE9FE4F804681EA0300C00F0C46B7
:20224000009021F0004123F00045B8EB0200A94105D24046214690461C460B46024623F00D
:202260000040104347D0270DC7F30A00C3F30A510290401A019040286BDAC3F3130040F484
:20228000801B0098924620B10023D2EB030A63EB0B0B01985946C0F14002504600F067F900
:2022A00006460D4650465946019A00F07FF910EB08006141002487EA115284EAE7731A4385
:2022C00040D0009A62B3019A012A4FEA075215DC001B61EB02014FF0004202EA0752CDE910
:2022E0000042001C41F5801132462B4600F07FF903B0BDE8F08F40462146F9E7001B61EB5D
:202300000201001C41F5801300185B412018A2F5001747EB030140EAD570B6196D4111E028
:202320006D084FEA360645EAC0754FEA0752001B61EB0201001C41F5801149084FEA3000B6
:202340000019514132462B4603B0BDE8F04F00F03FB90098012240000023D0EB020263EB3F
:20236000E073009821464FEAE074B8EB000061EB0401E9E783F000435BE781F0004158E7D1
:202380002DE9FE4F81EA030404F0004421F0004100944FF0000B23F0004350EA01045ED03D
:2023A00052EA03045BD0C3F30A54C1F30A552C44A4F2F3340194A0FB0254C1F3130141F4D8
:2023C0008011C3F3130343F4801301FB024400FB034E840A970A44EA815447EA8357A4FB6C
:2023E000076802958D0A05FB07854FEA932C04FB0C542705029D4FEA065847EA1637B5EBDD
:2024000008056EEB070C870E920E47EA811742EA8312A7FB0201B6EB0B0164EB00042B0DA7
:2024200043EA0C335E1844EB1C50DA465146E7FB0201C5F313044FEA0B3343EA14534FEA70
:202440000432019C43EA0603A4F10C040294009CCDE900B400F0CBF803B0BDE8F08F002088
:202460000146F9E72DE9F04D81EA030404F0004B21F0004514464FF0000A23F0004150EAAA
:20248000050220D054EA01021DD0C5F30A570246C5F31303C1F31300C1F30A5640F4801544
:2024A00043F48013A7EB0608101BD64608F2FD3873EB050002D308F1010801E092185B41DB
:2024C000B8F1000F03DA00200146BDE8F08D00204FF48011064684460EE0171B73EB05074A
:2024E00005D3121B63EB050306434CEA010C49084FEA300092185B4150EA0107EDD152EAB9
:20250000030012D082EA040083EA0501084305D0101BAB4106D20122002306E000224FF057
:20252000004302E06FF0010253101AEB06004CEB085110EB0A0041EB0B01BDE8F04D00F007
:2025400047B830B50B46014600202022012409E021FA02F59D4205D303FA02F5491B04FA70
:2025600002F52844151EA2F10102F1DC30BD202A04DB203A00FA02F1002070479140C2F1AA
:20258000200320FA03F3194390407047202A04DB203A21FA02F00021704721FA02F3D0409D
:2025A000C2F120029140084319467047202A06DBCB17203A41FA02F043EAE07306E041FADF
:2025C00002F3D040C2F12002914008431946704710B5141E73F1000408DA401C41F100011F
:2025E00092185B411A4301D120F0010010BD2DE9F04D92469B4611B1B1FA81F202E0B0FA10
:2026000080F220329046FFF7B2FF04460F4640EA0A0041EA0B0153465A46084313D01146B1
:2026200053EA010019D0C8F140025046FFF7AEFF05460E46504659464246FFF798FF08430B
:2026400005D0012004E020463946BDE8F08D0020054346EAE0762C4337430A986305E40ACA
:20266000A0EB08000022FD0A44EA47540A3002D500200146E9E7010510196941DDE90845A1
:2026800000196941BDE8F04DA2E7C1F30A52C1F3130140F2FF3341F480119A4202DA002032
:2026A0000146704740F233439A42A2F2334202DC5242FFF76BBFFFF75ABF000030B5041EE7
:2026C00071F1000404DB4FF00044404264EB0101141E73F1000405DB1C464FF0004352426D
:2026E00063EB0403994208BF904230BD064C074D06E0E06840F0010394E807009847103476
:20270000AC42F6D3FFF728FD485B0008685B000870B58C1810F8015B15F0070301D110F85B
:20272000013B2A1106D110F8012B03E010F8016B01F8016B5B1EF9D12B0705D40023521E7A
:202740000DD401F8013BFAE710F8013BCB1A921C03E013F8015B01F8015B521EF9D5A142EB
:20276000D8D3002070BD000001200149087070474700002001200149087070475500002051
:2027800001200149087070475C00002000BFFEE710B5044A0021044802F09DF9014800F03E
:2027A00019F810BD6C0400200064004010B5044A0021044802F08FF9014800F087F810BD88
:2027C000800400200068004001200149087070476100002070B504466068050B2D032748AC
:2027E00085424AD1207A042847D12549897801EB8101244A206842F821002148807800EB9F
:202800008000114601EB80004068616808431C49897801EB810102EB81014860207A1849D3
:20282000897801EB810102EB81010872607A1449897801EB810102EB81014872A07A1049FE
:20284000897801EB810102EB81018872A27A0C49897801EB81010B4B03EB810101F10B00FD
:2028600004F10B01FFF7C1FC05488078642804DA03488078401C0249887070BD00E00618E8
:20288000A8490020EC49002010B504460748007808B9606820B906A0616801F085FB10BDED
:2028A0002146094802F08AF900BFF8E78C59002043414E20302074782064697361626C6526
:2028C0002025780D0A0000000064004038B504466068050B2D032C48C078642853DA606814
:2028E00000902A480178BDF8020061F30710ADF80200BDF8020040F00100BDF8021060F392
:202900000301ADF802102048C07800EB8000204901EB8000009941601B49C97801EB8101CF
:202920001B4A206842F82100207A1749C97801EB810102EB81010872607A1349C97801EB5A
:20294000810102EB81014872A07A0F49C97801EB810102EB81018872A27A0B49C97801EBA5
:2029600081010B4B03EB810101F10B0004F10B01FFF73BFC0448C078642804DA0248C07874
:20298000401C0149C87038BDA84900205B040020BC51002010B504460748007C08B9606844
:2029A00020B906A0616801F0FFFA10BD2146094802F004F900BFF8E78C59002043414E20DC
:2029C000312074782064697361626C652025780D0A0000000068004070B505460E46002462
:2029E00000BF0DE0621C02EB820205EB820104EB840205EB82001422FFF7F7FB601CC4B2D2
:202A0000701EA042EEDC70BD00B589B04FF4C06002F070FD06A9002002F078F901A90120A2
:202A200002F074F9414801F029FF414801F026FF40F2197002F05EFD40F21A7002F05AFDE9
:202A40004FF40063032248213A4802F083FB4FF4805303221821374802F07CFB4FF48053DE
:202A600003224821344802F075FB4FF4005303221821314802F06EFB00208DF81C008DF8DC
:202A80001D008DF81E008DF81F008DF820008DF821008DF818008DF819000D208DF81A0080
:202AA00002208DF81B000C20ADF8220006A91F4801F07CFF06A91E4801F078FF0020ADF89D
:202AC0000E00ADF810000120ADF812000020ADF80400ADF80600ADF80800ADF80A00ADF8E6
:202AE0000C0001208DF8140001A801F0D7FE0F20ADF80E0001A801F0D1FE02210B4801F0EF
:202B0000E6FF02210A4801F0E2FF0C49032002F0FDF800221146142002F0CAFB012211464C
:202B2000402002F0C5FB09B000BD0000006400400068004000080140000C01406C0400209B
:202B400010B52249002000F0F3F82149012000F0EFF82048007838B91E48007C20B94EF618
:202B60006021092001F09EF800F074FC1A498969401A0A2829D300F06DFC174988610846F7
:202B8000C278817815A001F00FFA1348807860B11748FFF7FFFE104881781548FFF71CFFDE
:202BA0000D488078401E0C4988700B48C07860B11048FFF769FE0848C1780E48FFF70CFFEC
:202BC0000548C078401E0449C87010BD00640040006800408C590020A84900202D63616EFF
:202BE000302025642D63616E312025640D0A0000EC490020BC51002010B50020394908704B
:202C0000394908703949087039480021016041603848016041603848016041603748016038
:202C2000416037480160416036480160416036480160416035480160416035480160416074
:202C400034480160416001604160016041600160416001604160016041602F480160416073
:202C60002E48016041601C212D48FFF7D7FA2D480021016041608160C160016141618161E3
:202C8000C1610020284908708021284802F0B8FA28B92548007840F0010023490870402118
:202CA000224802F0ADFA28B91F48007840F002001D49087020211D4802F0A2FA28B91A48CA
:202CC000007840F00400184908701021174802F097FA28B91448007840F00800124908709C
:202CE00010BD0000C0030020C1030020C2030020C3030020CB030020D3030020DB03002093
:202D0000E3030020EB030020F3030020FB030020030400202B0400203B040020430400202F
:202D2000A84900208C5900205B04002000080140F8B504460D46AC4800EB04104078022896
:202D400002D14FF47A7000E064200646022C00DBF8BDA54800EB0410407810B300F07AFB39
:202D6000A14901EB04114968401AB04219D3A86900F00400A8B900F06DFB07469A4800EBA7
:202D8000041000963A462146436898A001F00CF90020954901EB04110870934901EB041175
:202DA0004870A86900F0040000285ED000F052FB8D4901EB04114968401AB04255D3A868B7
:202DC00092490843A860286840F001002860286820F001002860844800EB04108089B0F5DA
:202DE0007A7F08DA804800EB04108089401C7E4901EB0411888101207B4901EB041108709D
:202E0000794800EB04108089052817DB00F022FB754901EB041148600220734901EB041177
:202E2000487000F017FB07466F4800EB041083893A46214676A001F0B7F816E000F00AFB41
:202E4000694901EB041148600120674901EB0411487000F0FFFA0746634800EB04108389A1
:202E60003A46214671A001F09FF8A86900F0700028B17648006800F07000302815D1A869B3
:202E800000F0040088B9584800EB0410808960B10020554901EB0411888100F0DBFA07466A
:202EA0003A4621466AA001F07FF8A86900F0700030286CD14C4800EB04104078002866D109
:202EC000494800EB0410807820B1012816D002285CD139E000F0BEFA434901EB04118860FD
:202EE0000120414901EB0411887000F0B3FA07463A4621465EA001F057F847E000F0AAFA64
:202F0000394901EB04118968401A64281BD300F0A1FA354901EB041188600220324901EBEE
:202F200004118870A86839490843A86001202E4901EB0411087000F08DFA07463A462146E3
:202F400052A001F031F821E000F084FA264901EB04118968401A962817D300F07BFA2249C3
:202F600001EB0411886001201F4901EB0411887000F070FA07463A4621464CA001F014F86F
:202F80000020194901EB0411087000BF29E00020154901EB0411887000F05CFA124901EB6A
:202FA00004118860104800EB0410407820B900200D4901EB0411087000F04CFA434951F832
:202FC0002410401A0A280CD900F044FA07463A4621463FA000F0E8FF00F03CFA3B4941F851
:202FE000240000BFB4E600008C5900202D63616E202564204255534F46465F434C4F53458D
:203000002025642025642025640D0A00808080002D63616E2025642D4255534F46465F5372
:203020004C4F572025642025640D0A002D63616E2025642D4255534F46465F515549434B5F
:203040002025642025640D0A00000000186400402D63616E2025642D4255534F46465F43AF
:203060004C4541525F4E4F4E452025640D0A00002D63616E202564202D4D4953535F414369
:203080004B5F4E4F4E452025640D0A002D63616E202564202D4D4953535F41434B5F5449DB
:2030A0004D454F55542025640D0A00002D63616E202564202D4D4953535F41434B5F524511
:2030C000434F564552592025640D0A005C0400202D63616E2025642D6E6F6E652025640D3D
:2030E0000A000000012001490870704771010020704701B5BDF8000000EBC00101EB0010D0
:203100004FF6FF7101EAC000009004E0BDF80000401E80B20090BDF800000028F6D108BD9D
:203120000148D0F8F0017047940500200348D0F8EC014FF47A7148437047000094050020F4
:203140000748D0F8C80148B10548D0F8C801C0EB001080004FF47A71484370470148FCE7E1
:2031600094050020E093040010B5012001F03EFF28B1012000F054F9012001F031FF10BDC5
:203180001A488078C0B91948407850B91748C07818B900201649C87026E040201449C87020
:2031A00022E01248C07818B920201149C8701BE060200F49C87017E00C48407850B90B486E
:2031C000C07818B910200A49C8700DE050200849C87009E00548C07818B930200449C87031
:2031E00002E070200249C870704700009C490020B303002010B54FF4C06002F07BF94FF477
:20320000A06002F0ABF802221146062002F050F80021012001F052FF01220021104601F02F
:2032200081FE012001F0DCFE10BD00000148007870470000F501002001200149087070472E
:20324000F601002010B540F2026002F053F940F2036002F04FF940F2046002F04BF940F2F3
:20326000056002F047F94FF4005301221421694801F070FF4FF4804301221421654801F0BC
:2032800069FF4FF4004301221421624801F062FF01231A461021604801F05CFF02230122FB
:2032A00010215D4801F056FF0423012210215B4801F050FF802301221021564801F04AFFC5
:2032C0004FF4807301221021524801F043FF4FF4004301221021504801F03CFF4FF48073C3
:2032E000012210214C4801F035FF102301221946494801F02FFF202301221021464801F046
:2033000029FF802301221021434801F023FF402301221021404801F01DFF012280213D485B
:2033200001F0C6FE012211023A4801F0C1FE00220221394801F0BCFE00220421374801F048
:20334000B7FE402301221421344801F003FF802301221421314801F0FDFE4FF48043012205
:2033600048212E4801F0F6FE4FF4004301224821294801F0EFFE202301224821254801F0FB
:20338000E9FE01231A464821244801F0E3FE022301221021204801F0DDFE4FF400530122B5
:2033A00010211E4801F0D6FE012211021A4801F07FFE802301224821174801F0CBFE402300
:2033C00001224821144801F0C5FE202301224821114801F0BFFE1023012248210E4801F075
:2033E000B9FE1023012219460A4801F0B3FE022301221021094801F0ADFE00221021054867
:2034000001F056FE00220221044801F051FEFFF7F1FE10BD0010014000080140000C0140FD
:2034200010B50446012C0FD10A20FFF762FE2021064801F0E5FE012803D1042004490870A7
:2034400002E003200249087010BD000000100140050200200148006870470000A80300202C
:2034600010B54F480068401C4D490860002493E004EB44004B4901EB8000406840680028EC
:2034800060D004EB440001EB80004068007800F00100002856D004EB440001EB8000408897
:2034A00001284FD104EB440001EB800040684068401E04EB44013B4A02EB810149684860F5
:2034C00004EB4400114601EB800040684068C8BB04EB440001EB80004068007820F0F8005C
:2034E000083004EB440102EB81014968087004EB4400114601EB800040680078C0F34000BF
:2035000068B904EB440001EB80004068007820F0010004EB440102EB81014968087004EBFF
:203520004400204901EB8000806858B104EB44020B4603EB8202506804EB440203EB82022A
:203540009168884704EB4400164901EB80004068007800F00100E8B104EB440001EB80005C
:203560004088B8B904EB440031F82000082811D104EB440001EB8000806858B104EB4402BF
:203580000B4603EB8202506804EB440203EB820291688847601CC4B2162CFFF469AF10BD35
:2035A000A8030020405A000800BFFEE70348007808B1012070470020FCE70000FA01002088
:2035C00001490870704700000602002000BFFEE70349C97860F34101014AD1707047000041
:2035E000070200200248C078C0F34000704700000702002001200149087070470B02002086
:2036000000B502460648C07862F300000449C8700846C07820F0FC00C870FFF7EBFF00BDE6
:203620000702002000B50D48C0780621B1EB900F0BDD0A48C078012101EB90000749C9781C
:2036400060F387010548C17005E00448C07820F0FC000249C870FFF7CDFF00BD0702002071
:203660000149087070470000F10100207047000010B5002807DA0A07140E054A00F00F03B6
:203680001B1FD45403E00A07130E024A135410BD18ED00E000E400E00120014908707047F0
:2036A0001B020020704700000220014908707047940200207047000010B501221146024885
:2036C00001F0F6FC10BD00000010014010B500220121024801F0ECFC10BD0000001001409F
:2036E0000020002100BF04E0044A125C5140421CD0B20B28F8D3014AD1727047B3030020A0
:2037000010B501F087FBFFF7ABFE10BD08B53148006840F001002F49086000BF2D480068BA
:2037200000F002000028F9D000BF2A48406840F08000284948600020009002E00098401C7E
:20374000009000985028F9D32248406840F09000204948600020009002E00098401C009004
:2037600000985028F9D300BF1A48406820F003001849486008460068174908401549086064
:2037800008464068154908401249486008460068114908400F4908600846006820F4802008
:2037A0000860084640680E4908400A4948600020C862084600680B490840064908604FF47B
:2037C0007F00886001F0F0FF4FF40051880301F0CFFD08BD00100240FFFFF6FE0C00FFE0D2
:2037E000FFFF00DFFFFFF6EA10B50121880702F00AF801280CD101F019FB0648007818B10A
:203800000548007801F0A6FE0121880701F0F8FF10BD0000B3030020BF0300204FF47A7102
:203820004160704710B50446207820F001002070002240210B4801F03BFC0120FFF7E0FEF5
:203840000948007820F00100401C074908704FF4FA6048600846007820F00200801C087039
:2038600010BD000000080140300300207047000010B504460020FFF7A3FE00200149087080
:2038800010BD00001A02002010B50446FFF74EFC6060FFF7CBFC28B1FFF742FC10B1052060
:2038A000FFF7DEFE10BD10B504464FF4FA606060FFF7B8FE10BD70B504464FF4C8706060DA
:2038C000FFF790FE08B9012000E000200546FFF77FFEFFF78FFE70BD10B504464FF4FA6068
:2038E0006060FEF74DFF10BD10B5044664206060FEF76AFF10BD10B50446FFF721FC60609A
:20390000FFF7D2FEFFF798FC4FF4FA6000F002F810BD000006494860097821F00101491C13
:20392000034A11701146097821F0F801117070474003002010B5B448007820F00100401C96
:20394000B14908700846007820F00200801C0870FFF7F6FBAC4948600846007820F0F800B7
:203960000870AA48007820F00100A84908700846007820F00200087000204860084600780D
:2039800020F0F8000870A248007820F00100401C9F4908700846007820F00200801C08708C
:2039A000642048600846007820F00200801C08700846007820F0F80008709648007820F043
:2039C0000100401C934908700846007820F00200801C0870642048600846007820F0F80050
:2039E00008708D48007820F00100401C8A4908700846007820F00200801C08706420486032
:203A00000846007820F0F80008708448007820F00100401C814908700846007820F0020095
:203A2000801C08704FF47A7048600846007820F0F80008707A48007820F00100401C7849EF
:203A400008700846007820F0020008704EF6602048600846007820F0F800087071480078BB
:203A600020F001006F4908700846007820F002000870002048600846007820F0F8000870A7
:203A80006948007820F00100674908700846007820F002000870002048600846007820F0D6
:203AA000F80008706148007820F001005F4908700846007820F002000870002048600846DE
:203AC000007820F0F80008705948007820F00100401C574908700846007820F00200801CDC
:203AE0000870642048600846007820F0F80008705048007820F001004E49087008460078E6
:203B000020F00200087047F2305048600846007820F0F80008704848007820F001004649CC
:203B200008700846007820F00200087042F2107048600846007820F0F80008703F4800781C
:203B400020F001003D4908700846007820F00200087042F2107048600846007820F0F800DC
:203B600008703748007820F00100354908700846007820F002000870324848600846007897
:203B800020F0F80008703048007820F00100401C2D4908700846007820F00200087043F6D1
:203BA000982048600846007820F0F80008702748007820F00100401C244908700846007860
:203BC00020F00200801C0870FFF7B0FA1F4948600846007820F0F80008701D48007820F0DC
:203BE0000100401C1A4908700846007820F00200801C08704FF47A7048600846007820F0F6
:203C0000F800087010BD0000F8020020380300200803002010030020180300202003002016
:203C20005803002028030020300300205003002060030020680300207003002078030020BC
:203C400088030020A0BB0D009003002098030020A003002010B50446207800F0010050B187
:203C6000FFF7A4FC38B14FF6FF716068884202D26068401C606010BD10B504464FF47A70BD
:203C80006060FFF709FD10BD10B504464FF47A706060FFF727FAFEF767FD64206060FEF7F6
:203CA00069FD10BD30B50246002000BF2EE000EB4003184C34F82330934225D100EB4003AD
:203CC00004EB83035B681B7823F001035B1C00EB4004104D05EB84046468237000EB4003FA
:203CE0002C4604EB83035B68596000EB400304EB83035B681B7823F0F80300EB400405EB3B
:203D000084046468237003E0431CD8B21628CEDB00BF30BD405A000801490978C808704769
:203D20005803002010B51349134801F044FED8B112480068A8B1104801F0BAFDC1B20F48EB
:203D4000C488601C0D4AD0801046006801551046C08811468988884206DB00201146C88070
:203D600002E0054801F0A4FD0549034801F023FE10BD000005030500004C00401800002039
:203D80000703070010B51349134801F014FED8B112480068A8B1104801F08AFDC1B20F4855
:203DA000C488601C0D4AD0801046006801551046C08811468988884206DB00201146C88010
:203DC00002E0054801F074FD0549034801F0F3FD10BD00000503050000500040200000202E
:203DE0000703070010B51149114801F0E4FDB8B110480068A0B10E4801F05AFDC1B20D4888
:203E0000C488601C0B4AD0801046006801551046C08811468988884202DB00201146C880B5
:203E20000549034801F0C7FD10BD00000503050000380140000000200703070010B513498F
:203E4000134801F0B8FDD8B112480068A8B1104801F02EFDC1B20F48C488601C0D4AD08010
:203E60001046006801551046C08811468988884206DB00201146C88002E0054801F018FD89
:203E80000549034801F097FD10BD00000503050000440040080000200703070010B513494C
:203EA000134801F088FDD8B112480068A8B1104801F0FEFCC1B20F48C488601C0D4AD08011
:203EC0001046006801551046C08811468988884206DB00201146C88002E0054801F0E8FC5A
:203EE0000549034801F067FD10BD00000503050000480040100000200703070010B500224A
:203F00001146262001F0D4F940F2026001F0F2FA40F2117001F0EEFA042303221821074875
:203F200001F018F9082303220421044801F012F94FF4E131024800F005F810BD0008014020
:203F40000044004070B504460D46204601F0BAFC2946204601F064FC0021204601F067FD0C
:203F60000021204601F053FD0021204601F03FFD0021204601F00AFD0021204601F0FEFCD4
:203F80000421204601F03BFD0821204601F047FD204601F0DFFC0249204601F0FFFC70BDAD
:203FA0000503050000BFFEE70FB4054B10B503A9044A029800F0CAF810BC5DF814FB000002
:203FC000055000086804002002E008C8121F08C1002AFAD170477047002001E001C1121FF5
:203FE000002AFBD1704700002DE9FF5FDDE90220010DDDF838B0024318D044F61050A1F293
:20400000FF3141430D140F98012820D0A5EB0B00401C5FEA000A4FF00004474EDFF81C9165
:20402000A046504616D5CAF1000728E00F98012443A2012808D0002100980F9BC0E9002170
:20404000C0E90243BDE8FF9F6FEA0B01F4E7CBF10000DEE7074612E0F80707D02246334678
:2040600040464946FEF78CF9804689462246334610461946FEF784F904460E467F10002FB8
:20408000EAD1DDE90201BAF1000F42464B4602DAFEF776F901E0FEF7E5F904460E46002215
:2040A000284BFEF70BFB03D84FF0FF30014607E00022254B20463146FEF7BBF8FEF7E5FA30
:2040C000102409E0002C0ADB0A220023FEF75CF8019B30321A55641E50EA0102F2D1641CAB
:2040E000019AC4F1110314440F9A012A03D0012208430DD10AE0084304D000204FF0110B8D
:204100000F9080E7A3EB0B056D1E0DE05B4504DD4FF0000205F1010504E003DA4FF00002C3
:20412000A5F10105002AECD000980F99C0E90231C0E9004586E70000000024400000F03FF3
:20414000300000000000F0430000E03F2DE9FF4F95B09B468946064600250FE2252877D18D
:2041600000242746F84A0121059400E0044316F8013F203B01FA03F01042F7D130782A28DF
:2041800011D06FF02F033078A0F13002092A16D8059A44F0020402EB820203EB4202104451
:2041A000761C0590EFE759F8042B0592002A03DA504244F40054059044F00204761C3078BD
:2041C0002E2816D116F8010F44F004042A280DD06FF02F023078A0F13003092B09D807EB16
:2041E000870302EB4303C718761CF3E759F8047B761C30786C280FD006DC4C2817D068286D
:204200000DD06A2814D104E0742810D07A280FD10DE044F400140AE044F4801401E044F460
:2042200040147278824202D104F58014761C761C307866280BD013DC582877D009DC002824
:2042400075D04528F6D04628F4D047281AD19DE118E0632835D0642879D0652812D195E199
:20426000702873D008DC6728F1D069286FD06E280DD06F2806D1B5E073282CD0752875D070
:20428000782874D05A46179990476D1C75E1C4F30250022809D003280DD0D9F80010042813
:2042A0000DD00D6009F1040967E1D9F80010EA17C1E90052F6E7D9F800100D80F2E70D70E6
:2042C000F0E719F8041B8DF8001000208DF80100EA46012003E059F804AB4FF0FF30610792
:2042E0004FF0000102D40DE008F101018846B9420FDA8045F8DB1AF808100029F4D108E076
:2043000008F1010188468142FADB1AF808100029F6D105985B46A0EB080721463846179AB4
:2043200000F094FA284400EB080507E04DE029E10DE01AF8010B5A4617999047B8F1010899
:20434000F7D25B4621463846179A13E142E00A220092C4F302524FF0000A022A08D059F8E0
:2043600004CB032A4FEAEC710AD00DE029E02AE009F1070121F00702F2E802C1914609E058
:204380000FFA8CFC4FEAEC71042A03D14FFA8CFC4FEAEC71002907DA0A460021DCF1000C39
:2043A00061EB02012D2202E0220504D52B228DF80420012203E0E20701D02022F7E79046D1
:2043C00059E00A2102E010220DE010214FF0000A00910BE010224FF0000A44F0040408279C
:2043E000009203E008224FF0000A0092C4F30252022A05D059F804CB0021032A08D009E008
:2044000009F1070121F00702F2E802C1914605E01FFA8CFC042A01D10CF0FF0C4FF0000838
:20442000220728D5702806D0009B83F0100353EA0A0305D00EE040228DF80420012208E0A4
:204440005CEA010206D030228DF804208DF8050002229046009B83F0080353EA0A030AD180
:204460005CEA010201D1620705D530228DF804204FF001087F1E582804D034A003900EA88D
:2044800002900DE036A0F9E753466046009AFDF77BFE84460398825C0298401E0290027062
:2044A0005CEA0100F0D1029806A9081A00F1200A600702D524F4803400E00127574502DDE1
:2044C000A7EB0A0000E0002000EB0A01009005984144401A0590E00306D45B462146179A33
:2044E000059800F0B3F90544002706E001A85A46C05D179990476D1C7F1C4745F6DBE003DC
:204500000CD55B462146179A059800F09FF9054404E030205A46179990476D1C0099481EB0
:2045200000900029F5DC08E0029802995A460078491C0291179990476D1CBAF10001AAF16D
:20454000010AF1DC65E10000092801003031323334353637383961626364656600000000A9
:20456000303132333435363738394142434445460000000000F058F90544761C30780028AD
:204580007FF4ECAD19B02846BDE8F08F620700D4062709F1070222F0070CFCE80223E146F2
:2045A00003F000485FEA080C02D00FF2702C0DE05FEA045C02D50FF2682C07E05FEAC47C82
:2045C00002D00FF2602C01E0AFF2700C4FF0FF3823F00043CDF850C065280CD006DC452825
:2045E00009D046281DD047283DD13DE0662818D067287ED138E00021112F01DB112000E033
:20460000781CCDE9000106A90EA8FFF7EDFCDDE90F010E9A03910021009207F1010A0491AE
:204620004DE04FF000400097CDE9011006A90EA8FFF7DAFCDDE90F0203920E9B119900225E
:20464000DDF80CA00093049211B9791C00EB010AB7EB0A0004D4C0F1FF3007F1010A049060
:20466000AAEB0700019044E0012F00DA01270021112F01DD112000E03846CDE9000106A983
:204680000EA8FFF7B1FCDDE90F010E9A0391002104910092BA4621070CD40399514500DA53
:2046A0008A46BAF1010F05DD009AAAF10101515C302908D0B84202DA10F1040F06DA01218C
:2046C000CDE9011015E0AAF10101E9E7002805DC049901440491AAEB000102E0411C5145C6
:2046E00000DD8A460499401A401C01904FF000400290200704D40198504501DBCDF80480C6
:2047000000208DF84F0002980DF14F07B0F1004F25D02B200E9002984FF0020800280CDAF8
:20472000404202902D200E9007E00A210298FDF708FF3031029007F8011DB8F10001A8F180
:204740000108F2DC02980028EFD1791E0E980870307800F0200040F0450007F8020D12A856
:20476000C01B00F107081498007800B1012000EB0A01019801EBE07105984144401A401EC2
:204780000590E00306D45B462146179A059800F05DF805441498007818B15A4617999047CF
:2047A0006D1CE00324D55B462146179A059800F04DF805441CE00498002807DBDDE9030154
:2047C000884203DD0098405C179901E0179930205A469047049805F10105401C04900198D2
:2047E000401E019004D12E205A46179990476D1CBAF10001AAF1010ADDDC05E017F8010BEC
:204800005A46179990476D1CB8F10001A8F10108F4DC5B462146179A0598ABE62D000000B8
:204820002B000000200000002DE9F041044600251E461746880404D405E039462020B047B7
:204840006D1C641EF9D52846BDE8F0812DE9F041044600251E469046C80301D5302700E033
:204860002027880404D505E041463846B0476D1C641EF9D52846BDE8F081000010B504463F
:204880000548844207D140F2194000F053FE40F2194000F03FFE10BD0064004010B5002152
:2048A000837A012202FA03F13E4A126842F001023C4B1A603B4A1C3212688A43394B1C33C3
:2048C0001A60C289DAB9374A0C3212688A43354B0C331A60C288344B03EA024243881A431F
:2048E0004389304C403444F8332082882E4B03EA024203881A43438904EBC3035A60C2894B
:20490000012A1BD1274A0C3212680A43254B0C331A600288244B03EA024243881A434389C3
:20492000204C403444F8332082881F4B03EA0242C3881A43438904EBC3035A6082893AB982
:20494000184A121D12688A43164B1B1D1A6006E0144A121D12680A43124B1B1D1A60028998
:204960003AB9104A143212688A430E4B14331A6006E00C4A143212680A430A4B14331A60E4
:20498000027C012A06D1074A1C3212680A43054B1C331A60034A126822F00102014B1A6076
:2049A00010BD0000006600400000FFFF70B502464FF6FF730020146824F0020414601468BC
:2049C00044F00104146000E05B1E546804F001040CB9002BF8D1546804F001040CB90020C9
:2049E00074E00C784FF0404505EA84744D784FF0407606EA05652C438D784FF4702606EAE3
:204A000005452C43CD784FF4E00606EA05552C434D896D1EC5F309052C43D4610C79012C39
:204A200004D1146844F08004146003E0146824F0800414604C79012C04D1146844F04004D3
:204A4000146003E0146824F0400414608C79012C04D1146844F02004146003E0146824F0F5
:204A600020041460CC79012C04D1146824F01004146003E0146844F0100414600C7A012C71
:204A800004D1146824F00804146003E0146844F0080414604C7A012C04D1146844F004049E
:204AA000146003E0146824F004041460146824F0010414604FF6FF7300E05B1E546804F0CA
:204AC00001040CB1002BF8D103B1012070BD42690A434261704710B500F5D87303EB0113C5
:204AE0001B6803F004031372137A3BB900F5D87303EB01131B685B0D136006E000F5D8736D
:204B000003EB01131B68DB08536000F5D87303EB01131B6803F00203537200F5DA7303EBC8
:204B200001131B681B0AD37400F5DA7303EB01131B6803F00F03937200F5DC7303EB01135B
:204B40001B68D37200F5DC7303EB01131B681C0A147300F5DC7303EB01131B681C0C54735F
:204B600000F5DC7303EB01131B681C0E947300F5DE7303EB01131B68D37300F5DE7303EBF6
:204B800001131B681C0A147400F5DE7303EB01131B681C0C547400F5DE7303EB01131B684A
:204BA0001C0E947421B9C36843F02003C36003E0036943F02003036110BD000030B5024642
:204BC0000B460021906800F08060B0F1806F00D110E0906800F00060B0F1006F01D10121FE
:204BE00008E0906800F08050B0F1805F01D1022100E00321032901D1032030BD02F5C07067
:204C000000EB0110006800F0010402F5C07000EB01100460187A88B918883B4C04EA40503C
:204C20005C7A204302F5C07404EB01142468204302F5C07404EB0114206013E06FF0070411
:204C4000586804EAC0001C7A20435C7A204302F5C07404EB01142468204302F5C07404EB7C
:204C60000114206002F5C27000EB0110006820F00F0402F5C27000EB0110046002F5C2703D
:204C800000EB011000689C7A204302F5C27404EB01142060987B4FF07F4404EA00605C7B4C
:204CA0004FF47F0505EA044420431C7B2D1205EA04242043DC7A204302F5C47404EB011457
:204CC0002060987C2C0404EA00605C7C2D0205EA044420431C7C2D1205EA04242043DC7B79
:204CE000204302F5C67404EB0114206002F5C07000EB0110006840F0010402F5C07000EBCA
:204D000001100460084678E70000E0FF10B5024632B1012A16D0022A20D0032A41D12EE028
:204D200000234B71CB718B7140F2FF334B8100230B724B7002238B700023CB700B714B721A
:204D40000B7030E00123CB8100230B740B810B804B808B80CB808B814B8124E0002005E09D
:204D6000002401F10B031C54431CD8B20828F7D300238B724B600B724B720B6013E0002039
:204D800005E0002401F10B031C54431CD8B20828F7D300238B724B600B72CB744B720B6008
:204DA00001E000BFFEE700BF10BD000017480078A8B91648C079012804D0022806D00328EB
:204DC0000CD107E001201249087107E002201049087103E003200E49087100BF15E00B4862
:204DE000C079012804D0022806D003280CD107E021200749087107E022200549087103E0B1
:204E000023200349087100BF00BF70479C490020B30300200448006820B103480068401EE4
:204E200001490860704700002C00002000B5FEF7A7F9FFF7BBFF00F061F800F055F800F04D
:204E400067F800F005F800F031F8FEF749FC00BD14488079D0B91348407958B91148007A20
:204E6000142803DC0420104988701AE000200E49887016E00B48007A142803DC0C200A49DC
:204E800088700EE00820084988700AE00548007A142803DC05200449887002E00120024937
:204EA000887070479C490020B30300200C48407870B90B48807858B90948C07840B9084805
:204EC000007928B90648407910B90548007818B100200449487102E0012002494871704736
:204EE0009C490020B30300200248007A02494872704700009C490020B303002002480079B9
:204F000002490872704700009C490020B30300200248407A02498872704700009C49002035
:204F2000B303002010B52D4B1B6883432B4C2360231D1B688343241D2360231D1B68834345
:204F4000241D2360231D1B688343241D236011B101290ED105E0214B1B6803431F4C23606D
:204F600008E01E4B1B1D1B6803431C4C241D236000E000BF00BF32B1012A11D0022A1CD04E
:204F8000032A27D127E0154B08331B680343134C08342360231D1B688343241D23601BE01B
:204FA0000E4B08331B6883430C4C08342360231D1B680343241D23600EE0084B08331B6831
:204FC0000343064C08342360231D1B680343241D236001E000BF00BF00BF10BD000401407D
:204FE000014908607047000014040140014604480068084008B1012070470020FCE7000018
:205000001404014070B504460D46E1B2054800F054FC00BF0721034800F0A1FC0028F9D0A5
:20502000204670BD0044004030B502460B46164C002145F25550154D286000BF1348C06850
:2050400000F00101601E041E01D00029F6D109B1002030BD0D4843600B4C00BF0B48C068AD
:2050600000F00201601E041E01D00029F6D109B10020EEE7C2F30B00044DA8604AF6AA200A
:2050800028600120E5E70000FFFF0F00003000404AF6AA200149086070470000003000403B
:2050A0004CF6CC400149086070470000003000400AB1016100E041617047000010B500228C
:2050C0008B071C0F0F2303FA04F204290EDA204B9B6893431E4CA36023469B688C07240FF6
:2050E00000FA04F423431A4CA3602FE008290EDA174BDB689343164CE3602346DB688C0768
:20510000240F00FA04F42343114CE3601EE00C290EDA0F4B1B6993430D4C236123461B69CB
:205120008C07240F00FA04F42343094C23610DE0074B5B699343064C636123465B698C07C9
:20514000240F00FA04F42343014C636110BD000000000140F0B5044616460025002201F022
:205160000F0501F0100707B1354300201EE0012787401F40C7B122684FEA800C0F2707FA79
:205180000CF7BA43870005FA07F73A43282904D1012787401F40676105E0482903D1012780
:2051A00087401F4027612260471CB8B20828DED3082022E0012787401F40E7B16268A0F1A6
:2051C00008074FEA870C0F2707FA0CF7BA43A0F10807BF0005FA07F73A43282904D1012796
:2051E00087401F40676105E0482903D1012787401F4027616260471CB8B21028DAD3F0BDA0
:2052000002469068084008B1012070470020FCE7A020014908807047AC030020FEF712F85B
:20522000FEF76CFEFFF7F4FF06214CF25030FFF7FBFEFFF735FF00F0BBFAFEF77BFBFDF724
:20524000E3FBFDF7D9FC10A0FEF7AEFE1BE0FFF71FFFFDF775FCFEF75FFDA0B10EA0FEF79D
:20526000A3FE71B600BFBFF34F8F0F48006800F4E0600E490843001D0B490860BFF34F8F19
:2052800000BF00BFFEE7E2E773797374656D2073746172740D0A000073797374656D2072A1
:2052A000657365740D0A00000CED00E00000FA052DE9F04103460D46164600240027A046DE
:2052C0002448006800F4E060B0F5A06F15D006DCB0F5407F18D0B0F5806F19D110E0B0F5EC
:2052E000C06F06D0B0F5E06F12D100274FF0040815E001274FF0030811E00227B8460EE0F3
:2053000003274FF001080AE004274FF0000806E04FF4A06000F022F80227B84600BF00BFE7
:20532000C7F1040005FA00F4C8F104010F20C8403040044324010848C45403F01F01012051
:2053400088405911890001F1E021C1F80001BDE8F08100000CED00E000E400E002490143A3
:20536000024A1160704700000000FA050CED00E0034A0A400243034B1A60BFF34F8F7047F6
:2053800080FFFF1F08ED00E02DE9F14F8DB000200B9051A090E8004CC068CDE905BECDF832
:2053A00010A007900FF2341ADAE9000ACDE9020A0FF2281ADAE9000ACDE9000A4A484068BE
:2053C000C0F381000C900C9820B1012804D002284DD103E045494CE044494AE042484068BD
:2053E00000F48039B9F5803F26D1404B3E48C06A00F480300A900A98B0F5803F12D13A48B8
:20540000C06AC0F30310401C08903748C06AC0F30320871C112F00D114270898B3FBF0F00C
:2054200000FB07F33048C06A00F00F00401C09900998B3FBF0F300E02D4B2B484068C0F389
:2054400083422948406800F0005008B142F010020F2A01D2921C00E0521C03FB02F10F2AFF
:2054600004D103EB4300400000EB530101E01F4900BF00BF1C484068C0F3031504A8465DBA
:2054800021FA06F418484068C0F3022502A8465D24FA06FC14484068C0F3C2251DF8056090
:2054A00024FA06F80D9830B1012806D0022806D003280AD106E00B9108E00B9406E0CDF891
:2054C0002CC003E0CDF82C8000E000BF00BF0B980EB0BDE8F08F00000000000000000000A9
:2054E00001020304060708090010024000127A0000093D00064A02EB9011096800F01F03FF
:2055000001229A401143024B03EB90121160704700100240064A02EB9011096800F01F0382
:2055200001229A409143024B03EB90121160704700100240064A02EB9011096800F01F03E2
:2055400001229A401143024B03EB9012116070470010024070B50446614862490978405CC3
:2055600061490978084100F0010524B1012C2AD0022C72D1A5E05D480078222805DA5B48E6
:205580000078401C594908700AE058480078222806D1FEF79BF855480078401C53490870ED
:2055A0005248007823280DDB01205149087000204E49087007204C490870002049490870E6
:2055C0004C4908708AE0002D3CD04A48007838B9FEF772F847480078401C464908706FE008
:2055E00044480078012807D1FEF770F841480078401C4049087063E03E48007802285FD150
:20560000FEF764F800203B49087037480078401E40B235490870084690F90000002807DA00
:2056200030480078401C2F49087007202E4908702C48007830490978884241DD02202C49B3
:2056400008704BE02B48007840B9FEF735F829480078401C2749087032E03EE0254800785F
:20566000012807D1FEF728F822480078401C2149087025E01F480078022821D1FEF726F8E1
:2056800000201C49087018480078401E40B216490870084690F90000002807DA114800785D
:2056A000401C1049087007200F4908700D48007811490978884203DD02200D4908700DE097
:2056C0000CE000200A490870FDF7F6FF00200549087007200449087000E000BF00BF70BDAD
:2056E000B3030020B2030020B1030020AE030020BF030020AF030020B00300200020002192
:20570000264A126842F00102244B1A6000BF401C224A126802F0020111B9B0F5A06FF6D146
:205720001E4A126802F002020AB900BFFEE71B4A52681A4B5A601A4652685A601A465268FE
:2057400042F480625A601A465268154B1A40134B5A601A465268134B1A43104B5A601A4641
:20576000126842F080721A6000BF0C4A126802F00072002AF9D0094A526822F00302074BB5
:205780005A601A46526842F002025A6000BF034A526802F00C02082AF9D17047001002407A
:2057A000FFFFC3DF0000282010B5FFF7A7FF10BD10B5124800684FF47A71B0FBF1F4601E10
:2057C000B0F1807F01D301200FE0601E4FF0E02148610F214FF0FF30FDF74AFF00204FF0A4
:2057E000E021886107200861002008B100BFFEE70021481EFDF73CFF10BD000064040020A7
:20580000CA43026170470246D06800EA01031069084010B10BB1012070470020FCE70000DA
:205820002DE9F04704460D460027B846B94600261D49601A8C421CD006DC1C48204470B1CF
:20584000B0F5806F1FD10FE0B0F5806F16D0B0F56C4F18D10320FFF797FD074614E0022002
:20586000FFF792FD07460FE00220FFF78DFD07460AE00220FFF788FD074605E00220FFF7A7
:2058800083FD074600E000BF00BF07EB5500B0FBF5F64FF6F07006EA000806F00F0948EA23
:2058A0000900A060BDE8F087004C004000BCFFBF01464868C0F308007047C1F308024260F4
:2058C0007047000010B504462049601A8C4228D006DC1F48204490B1B0F5806F33D117E0DC
:2058E000B0F5806F26D0B0F56C4F2CD140F20E30FFF720FE40F20E30FFF70CFE24E040F297
:205900001140FFF717FE40F21140FFF703FE1BE040F21240FFF70EFE40F21240FFF7FAFDBF
:2059200012E040F21340FFF705FE40F21340FFF7F1FD09E040F21440FFF7FCFD40F21440AA
:20594000FFF7E8FD00E000BF00BF10BD004C004000BCFFBFC16841F40051C160704710B5EF
:20596000024602EB9110006801F01F040123A340184008B1012010BD0020FCE70A4600215B
:20598000416921F400711143416170470A460021416921F4807111434161704710B5C1F3E3
:2059A0008912825801F01F040123A3401A43C1F38913C25010BD70B5024600230024C1F363
:2059C0008910105801F01F060125B54000EA050302EB91500068C1F304460125B54000EA6A
:2059E000050414B10BB1012070BD0020FCE7C26822F4C062C260C2680A43C26070470A46A8
:205A00000021C16821F004011143C1607047026922F44052026102690A43026170470A4662
:205A20000021C16821F008011143C1607047C26822F48052C260C2680A43C2607047000052
:205A400000000100F8020020F73800080100010008030020E9380008020001001003002068
:205A6000893C00080300010018030020793C00080400010020030020D938000805000100F6
:205A8000380300200000000006000100000300200000000007000100400300200000000016
:205AA0000800000048030020553C00080900010058030020000000000A00010028030020FF
:205AC000253800080B00010030030020A73800080C00010050030020713800080D000100DC
:205AE00060030020B73800080E000100680300206D3800080F000100700300200000000042
:205B0000100001007803002000000000110001008003002000000000120001008803002066
:205B20000000000013000100900300200000000014000100980300208938000815000100EF
:205B4000A00300201D380008685B0008000000206C04000010270008445D00086C04002052
:205B6000445D0000D83F00080132C5E02EC05D0310D8591A57028102100100FF005EBCE2FC
:205B8000613FDD83C29C7E20A3FD1F419DC3217FFCA2401E5F01E3BD3E6082DC237D9FC111
:205BA000421CFEA0E1BF5D0380DE3C62BEE0025CDF81633D7C22C09E1D43A1FF4618FAA4F9
:205BC00027799BC584DA3866E5BB5907DB856739BAE406581947A5FB7826C49A653BD987D1
:205BE000045AB8E6A7F91B45C6987A24F8A6441A99C7257B3A6486D85B05E7B98CD2306EB9
:205C0000EDB3510F4E10F2AC2F7193CD114FADF3702ECC92D38D6F31B2EC0E50AFF1134D90
:205C2000CE90722C6D33D18F0C52B0EE326C8ED0530DEFB1F0AE4C1291CF2D73CA94762878
:205C4000ABF517490856B4EA6937D58B5709EBB536688AD495CB2977F4AA4816E9B7550B50
:205C600088D6346A2B7597C94A14F6A8742AC896154BA9F7B6E80A54D7896B223543016F5F
:205C80003BD5C3083CFF958308160F95C7011012012302041DBB8041330D12031F010209E7
:205CA00060A01B0B1A040B17076CA5C90106220C1C49C901261104370FB00E2A010429059D
:205CC000B912091128023F80880FC56A290EFBBE5D72C3B9B881FBDD1415FACEB3985D1239
:205CE000ACCD5F140911A039081403F70D10080127BD0103F8101F01B4AF010620153B435C
:205D0000CA083C054209081E07C3C80106201117B96F010310011F07510801033028178B64
:205D20000A0106F0020C16029ACB6001B4130B0713086119E812801B1020E701A544F36F10
:205D400006000000550000202DE9F04107460D462846FCF73FFA00F0FF0809A1384600F038
:205D60000DFC044654B1641C22212046FEF70CF8C6B2324621460348FCF7F6F9BDE8F0810F
:205D8000222B0000EE0F00202DE9F04704460D462846FCF71FFAC6B2A0192221FDF7F4FFDA
:205DA000C7B2062F00DB06271448002101608180A1193A46FCF7D8F91148FCF70BFA804639
:205DC0002846FCF707FAC0F180090C48FCF702FAA9EB0000801E80450BD20948FCF7FAF9D9
:205DE000074900EB0108054B2A4606A1404609F085F802F0E5F8BDE8F0870000E8170020F2
:205E00006E0F002025732573222C000070B500252A480078C008B0B12848007820F0F8001A
:205E20002649087008464078401C487008464078142808DA22480078FEF754F8002142F2C5
:205E4000107008F0B5FA1F48C0881F4908601F4804682DE0601E1E49085C0D2804D108461B
:205E6000005D0A2800D13CB91948005D3E2803D01748005D7D281AD10A2004F083FC601C71
:205E800012490968401A1349086011480F4A1268811811A009F022F80D490C4A12688818C9
:205EA00007490978FEF756FB601C08490860641C054800688442CDD370BD0000D4040020D6
:205EC00054000020080000205800002060000020600700205C00002047534D3A2573000072
:205EE0002DE9F04FA3B081460E46802103A8FCF754F90024A046A24675A14846FCF758F979
:205F00008046B8F1000F1BD0802103A8FCF745F9092270A103A8FCF727F916B103A803F03C
:205F2000EBFA00206E49C1F8F80150216D48FCF734F90DF113020721012003F011FBC3E0AF
:205F40000025002700206649C1F8F80150216548FCF723F964A14846FCF72AF9824600BF17
:205F600035E000272DE000200190029001AA3946284603F09BF810B301A90AF10700FCF715
:205F800017F98046B8F1000F19D001A95548FCF70FF9A0B95248D0F8F80114280FD25048DF
:205FA000D0F8F811D0F8F801401C4D4A01EB4101C2F8F8014B4800EB410001990160781C2D
:205FC000C7B24B48405DB842CDDC681CC5B2052DC7DB802103A8FCF7E0F846A103C9CDE926
:205FE00003013F48D0F8F80130B3002418E003A8FCF7F0F803A900EB010B04EB4401394878
:2060000000EB41023EA1584608F078FF03A8FCF7E1F803A908443CA109780170601CC4B236
:206020002F48D0F8F801A042E1D803A8FCF7D2F8401E03A900220A5403A8FCF7CBF803A98E
:20604000084426A109780170802103A8FCF7A5F85B208DF80C00002415E003A8FCF7BAF8EA
:2060600018280ED203A8FCF7B5F803A900EB010B04EB44011B4800EB410224A1584608F0F2
:206080003DFF601CC4B21648D0F8F801A042E4D81348D0F8F80138B103A8FCF79BF8401E81
:2060A00003A95D220A5405E003A8FCF793F803A95D220A5403AA0721012003F051FA16B1C5
:2060C00003A803F0E7F900BF23B0BDE8F08F00005B5D00002272616D6C223A5B5D000000F2
:2060E00000170020FC1800202272616D6C223A00EC3401082272616D6C223A5B000000005D
:2061000022257322000000002C000000222573222C00000070B504462046FCF75BF885B21D
:206120002946204608F0CAFD03A008F0D7FE214603A008F0D3FE70BD4D43553A000000003C
:20614000257300002DE9F04F93B0804689460020049003900290019000907EA14046FCF7E8
:2061600027F808B1012002904846FCF733F8C0B21290129908EB01002321FDF705FEC0B288
:206180001190202105A8FCF708F8129808EB000405A8109000270EE0E05D202809D0E15DDE
:2061A000109801701098401C10900198401CC0B20190781C87B211988742EDDB6848FCF780
:2061C00009F882464846FCF705F8C0F1800B05A8FCF700F8ABEB0000801E82450DD2029830
:2061E00058B95F48FBF7F6FF5D4900EB010A05AB4A465CA1504608F081FE019814280FDA5C
:20620000029868B95648FBF7E5FF55490844A0F1010A56A1504608F071FE13B0BDE8F08FEE
:206220000198142806DA5748407820F00200801C544948700DF11E0000F0CCF90646002012
:206240008DF81E0005A800F0C5F90546202105A8FBF7A3FFC5208DF821006A208DF82200B7
:2062600029208DF823000E208DF82400FA208DF82500300E8DF82900300C8DF82800300A83
:206280008DF82700F0B28DF82600280E8DF82D00280C8DF82C00280A8DF82B00E8B28DF837
:2062A0002A000DF12104207B8DF83700E07A8DF83600A07A8DF83500607A8DF83400207A24
:2062C0008DF83B00E0798DF83A00A0798DF8390060798DF838002C48DDE90D12C0E9141251
:2062E00006F090FC29480078012810D11C48FBF771FF7A2821D21A48FBF76CFF1849084462
:2063000023A10A6840F8012C0979C17015E01F480078022811D11248FBF75CFF7A280CD228
:206320000F48FBF757FF0E4908441BA10A6840F8012D8A888280897981711448007800901B
:206340006A460C21022003F00BF901F039FE00BF63E700002F636D642F636F6465000000E9
:206360006E0F002025732573222C00006973206E6F7420636F727265637420666F726D616E
:20638000742E20003A020020D8800020B40300202075736522000000206572726F72220095
:2063A0002DE9F04704460D462846FBF713FFC6B2A0192221FDF7E8FCC7B2082F00DB08277B
:2063C000154800218160C160A1193A460830FBF7CBFE1248FBF7FEFE80462846FBF7FAFEAA
:2063E000C0F180090C480830FBF7F4FEA9EB0000801E80450CD20948FBF7ECFE074900EBB6
:206400000108054B08332A4605A1404608F076FD01F0D6FDBDE8F0870E1800206E0F00201E
:2064200025732573222C000070B51648FBF7D2FE0446224613491448FBF796FE3C211348F1
:20644000FBF7ABFE1248FBF7C5FE0446224610490E48FBF789FE0C48FBF7BCFE05460B481A
:20646000FBF7B8FE094944182A4607492046FBF77BFE0648FBF7AEFE0449084405A1098879
:20648000018070BDD88000201A100020D61000202C2E01082F23000070B5A2B0044680216F
:2064A00002A8FBF77AFE14212A48FBF776FE2A48FBF790FE05462A4627492648FBF754FEEC
:2064C00080212648FBF769FE2548FBF783FEB0B12348FBF77FFE282811D22248204B224AC5
:2064E00022A1009002A808F009FD02A8FBF772FE05462A4602A91948FBF736FE0EE0194B56
:20650000194A1CA102A808F0F9FC02A8FBF762FE05462A4602A91148FBF726FE0D48FBF7AC
:2065200059FE06460D48FBF755FE0C494518324608492846FBF718FE4CB10848FBF74AFEA6
:206540000649451822460AA1284608F0D7FC22B070BD00001A100020D880002056100020FC
:20656000AC190020552E01081C2E0108257325732573000025732573000000002DE9F04712
:2065800006460F46124800881FFA80F93846FBF721FE1FFA80F8002513E0002407E0281962
:2065A000305C395D884200D003E0601C84B24445F5DB00BF444502D17019BDE8F087681CED
:2065C00085B2A9EB0800A842E7DC0020F5E700005C0000202DE9F041054600242846FBF7AD
:2065E000F9FDC7B2002600BF0EE0285D302802DB285D392800DD09E006EB86004600285DB1
:2066000030380644601CC4B2BC42EEDB00BF3046BDE8F0812DE9F84F82460C465046FBF7C5
:20662000D9FD8346002500260020009000274FF00308814600BF2FE01AF8090019490D5CD4
:20664000FF2D01D100202070FD2D00D122E0FE2D02D10025A8F1010845EA86160098401C0B
:206660000090042815D1C6F3074238467F1C2254B8F1010F04DDC6F3072238467F1C2254DC
:20668000B8F1020F02DD38467F1C265400200646009000BF09F10109D945CDDBB8B2BDE83A
:2066A000F88F0000A046010870470000F0B5A3B0002500201A900026002719906A4C2021D9
:2066C00011A8FBF76AFD20211BA8FBF766FD00F0F1F81AAA1BA9204600F034FA00286FD003
:2066E0009DF8680000286CD060480078401F09282BD2DFE800F0052B3E5167737A8D9200A3
:206700009DF86800202808DA1BAA59A101A808F0F5FB5BA101A8FFF715FD5D48007828B957
:2067200020221BA95B48FBF71FFD00E000BF5848007858497C3981F864011A204B49087071
:2067400055490870642004F01DF879E051487C38BDF86C10A0F89C1019AA0121084602F056
:2067600013FCBDF864004D49C1F8D00101F028FC66E048487C38BDF86C10A0F89E1019AAF8
:206780000221012002F000FCBDF864004349C1F8D40101F015FC53E020221BA93D48243080
:2067A000FBF7E2FC20213D486830FBF7F6FC3B4A68320321012002F0E7FB01F001FC3FE082
:2067C00050E03EE033487C38BDF86C10A0F89E10FF2228213248FBF7D9FC31E020221BA903
:2067E0002C484630FBF7C0FC2AE02A487C38BDF86C10A0F8E21019AA0621012002F0C4FB5A
:20680000BDF86400254981F8C40101F0D9FB17E000211BA8FFF764FB12E01E487C38BDF8FD
:206820006C10A0F8041119AA0821012002F0ACFBBDF864001949C1F8DC0101F0C1FB00BF0C
:2068400000BF4FF480710848FBF7A7FC00201549C880054808600548007800F059F864205B
:2068600003F090FF23B0F0BD92110020A60000202F636D642F636F64652F22257322000055
:206880002F636D642F636F64652F222A30000000B4030020AE740020A90000200017002007
:2068A0000A740020000000200120014908707047A700002010B500241248007808B31248E9
:2068C000008820B110480088401E0F4908800E48008840B90D48007800F01AF800210B4827
:2068E000007803F045F809480078401C0749087008460078282801DD00200870002001490D
:20690000087010BDA7000020AC000020A900002070B588B004460025002620216846FBF703
:206920003CFC1C2C75D2DFE804F00E161F283139424A525B636C757E868E969FA8B1BAC2E7
:20694000CAD2DAE2EAF3012614227C496846FBF70BFC2025E5E00126202278491431684612
:20696000FBF702FC2025DCE001262022734934316846FBF7F9FB2025D3E0012620226F49EF
:2069800054316846FBF7F0FB2025CAE001266B48416F0091806F01902025C2E0012620220D
:2069A00066497C316846FBF7DFFB2025B9E001266248B0F89C00ADF800000225B1E001268A
:2069C0005E48B0F89E00ADF800000225A9E0012620225A49A0316846FBF7C6FB2025A0E073
:2069E00001265648B0F89E00ADF80000022598E0012620225149C2316846FBF7B5FB2025BD
:206A00008FE001264D48B0F8E200ADF80000022587E085E0012620224849E4316846FBF77A
:206A2000A3FB20257DE001264448B0F80401ADF80000022575E001264048B0F80601ADF892
:206A4000000002256DE0012610223D496846FBF78BFB202565E00126102239491031684669
:206A6000FBF782FB20255CE001261022344920316846FBF779FB202553E0012610223049A1
:206A800030316846FBF770FB20254AE0012610222B4940316846FBF767FB202541E001264E
:206AA0002648B0F85801ADF80000022539E001262248B0F85A01ADF80000022531E00126EA
:206AC0001E48B0F85C01ADF80000022529E001261A48B0F85E01ADF80000022521E00126F2
:206AE0001648B0F86001ADF80000022519E001261248B0F86201ADF80000022511E00126FA
:206B00000E48B0F86401ADF80000022509E0FFE701260A48B0F86601ADF80000022500E043
:206B200000BF00BF46B1802C06DA04F18001C8B22A46694600F042F808B070BD3274002070
:206B40003A7500202DE9F04705460E4617464FF00008C1462C462078AA282BD1E078401D42
:206B60006178884226D16078401C00EB05086078401E00EB05096078801E81B2601C00F00B
:206B800097F8B9F80010884214D1B8F8000045F65B2188420ED1E07820B1E278211D3046AF
:206BA000FBF7E2FAE0783870A078034908700120BDE8F0870020FBE7A6000020FEB5064627
:206BC0000F461546AA208DF80000681DC0B28DF801008DF80260E8B28DF803008021244823
:206BE000FBF7DBFA2248009901603FB17C2D05DC25B12A463946001DFBF7B6FA9DF80100D6
:206C0000801E81B21A48401C00F052F8ADF8080045F65B20ADF80A009DF80100401E144948
:206C200008440299016000241BE09DF80100C01C04F10801884205DD0D490819082100F041
:206C400019F808E09DF80120D21C121BD1B2084A101900F00FF8022003F094FD04F10800D2
:206C6000C4B29DF80100C01CA042DEDCFEBD00001211002070B504460D462946204607F004
:206C8000E1FF70BD00200449C8804FF48070888002480860704700000000002092110020AB
:206CA0000120014908707047AE00002000BFFEE770B502460C46FF25FF2309E012F8010BC4
:206CC00080EA05010648405C80EA03050548435C201EA4F10106B4B2F0D145EA032070BD7C
:206CE000EC320108EC330108F0B502460B460025681E00210DE0565C7040002406E0060ECE
:206D0000054F57F8265000026840641C042CF6D3491C9942EFD3F0BDA047010810B502468B
:206D2000002006E013784340034CE05C521C4B1ED9B20029F6DC10BDC0000020012001493F
:206D400008707047B10000202DE9F04F91B005460E4617464FF00009CA46C846C3462846C4
:206D6000FBF738FA81463046FBF734FA824615B10EB14F4503DD002011B0BDE8F08F0024A8
:206D800002E008F10108641CBC42FADB002406E02A5D58460BF1010B01A90A54641C4C456C
:206DA000F6DB002405E0325D404608F101082A54641C5445F7DB3C4606E001A8025D404683
:206DC00008F101082A54641C4C45F6DB002005F808002846D0E770B503460A4600200AE03F
:206DE0000A25B3FBF5F605FB1635303515540A25B3FBF5F3401C002BF2D1411E08E0545CAC
:206E0000451A6D1E555D5554451A6D1E5455491E00EBD076B1EB660FF1DA70BD012001498E
:206E200008707047B000002070B504460D461646002089490870C4F307500870084600787F
:206E400000F00F00087024F4710400208349824A127841F822008249601A8C427AD015DC43
:206E6000A1F10301A4EB01008C423ED009DC7D48204400286DD0062815D0B0F5807F22D1F3
:206E800022E0012842D00228F9D150E0032872D004DC012872D00228F1D180E004286CD025
:206EA0000C28ECD1AEE070496B4A127801EBC20032462946FBF758F96C48007820F0040043
:206EC000001D6A490870C5E06949634A127801EBC20032462946FBF747F96648007820F0DF
:206EE0000100401C63490870B4E063495A4A127801EBC20032462946FBF736F95D480078D0
:206F000020F00200801C5B490870A3E05B49524A127801EBC20032462946FBF725F9554818
:206F2000007820F00400001D5249087092E05449494A127801EBC20032462946FBF714F9D5
:206F40004C48007820F0080008304A49087081E000E068E04B49404A127801EBC200324673
:206F60002946FBF701F94348007820F010001030404908706EE023E000E032E04249364A04
:206F8000127801EBC20032462946FBF7EDF83948007820F020002030364908705AE03B49CD
:206FA0002D4A127801EBC20032462946FBF7DCF83048007820F0400040302E49087049E0AD
:206FC0003349254A127801EBC20032462946FBF7CBF82848007820F08000803025490870E4
:206FE00038E02C491C4A127801EBC20032462946FBF7BAF81D48007820F00100401C1B492D
:20700000087027E02449144A127801EBC20032462946FBF7A9F81548007820F00200801CF1
:207020001249087016E02878042812DA1B490A4A127801EB42112A7801EBC2003246294617
:20704000FBF792F80948007820F0080008300749087000BF00BF70BD9F050020FC860020C2
:2070600014E60618F01AF9E7848600206E050020D48100206D0500204C820020C4820020F6
:207080003C830020B48300202C840020A48400201C850020948500200C8600203887002017
:2070A00000B589B04FF4C06009F0BAFC06A9002008F018FE01A9012008F014FE2D4808F0B1
:2070C000C9FB40F2197009F0ABFC4FF4006303224821294809F00EFA4FF480530322182177
:2070E000254809F007FA00208DF81C008DF81D008DF81E008DF81F008DF820008DF8210034
:207100008DF818008DF819000D208DF81A0002208DF81B000C20ADF8220006A9154808F0AF
:2071200031FC0020ADF80E00ADF810000120ADF812000020ADF80400ADF80600ADF80800A1
:20714000ADF80A00ADF80C0001208DF8140001A808F090FB0221074808F0A5FC074903206B
:2071600008F0C0FD00221146142009F05BFB09B000BD00000064004000080140D405002002
:2071800070B504460D4616462949601A8C4225D005DC2848204438B1012846D111E001282A
:2071A00029D0022841D133E0324629462248FAF7DBFF2248007820F0080008301F49087059
:2071C00033E0324629461E48FAF7CEFF1B48007820F0100010301949087026E0324629468F
:2071E0001848FAF7C1FF1548007820F00100401C1249087019E0324629461348FAF7B4FF8A
:207200000E48007820F00200801C0C4908700CE0324629460D48FAF7A7FF0848007820F08E
:207220000400001D0549087000BF00BF70BD000000E60618FE1AF9E7870500206C05002083
:207240008F0500206F050020770500207F0500202DE9F04F8FB000F0DFFC03F0BDFAFE4956
:20726000C968401AB0F57A7F10D303F0B5FAFA49C860002408E0F94850F82400401CF749A0
:2072800041F82400601CC4B20F2CF4DB03F0A4FAF1494969401A40F6B83188420FD30020D3
:2072A0000C900D9003F098FAEB49486110208DF8300008220CA9EA4800F076FD00BFE948EA
:2072C000007800F0010000287ED0E7484079E649097900EB012564204543E348C078E2498B
:2072E000897800EB012000B20E90BDF83800A0F5FA6000B20E90BDF838006421484300B256
:207300000E9005F041FC08BB05F030FCF0B9BDF93800B0F5FA7F15DDD4480078642818DA00
:20732000D2480078401CD1490870084600780A280FDD0020CE490870CC480178CDA007F049
:20734000CDFD06E00020C949087002E00020C7490870BDF9380000280EDD6420B5FBF0F034
:20736000BDF9381048436421B0FBF1F0B0FBF1F81FFA88F6002614E0BDF9380000280FDA2F
:207380006420B5FBF0F0BDF93810494248436421B0FBF1F0B0FBF1F800261FFA88F600E083
:2073A0000026B1480078C0F38016AF480078C609AD4F3878797840EA012643F6FC700640D6
:2073C000387800F0030600E067E300245CE34FF00009142109A8FAF7E0FEA34800EBC400E0
:2073E0004079A14901EBC401097900EB01256420454304EB840000EBC400A54901EBC000DE
:207400008562CDF82E50984800EBC400C078964901EBC401897800EB012000B20E90BDF8D9
:207420003800A0F5FA6000B20E90BDF838006421484300B20E90BDF9380004EB840101EB3A
:20744000C401934A02EBC1014884BDF93800002804DABDF83800404200B20E90BDF838006F
:20746000ADF832008B4810F83400ADF82800894810F8340004EB840101EBC401844A02EB6C
:20748000C1010884844800EBC400C078824901EBC401897800EB012086B206EB8600400073
:2074A00068434FF47A71B0FBF1F56C4850F824000A2804D3142109A8FAF76FFE01E0CDF84F
:2074C0002A502846FBF788F883467449FAF7BEFE82467249FAF7BAFE04EB840101EBC401CE
:2074E0006B4A02EBC101486209A9204605F0B4FD202101A8FAF751FE694800EB4410D0F8DE
:2075000012000190664800EB4410D0F81A000290524850F824000A2812D34FF00009604959
:2075200001EB44102021FAF738FE04EB840101EBC401574A02EBC1006821FAF72EFE03E0A6
:2075400001A8FAF776FE814604EB840000EBC4004F4901EBC000524901EB4411D1F8022029
:207560000260C988818004EB840000EBC400484901EBC0014A4800EB4410D0F80A20C1F87B
:207580000620C089488104EB840000EBC400404901EBC001424800EB4410D0F81220CA606E
:2075A000C08A088204EB840000EBC400384901EBC0013B4800EB4410D0F81A00C1F8120038
:2075C000002004EB840101EBC401314A02EBC101334A02EB4412527888544946204605F0EC
:2075E0002DFD2D4800EBC40040792B4901EBC401097900EB012086B23546274800EBC40000
:207600004078254911F8341000EB012086B206EB86004FF6FF7101EA4006681C00FB06F5DC
:207620001D4800EBC400C0781B4901EBC401897800EB012086B206EB86004FF6FF7101EA8D
:207640004006AD1B4FF47A70B5FBF0F086B2154800EBC400407827E0308F0020FC860020DB
:2076600010E106186D050020D4810020C1050020C00500205375705077723A50726F746574
:2076800063742063616E63656C202564200D0A00188900204C820020C482002000007A44DA
:2076A000388700203C830020FE4911F8341000EB012004EB840101EBC401FB4A02EBC10153
:2076C0008885F84800EBC400C078F64901EBC401897800EB012081B204EB840000EBC40024
:2076E00002EBC000C185EF4800EBC4004079ED4901EBC401097900EB012081B204EB8400DD
:2077000000EBC40002EBC0000186E64800EBC400C079E44901EBC401897900EB012081B251
:2077200004EB840000EBC40002EBC0004186DF4800EBC4004078DD4911F8341000EB0120A6
:2077400081B204EB840000EBC40002EBC0008186D64800EBC400C078D44901EBC40189784C
:2077600000EB012081B204EB840000EBC40002EBC000C186CD4800EBC4004079CB4901EB37
:20778000C401097900EB012081B204EB840000EBC40002EBC0000187C44800EBC400C07918
:2077A000C24901EBC401897900EB012081B204EB840000EBC40002EBC0004187BC4800EB46
:2077C000C4004078BA4911F8341000EB012081B204EB840000EBC40002EBC0008187B448CB
:2077E00000EBC400C078B24901EBC401897800EB012081B204EB840000EBC40002EBC000E7
:20780000C187AB4800EBC4004079A94901EBC401097900EB012081B204EB840000EBC4003F
:2078200002EBC000A0F84010A14800EBC400C0799F4901EBC401897900EB012081B204EB19
:20784000840000EBC40002EBC000A0F84210994800EBC4004078974911F8341000EB0120DD
:2078600081B204EB840000EBC40002EBC000A0F84410904800EBC400C0788E4901EBC401D3
:20788000897800EB012081B204EB840000EBC40002EBC000A0F84610864800EBC4004079B5
:2078A000844901EBC401097900EB012081B204EB840000EBC40002EBC000A0F848107D4805
:2078C00000EBC400C0797B4901EBC401897900EB012081B204EB840000EBC40002EBC0003B
:2078E000A0F84A10744800EBC4004078724911F8341000EB012081B204EB840000EBC4000A
:2079000002EBC000A0F84C106B4800EBC400C078694901EBC401897800EB012081B204EB9A
:20792000840000EBC40002EBC000A0F84E10624800EBC4004079604901EBC401097900EB98
:20794000012081B204EB840000EBC40002EBC000A0F85010584800EBC400C079564901EBF9
:20796000C401897900EB012081B204EB840000EBC40002EBC000A0F85210504800EBC400F1
:2079800040784E4911F8341000EB012081B204EB840000EBC40002EBC000A0F854104748B2
:2079A00000EBC400C078454901EBC401897800EB012081B204EB840000EBC40002EBC00092
:2079C000A0F856103D4800EBC40040793B4901EBC401097900EB012081B204EB840000EB68
:2079E000C40002EBC000A0F85810354810F83400283804EB840101EBC40102EBC101A1F890
:207A00005C002F4800EBC4004078283804EB840101EBC40102EBC101A1F85E00284800EBA6
:207A2000C4008078283804EB840101EBC40102EBC101A1F86000224800EBC400C0782838AC
:207A400004EB840101EBC40102EBC101A1F862001B4800EBC4008079283804EB840101EB8C
:207A6000C40102EBC101A1F86400154800EBC400C079283804EB840101EBC40102EBC1011C
:207A8000A1F86600601CC4B20F2CFFF6A0AC0D48007820F001000B4908700B480078C0F351
:207AA000800013E03C83002018890020B48300202C840020A48400201C850020948500204A
:207AC0000C8600206D0500206E05002028B10448007820F00400024908700FB0BDE8F08F78
:207AE0006E05002010B5002400203649087036490870364908703649087036490870364899
:207B00000021016041603548016041603448016041603448016041603348016041603348CF
:207B20000160416078213248FAF737FB78213148FAF733FB78213048FAF72FFB78212F48A0
:207B4000FAF72BFB78212D48FAF727FB78212B48FAF723FB78212948FAF71FFB78212748B5
:207B6000FAF71BFB78212548FAF717FB78212448FAF713FB78212348FAF70FFB4FF4F0714E
:207B80002148FAF70AFB3C212048FAF706FB4FF4C3611F48FAF701FB00BF0BE007201449E6
:207BA00001EBC4018870D020114901EBC401C870601CC4B20F2CF1DB1C211648FAF7EDFA7D
:207BC00010BD00006C0500206D0500206E050020C0050020C10500206F0500207705002027
:207BE0007F050020870500208F05002097050020D48100204C820020C48200201C8500203B
:207C00000C8600208486002038870020FC86002018890020308F002010B560484078022818
:207C200002D14FF47A7000E0642004465B48407878B102F0D1FD59494968401AA04208D3E8
:207C40005748006800F0040018B900205349087048705348006800F0040090B302F0BCFD87
:207C60004E494968401AA04232D34D48103800684C4908434A4910390860494818380068C9
:207C800040F001004649183908600846006820F00100086041488089B0F57A7F04DA3F48A7
:207CA0008089401C3D49888101203C49087008468089052806DB02F08FFD38494860022084
:207CC000487005E002F088FD34494860012048703348006800F0700028B13148006800F0A5
:207CE000700030280AD12E48006800F0040028B92A48808910B10020284988812848006880
:207D000000F0700030283CD124484078C0BB2348807820B1012809D0022830D11FE002F0AD
:207D20005BFD1E4988600120887028E002F054FD1A498968401A642810D302F04DFD17497F
:207D4000886002208870164810380068154908431349103908600120104908700FE002F08A
:207D60003BFD0E498968401A962807D302F034FD0A498860012088700020087000BF0CE0D7
:207D8000FFE700200549887002F026FD034988600846407808B90020087010BD4C8F002027
:207DA000186400408080800070B586B004460D4616461048007808B106B070BD01A90220FB
:207DC00007F090FF0020019002948DF80D0004208DF80C0008208DF80E00324629460DF1EF
:207DE0000F00FAF7C1F901A9034807F0D3FE00BFE2E700004C8F00200064004010B581207F
:207E000008F03EFE04460C480078A04211D10B480078062805DA09480078401C074908708F
:207E200009E00748407820F00400001D0449487001E00148047010BD5302002050020020CA
:207E40003A0200200120014908707047C1010020704701B5BDF8000000EBC00101EB001080
:207E60004FF6FF7101EAC000009004E0BDF80000401E80B20090BDF800000028F6D108BDF0
:207E8000002001E0411CC8B21428FBDB704700000020014908707047F0020020012001492B
:207EA00008707047F0020020014890F8C7017047001700200148D0F8DC017047001700201E
:207EC0000448D0F8D401C0EB001080004FF47A7148437047001700200148D0F8F801704716
:207EE000001700200348D0F8F4014FF47A71484370470000001700200748D0F8D00148B1BB
:207F00000548D0F8D001C0EB001080004FF47A71484370470148FCE700170020E0930400F6
:207F20000148D0F8E00170470017002010B50C48007898B100200A49087004F035FE04462B
:207F4000682221460748FAF70FF9064A4FF43471002000F02FF904A006F0C0FF10BD000052
:207F600058020020001700202D2D2D456570726F6D207570646174652D2D2D0D6D000000BD
:207F800070B504460D461646AAB2A1B23346A02002F06FFD70BD000000B50246024880F891
:207FA000C72100F00DF800BD0017002000B502460248C0F8E02100F003F800BD0017002011
:207FC00001200149087070475802002010B5012008F062F828B1012002F0E4FB012008F071
:207FE00055F810BD0020014908707047C20500200120014908707047C205002000BFFEE7C2
:208000004F5645532D5643552D3130330000000010B54FF434714C48FAF7BFF84A4A4FF487
:2080200034710020FFF7ACFF4748D0F8CC02474988427FD044480078FF2805D14FF4347123
:208040004148FAF7AAF805E04FF41A713E486830FAF7A3F8A6213C486830FAF79EF810210C
:208060003B48FAF79AF8A62139481030FAF795F80F2238A134486830FAF776F8142239A167
:2080800033486638FAF770F8314826383BA10A680260097901713BA10A68C0F806208A88B5
:2080A0004281897901730D2238A11630FAF75CF814222CA126485030FAF756F82448903098
:2080C0002EA10A680260097901711F4833A10A68C0F8A421097980F8A81132A10A68C0F82F
:2080E000B4214968C0F8B8110120174981F8C401052081F8C501C1F8D0010220C1F8D4011C
:208100000120C1F8DC010020C1F8E0011E20C1F8F4010020C1F8F801C1F874023021244844
:20812000FAF73BF809480849C1F8CC0200E001E0FFF746FF044890F8A80220F0F000103038
:20814000014981F8A80210BD00170020674523010E1800206F72616E67652E6D326D2E7341
:20816000706563006D7174742E6F6D6E69766F6C746169632E636F6D0000000031383833ED
:2081800000000000636C69656E743100216D71545463312E323032342300000041646D6960
:2081A0006E00000037787A5556404D5400000000781900202DE9F04106460D461746002484
:2081C0004FEA551800BF0CE007EB441306EB441081B22022A02002F08BFC052002F0D2FA2F
:2081E000641C4445F0D305F01F0048B107EB441305F01F0206EB441081B2A02002F078FCA9
:20820000BDE8F0811A488078C0B91948407850B91748C07818B900201649C87026E04020CE
:208220001449C87022E01248C07818B920201149C8701BE060200F49C87017E00C48407864
:2082400050B90B48C07818B910200A49C8700DE050200849C87009E00548C07818B9302089
:208260000449C87002E070200249C87070470000C88100205F0500202DE9F0410024A0468F
:2082800000276248007808B300206049087060480078022806D102231D220421012002F0DC
:2082A000D0FF05E010231A010421012002F0C9FF58480078401C574908700846007814282E
:2082C00004DD0020524908705249087000265248C58800241AE04E480078022801D1042717
:2082E00000E020274D48005D01280DDB4B49601C085C042808DBF81C854205DBA01C085CF6
:20830000B84201D1012603E0601C84B2FF2CE2DD00BF002E77D0022002F034FA3F49A01C31
:20832000085CC01C2044095C3C4AA01C105C001D2044105C41EA00281346A21C9A5CD11C4C
:208340001A461019FEF7B4FC40455CD13349601C085C042857D100202E4908702C48007892
:20836000012832D12D4AE01C111820222C48F9F7FBFE2B4802F0C4FE29490860081D02F07E
:20838000BFFE2749486001F1080002F0B9FE2449886001F10C0002F0B3FE2149C86001F1EB
:2083A000100002F0ADFE1E49086101F1140002F0A7FE1B49486101F11C0002F0A1FE184996
:2083C000C8610220124908700DE011480078022809D1124AE11C501802F092FE10490862B7
:2083E00000200B4908700E4804F090FE4FF480610A48F9F7D2FE00200749C8804FF4007018
:20840000888006480860BDE8F0810000C2050020C3050020C405002010000020C0120020AE
:208420005C8F00200148007870470000C30500200149087070470000C305002010B54FF468
:20844000C06008F0EDFA4FF4A06008F041FA02221146062008F0E6F90021012007F0FEFFF9
:2084600001220021104607F0B3FD012007F00EFE10BD10B5044607F00BFF40F2053007F05C
:208480006BFE4FF4417007F067FE40F2023007F063FE204607F086FE40F2053007F05CFECE
:2084A0004FF4417007F058FE40F2023007F054FE07F062FE10BD2DE9F04105460F46164667
:2084C00007F0E6FE00241BE056F8241005EB840007F000FF56F8240055F82410884202D027
:2084E0000020BDE8F08140F2053007F035FE4FF4417007F031FE40F2023007F02DFE641C95
:20850000BC42E1D307F038FE0120EAE703B56A46108803120B704870921C108803128B70EC
:20852000C8700CBD2DE9F04F85B00027B846B946BA46BB46764806784FF4C0517548F9F74E
:208540002CFE14216846F9F728FE724C7248D0F8740220B17048D0F87402082800D3002652
:208560006EA0007820702046F9F734FE04446A48D0F8740220B16848D0F87402082805D35E
:2085800067A269A1204606F0B9FC08E006EB4601694800EB410264A1204606F0AFFC204646
:2085A000F9F718FE044465A00168216000792071641D002512E0C6EBC60000EB462061496A
:2085C00001EB800050F825205FA1204606F096FC2046F9F7FFFD0444681C85B23C2DEADB31
:2085E0005AA10A6844F8012C8A88A4F8032089796171A41D002513E0C6EBC60000EB46205F
:20860000504901EB8000F03050F825204EA1204606F074FC2046F9F7DDFD0444681C85B2BA
:208620003C2DE9DB4BA10A6844F8012C8A88A4F8032089796171A41D002514E0C6EBC60050
:2086400000EB46203F4901EB800000F5F07050F825203DA1204606F051FC2046F9F7BAFD5F
:208660000444681C85B2182DE8DB3CA10A6844F8012C8A88A4F8032089796171A41D0025AC
:2086800014E0C6EBC60000EB46202E4901EB800000F5107050F825202BA1204606F02EFCE7
:2086A0002046F9F797FD0444681C85B2B5F5B67FE7DD2CA10A6844F8012C8A88A4F80320B1
:2086C00089796171A41D002514E0C6EBC60000EB46201C4901EB800000F2F47050F8252070
:2086E00019A1204606F00AFC2046F9F773FD0444681C85B20A2DE8DB641E1CA00088208035
:208700000020FDF7C9FE034805B0BDE8F08F000060020020305B0020001700207B0000007B
:208720006E756C6C000000002261626163223A222573222C00000000781900202273223ACF
:208740005B000000501A002025642C005D2C226D223A5B005D2C2268223A5B005D2C2264D7
:20876000223A5B005D2C2279223A5B005D7D0000014908707047000060020020F8B54FF4A2
:20878000C0517748F9F709FD754E7649B1F8D81188B200F0D9FF7349B1F8D41188B200F089
:2087A000E1FF7049B1F8D01188B200F0F7FF6D48D0F8F80120B96CA20721012000F0D0FE12
:2087C0000027C1E06946384600F046FC044604B9B8E0052F35D2DFE807F00309121B280079
:2087E00063A001683160406870602AE0761E63A00168316041687160007A307221E0761E3E
:2088000061A00168316041687160007A307218E0761E60A000883080B61C304600F0C6FA0B
:208820003046F9F7D7FC06448CE05BA000783070761C304600F0C6F83046F9F7CBFC064409
:2088400080E000BF3046F9F7C5FC0644002574E004EB0510C06802280CD104EB0510406830
:20886000B0F9003004EB05104CA10268304606F045FB5CE004EB0510C06801280AD104EBBD
:208880000510436804EB051047A10268304606F035FB4CE004EB0510C06807280AD104EBD5
:2088A0000510436804EB051042A10268304606F025FB3CE004EB0510C06804280AD104EBDD
:2088C0000510436804EB05103AA10268304606F015FB2CE004EB0510C06805280BD104EBE3
:2088E00005104068036804EB05102CA10268304606F004FB1BE004EB0510C06806280BD179
:2089000004EB05104068036804EB051023A10268304606F0F3FA0AE004EB05104068038894
:2089200004EB05101DA10268304606F0E7FA3046F9F750FC0644681CC5B29DF8000085426B
:2089400086DB00BF781CC7B2052FFFF63BAF1CA0007830700020FDF79FFD0148F8BD000055
:20896000305B0020001700206E756C6C000000007B22617474223A7B000000007D2C22636F
:208980006D64223A7B0000007D2C22737473223A7B0000007D2C00002C0000002225732282
:2089A0003A25642C00000000222573223A222573222C0000222573223A25732C00000000D0
:2089C0007D0000002DE9F04F89B00646354616B909B0BDE8F08F32A0016829608188A98023
:2089E0008079A8712846F9F7F5FB05440F222EA12846F9F7B9FB2846F9F7ECFB054400240A
:208A000046E004EB840000EBC4002B4901EBC00A04EB840000EBC40001EBC000406A0890D4
:208A200004EB840000EBC40001EBC00090F820B004EB840000EBC40001EBC000806A0790C1
:208A400004EB840000EBC40001EBC000408C1FFA80F90898F9F702FE07460798CDE90409AB
:208A6000CDE90271B9F1000F01DD012000E00020CDE9000B114850F824205346104928460F
:208A800006F03CFA2846F9F7A5FB0544601CC4B20F2CB6DB6D1E0BA00088288000BF97E702
:208AA00022646961223A7B00224368617267655F736C6F74223A5B00188900206402002004
:208AC0007C5301085D7D00002DE9F04186B080460F460025002000904FF4C0518948F9F762
:208AE0005CFB142101A8F9F758FB864E8649B1F8D81188B200F028FE8349B1F8D41188B2E5
:208B000000F030FE8049B1F8D01188B200F046FE3046F9F75FFB06446946404600F09CFAB1
:208B200005461DB9774806B0BDE8F081B8F1050F4FD2DFE808F0031221303F003FB173A044
:208B40000168316041687160007A307204E072A001683160406870603BE03FB171A0016898
:208B6000316041687160007A307204E070A001683160406870602CE03FB170A00168316062
:208B800041687160007A307204E06CA001683160406870601DE03FB16BA001683160416842
:208BA0007160007A307204E06AA001683160406870600EE03FB16AA001683160416871600C
:208BC000007A307204E069A0016831604068706000BF00BF3046F9F7FDFA0644002486E06B
:208BE0006FB105EB0410836805EB041062A10268304606F083F901A8FDF74EFC71E005EBE5
:208C00000410C06802280CD105EB04104068B0F9003005EB04105BA10268304606F06EF94F
:208C20005CE005EB0410C06801280AD105EB0410436805EB041056A10268304606F05EF9F1
:208C40004CE005EB0410C06807280AD105EB0410436805EB041051A10268304606F04EF9F0
:208C60003CE005EB0410C06804280AD105EB0410436805EB041049A10268304606F03EF9FB
:208C80002CE005EB0410C06805280BD105EB04104068036805EB04103AA10268304606F0C7
:208CA0002DF91BE005EB0410C06806280BD105EB04104068036805EB041032A1026830468F
:208CC00006F01CF90AE005EB04104068038805EB04102CA10268304606F010F90020FDF7A4
:208CE000DBFB3046F9F776FA0644601CC4B29DF800008442FFF674AF761E2BA00088308082
:208D0000004810E7305B0020001700207B225F617474223A7B0000007B22617474223A7B59
:208D2000000000007B225F636D64223A7B0000007B22636D64223A7B000000007B22737400
:208D400073223A7B000000007B225F647461223A7B0000007B22647461223A7B0000000010
:208D60007B225F646961223A7B0000007B22646961223A7B00000000225F2573223A222594
:208D800073222C00222573223A25642C00000000222573223A222573222C0000222573224D
:208DA0003A25732C000000007D7D00002DE9FC4105462C460DB9BDE8FC8144A001682160F5
:208DC0008188A1808079A0712046F9F703FA044440A001682160416861608068A060204642
:208DE000F9F7F8F904443F4800680A21B0FBF1F63C48C0684FF47A71B0FBF1F73B4641224D
:208E000039A12046009606F079F82046F9F7E2F90444344840680A21B0FBF1F731480069D8
:208E20004FF47A71B0FBF1F6334642222EA12046009706F063F82046F9F7CCF904442948A4
:208E400080680A21B0FBF1F6264840694FF47A71B0FBF1F73B4643222CA12046009606F0F0
:208E60004DF82046F9F7B6F904441E48C0690A21B0FBF1F04FF47A71B0FBF1F61948C069D0
:208E80000A21B0FBF1F04FF47A71B0FBF1F71548006A6421B0FBF1F83B46424624A1204646
:208EA000009606F02BF82046F9F794F904442C4801684068CDE900102A48026843682AA13B
:208EC000204606F01BF800BF75E7000022647461223A7B002241435F696E707574223A5BEA
:208EE000000000005C8F00207B22726F6E75223A222563222C22696E7063223A25642C22B3
:208F0000696E7076223A25647D2C00007B22726F6E75223A222563222C22696E7063223A29
:208F200025642C22696E7076223A25647D5D2C0022436861726765223A7B226368706F2281
:208F40003A256C642C2274646563223A256C642C226D6F6563223A256C647D2C00000000B7
:208F6000B0020020A802002022477073223A7B22736C6F6E223A25662C22736C6174223A0F
:208F800025667D7D000000002DE9F84307460C4616466946384600F05FF805461DB19DF8DE
:208FA0000000844202DB0020BDE8F88305EB0410C068082847D2DFE800F0040A18461E2CEC
:208FC000323805EB04104068008830803DE005EB04114868F9F7FEF8804605EB0410424639
:208FE00041683046F9F7C0F82FE005EB041040680088308029E005EB04114868F9F7EAF827
:20900000804605EB0410424641683046F9F7ACF81BE005EB041040680068306015E005EBC7
:2090200004104068006830600FE005EB04114868F9F7D0F8804605EB0410424641683046AF
:20904000F9F792F801E00020AEE700BF0120ABE700487047305B002002460023052A1BD25D
:20906000DFE802F003070C111500052008700D4B14E0092008700B4B50330FE00E20087003
:20908000084BE0330AE006200870074B06E007200870054B603301E00020704700BF184653
:2090A000FBE70000F4340108B436010810B503460024052B3ED2DFE803F0030E1A263100FC
:2090C000052907DA1E4800EB0110006800681060012010BD30E0092908DA1948503000EB01
:2090E00001100068006810600120F2E724E00E2908DA1348E03000EB011000680068106061
:209100000120E6E700BF062907DA0E4800EB01100068006810600120DBE70DE0072908DA1E
:209120000848603000EB01100068006810600120CFE701E00020CCE700BF0020C9E70000F9
:20914000F4340108B436010810B5A0B080216846F9F723F80024B8210C48F9F71EF82221E2
:209160000B48F9F71AF8FF2228210A48F9F70EF84FF4D3710848F9F710F808A000F034FB52
:2091800006A000F019FB20B010BD000030730020E87300200A74002032740020302E303028
:2091A000000000002DE9F04786B04FF00009002500200090824680464FF4C0519C48F8F75A
:2091C000ECFF142101A8F8F7E8FF9A49B1F8D81188B200F0B9FA9749B1F8D41188B200F006
:2091E000C1FA9449B1F8D01188B200F0D7FA904E9048D0F8F80118B9304606B0BDE8F087C2
:209200008DA0007830703046F8F7E4FF06440027FDE04FF0000869463846FFF71DFF0546A2
:2092200005B9F2E08348D0F8F801484500D8F1E00024D4E005EB041209EB490311687F4A7C
:2092400002EB4300F8F7B4FF00286ED0052F45D2DFE807F003101D2A3700B8F1000F06D1AD
:2092600077A0016831608188B1808079B0714FF0010833E0B8F1000F06D173A00168316092
:209280008188B1808079B0714FF0010826E0B8F1000F06D16EA0016831608188B180807962
:2092A000B0714FF0010819E0B8F1000F06D16AA0016831608188B1808079B0714FF001081D
:2092C0000CE0B8F1000F06D165A0016831608188B1808079B0714FF0010800BF00BF304684
:2092E000F8F778FF064405EB0410C06802280CD105EB04104068B0F9003005EB04105AA107
:209300000268304605F0FAFD5DE005EB0410C06801280BD105EB0410436805EB041055A16A
:209320000268304605F0EAFD4DE056E005EB0410C06807280AD105EB0410436805EB041025
:209340004FA10268304605F0D9FD3CE005EB0410C06804280AD105EB0410436805EB041070
:2093600047A10268304605F0C9FD2CE005EB0410C06805280BD105EB04104068036805EB22
:20938000041039A10268304605F0B8FD1BE005EB0410C06806280BD105EB0410406803680D
:2093A00005EB041030A10268304605F0A7FD0AE005EB04104068038805EB04102AA1026805
:2093C000304605F09BFD09F1010000F0FF091948D0F8F801484500D806E0601CC4B29DF8A3
:2093E00000008442FFF626AF00BFB8F1000F0BD03046F8F7EFFE401E064424A00088308095
:209400003046F8F7E7FE064400BF781CC7B2052FFFF6FFAE00BF3046F8F7DCFE401E064470
:209420001BA0007830700020FDF736F80048E4E6305B0020001700207B000000FC18002074
:2094400022617474223A7B0022636D64223A7B0022737473223A7B0022647461223A7B0018
:2094600022646961223A7B00222573223A25642C00000000222573223A222573222C0000DC
:20948000222573223A25732C000000007D2C00007D00000070B50546134C4FF4C051204643
:2094A000F8F77BFE11A001682160406860602046F8F790FE04442846F8F78CFE41F2F67195
:2094C000884208D22846F8F785FE0646324629462046F8F749FE2046F8F77CFE044405A07D
:2094E0000088208070BD0000305B00207B22636D64223A007D00000070B50546134C4FF4B0
:20950000C0512046F8F749FE11A001682160406860602046F8F75EFE04442846F8F75AFEED
:2095200041F2F671884208D22846F8F753FE0646324629462046F8F717FE2046F8F74AFE05
:20954000044406A00088208070BD0000305B00207B22636D64223A7B000000007D7D00007B
:209560002DE9F84380460C461646002569464046FFF772FD0546B8F1050F12D2DFE808F0BC
:209580000305080B0E006F4F0DE06E4F7F1D0AE06C4F0E3707E06B4F1C3704E0694F2237CB
:2095A00001E0002700BF00BF25B19DF80000844200DA17B90020BDE8F88305EB0410C068DE
:2095C00008287DD2DFE800F0041A2FB9455A80A405EB0410406800783178884206D105EB2E
:2095E0000410406840787178884201D00120385505EB0410406831880180A0E005EB04115A
:2096000048683146F8F7EDFD08B1012038553046F8F7E0FD814605EB04114A46486831461E
:20962000F8F7A2FD8BE005EB0410406800783178884206D105EB04104068407871788842AC
:2096400001D00120385505EB041040683188018075E005EB041148683146F8F7C2FD08B1BD
:20966000012038553046F8F7B5FD814605EB04114A4648683146F8F777FD60E005EB0410FB
:20968000406800783178884214D105EB041040684078717888420DD105EB041040688078B9
:2096A000B178884206D105EB04104068C078F178884201D00120385505EB0410406800E0BE
:2096C0003BE0316801603AE005EB0410406800783178884214D105EB041040684078717892
:2096E00088420DD105EB041040688078B178884206D105EB04104068C078F178884201D06C
:209700000120385505EB041040683168016016E005EB041148683146F8F763FD08B10120AA
:2097200038553046F8F756FD814605EB04114A4648683146F8F718FD01E000203BE700BF7B
:20974000012038E70A74002001B5BDF800000449A1F8B6006A4607210220FFF701FF08BD6F
:209760003073002001B5BDF800000449A1F876006A4602210120FFF7F3FE08BD30730020FC
:2097800001B5BDF800000449A1F8B4006A4606210220FFF7E5FE08BD3073002001B5BDF8FF
:2097A00000000449A1F874006A4601210846FFF7D7FE08BD3073002070B504462046F8F718
:2097C00009FD10280DD22046F8F704FD05462A4621460448F8F7C8FC024A04210220FFF76C
:2097E000BFFE70BDC473002070B504462046F8F7F1FC10280DD22046F8F7ECFC05462A4668
:2098000021460448F8F7B0FC024A05210220FFF7A7FE70BDD473002070B504460D461F2D29
:2098200009DC2A4621460448F8F79EFC224600210120FFF795FE70BD8473002001B5BDF8B5
:2098400000000449A1F878006A4608210120FFF787FE08BD3073002070B505460C46142CAB
:2098600009DC224629460448F8F77EFC024A00210846FFF775FE70BD3073002001B5BDF8F8
:2098800000000449A1F844006A460D210220FFF767FE08BD3073002001B5BDF80000044903
:2098A000A1F840006A460A210220FFF759FE08BD3073002001B5BDF800000449A1F842006A
:2098C0006A460B210220FFF74BFE08BD3073002070B505460C46202C09DC224629460448AD
:2098E000F8F742FC024A01210020FFF739FE70BD4473002001B5BDF800000449A1F87A00B1
:209900006A4606210120FFF72BFE08BD3073002001B5BDF80000044988876A4608210220E6
:20992000FFF71EFE08BD0000307300200149A1F84E0070473073002001B5BDF8000004492A
:20994000C8876A4609210220FFF70AFE08BD00003073002001B5BDF800000449A1F846009F
:209960006A4600210220FFF7FBFD08BD30730020024A282800D21154704700000A74002056
:2099800070B504464FF4C0510948F8F706FC2046F8F720FCB0F5C05F08D22046F8F71AFC48
:2099A00005462A4621460248F8F7DEFB70BD0000305B002070B505460C46082C09DC224658
:2099C00029460448F8F7D0FB024A04210020FFF7C7FD70BD647300202DE9F04387B081465C
:2099E00000250020019000274FF4C0519448F8F7D4FB142102A8F8F7D0FB9249B1F8D81176
:209A000088B2FFF7A1FE8F49B1F8D41188B2FFF7A9FE8C49B1F8D01188B2FFF7BFFE884E18
:209A2000A84607E101A94046FFF716FB054605B9FCE00024F4E005EB041001684846F8F752
:209A4000B7FB00287ED080A14846F8F7B1FB00B10127B8F1050F4FD2DFE808F003122130B8
:209A60003F003FB17AA00168316041687160007A307204E079A001683160406870603BE083
:209A80003FB179A00168316041687160007A307204E078A001683160406870602CE03FB1C3
:209AA00077A00168316041687160007A307204E076A001683160406870601DE03FB176A090
:209AC0000168316041687160007A307204E075A001683160406870600EE03FB174A0016830
:209AE000316041687160007A307204E073A0016831604068706000BF00BF3046F8F76AFB8E
:209B000006446FB105EB0410836805EB04106EA10268304605F0F2F902A8FCF7BDFC72E071
:209B200005EB0410C06802280DD105EB04104068B0F9003005EB041066A10268304605F08C
:209B4000DDF95DE06AE005EB0410C06801280AD105EB0410436805EB041060A102683046E4
:209B600005F0CCF94CE005EB0410C06807280AD105EB0410436805EB04105BA1026830463A
:209B800005F0BCF93CE005EB0410C06804280AD105EB0410436805EB041053A10268304645
:209BA00005F0ACF92CE005EB0410C06805280BD105EB04104068036805EB041045A102685F
:209BC000304605F09BF91BE005EB0410C06806280BD105EB04104068036805EB04103DA15C
:209BE0000268304605F08AF90AE005EB04104068038805EB041037A10268304605F07EF9C4
:209C00000020FCF749FC3046F8F7E4FA064438A0008830800A4807B0BDE8F083601CC4B23C
:209C20009DF804008442FFF606AF00BF08F1010000F0FF08B8F1050FFFF6F4AE0048EAE7FE
:209C4000305B0020001700206D657461000000007B225F617474223A7B0000007B226174ED
:209C600074223A7B000000007B225F636D64223A7B0000007B22636D64223A7B00000000EA
:209C80007B225F737473223A7B0000007B22737473223A7B000000007B225F647461223A38
:209CA0007B0000007B22647461223A7B000000007B225F646961223A7B0000007B22646911
:209CC00061223A7B00000000225F2573223A222573220000222573223A2564002225732280
:209CE0003A22257322000000222573223A2573007D7D00002DE9F04F89B00025574C5848B0
:209D0000067806EB860000EBC600564901EBC00A06EB860000EBC60001EBC000406A089032
:209D200006EB860000EBC60001EBC00090F820B006EB860000EBC60001EBC000806A0790A2
:209D400006EB860000EBC60001EBC000408C1FFA80F94FF4C0512046F8F71FFA42A00168C4
:209D60002160406860602046F8F734FA04440F2240A12046F8F7F8F92046F8F72BFA044415
:209D80000F2E00DB002635460898F8F767FC07460798CDE90409CDE90271B9F1000F01DDA9
:209DA000012000E00020CDE9000B364850F8252053463549204605F0A1F82046F8F70AFA52
:209DC0000444112231A12046F8F7CEF92046F8F701FA0444002514E006EB860000EBC60041
:209DE000204901EBC0002C3030F815306A1C2CA1204605F083F82046F8F7ECF90444681C56
:209E0000C5B2172DE8DB641E182229A12046F8F7ABF92046F8F7DEF90444002514E006EBC7
:209E2000860000EBC6000F4901EBC0005C3030F915306A1C25A1204605F060F82046F8F799
:209E4000C9F90444681CC5B2062DE8DB641E23A00068206009B0BDE8F08F0000305B002052
:209E6000A0020020188900207B22646961223A7B00000000224368617267655F736C6F7430
:209E8000223A5B0064020020285301082243656C6C5F566F6C74616765223A5B7B000000FC
:209EA00022637625303264223A222564222C00007D5D2C2243656C6C5F54656D7065726192
:209EC00074757265223A5B7B0000000022706B742564223A222564222C0000007D5D7D7D6D
:209EE000000000000149087070470000A00200202DE9F04705460E4600270024A04628469C
:209F0000F8F768F91FFA80F900BF0CE0781C87B208F101001FFA80F84C4502DB0020BDE829
:209F2000F087601C84B2285DB042EFD13846F6E70148007870470000F00200202DE9F05F77
:209F40000025FDF75BFF872006F09AFD8246892006F096FD83468D2006F092FD07460FB158
:209F6000FF2F19D13B480078062808DA39480078401C3849087038480068BDE8F09F3748D5
:209F8000407820F00400001D34494870E120344908704FF40040F0E700202E49087007F04D
:209FA0000F05380900EB800005EB4005A9464FF0000811240DE0E11704EB91718910A4EB43
:209FC000810111B908F5B77801E008F26D18601CC4B2AC42EFD30BF00F054FEA1B1000EBA9
:209FE000800005EB40050026012423E0012C0BD0032C09D0052C07D0072C05D0082C03D037
:20A000000A2C01D00C2C01D11F3611E0042C05D0062C03D0092C01D00B2C01D11E3607E095
:20A02000022C05D109F0030008B91D3600E01C36601CC4B2AC42D9D30AF00F054FEA1A10DD
:20A0400000EB800005EB4005354445446D1E284693E7000050020020B00300203A0200204A
:20A060009903002001480078704700004F02002001480078C00870472405002001480078F1
:20A08000C0087047DC0400200148007870470000DD0200200148007870470000DE02002052
:20A0A0000149087070470000DE0200200149087070470000DD020020012001490870704715
:20A0C000DF02002010B540F2026006F0A9FC40F2036006F0A5FC40F2046006F0A1FC40F204
:20A0E000056006F09DFC4FF4C06006F099FC0121544806F05DFA4FF40053012214215248EB
:20A1000006F0F8F94FF48043012214214E4806F0F1F94FF40043012214214B4806F0EAF93A
:20A1200001231A461021494806F0E4F9022301221021464806F0DEF904230122102144482B
:20A1400006F0D8F98023012210213F4806F0D2F94FF48073012210213B4806F0CBF94FF4EF
:20A16000004301221021394806F0C4F94FF4807301221021354806F0BDF9102301221946AC
:20A18000324806F0B7F92023012210212F4806F0B1F98023012210212C4806F0ABF9402389
:20A1A00001221021294806F0A5F901228021264806F04EF901221102234806F049F90022DC
:20A1C0000221224806F044F900220421204806F03FF94023012214211D4806F08BF98023A5
:20A1E000012214211A4806F085F90122D103174806F02EF94FF4804301224821144806F0DA
:20A2000079F92023012248210F4806F073F901231A4648210E4806F06DF90223012210212C
:20A220000A4806F067F94FF4005301221021084806F060F901221102044806F009F9FEF77E
:20A24000FDF810BD000230000010014000080140000C01400448054908600020C8804FF476
:20A260000060888070470000F8750020180000202DE9F04F8FB00025F84E00240027A346C7
:20A2800000200E908046B1460D9000F0A5FAF4490968401A42F2107188420CD9F1480078FA
:20A2A00048B9FFF7D7FF4FF41641EF4804F0C6FD0120EC4908704FF40062ECA1304606F0DD
:20A2C000CFF904462046F7F785FF1FFA80FA5246E8A1204606F0C4F90746002C7ED0002FD1
:20A2E000FCD0E41D2C212046FFF702FEC5B200F073FADB490860062D1DDB60783038217884
:20A30000303901EB810100EB4100DB490870E0783038A178303901EB810100EB4100D649A3
:20A320004870607930382179303901EB810100EB4100D14988706019441C2C212046FFF7F3
:20A34000D7FDC5B26019441C2C212046FFF7D0FDC5B26019441C2C212046FFF7C9FDC5B22D
:20A360006019441C2C212046FFF7C2FDC5B26019441C2C212046FFF7BBFDC5B26019441C9B
:20A380002C212046FFF7B4FDC5B22046F7F737FF80B20D906019441C2C212046FFF7A8FD6C
:20A3A000C5B26019441C2C212046FFF7A1FDC5B2062D1FD1607830382178303901EB8101BC
:20A3C00000EB4100AD498870E0783038A178303901EB810100EB4100A84900E024E04870FA
:20A3E000607930382179303901EB810100EB4100A249C870202105A8F7F7CFFE9E488078D5
:20A400009D4949789C4A12789C4B9B78CDE90032CDE9021099484378C27899A105A804F0CA
:20A420006DFD00244FF001084FF4006299A1304606F016F90446002C57D0E41D2C2120469B
:20A44000FFF756FDC5B26019441C2C212046FFF74FFDC5B26019441C2C212046FFF748FD30
:20A46000C5B26019441C2C212046FFF741FDC5B26019441C2C212046FFF73AFDC5B2601985
:20A48000441C2C212046FFF733FDC5B26019441C2C212046FFF72CFDC5B26019441C2C21C4
:20A4A0002046FFF725FDC5B26019441C2C212046FFF71EFDC5B22046F7F7A1FE7749088058
:20A4C0006019C41C2C212046FFF712FDC5B26019C41C2C212046FFF70BFDC5B26019441C9A
:20A4E0002C212046FFF704FDC5B24FF400626CA1304606F0B5F80446002C7CD0322000F06C
:20A5000041F9A4EB0900C0F5006082B259A1204606F0A6F800286FD0A41D2C212046FFF75B
:20A52000E7FCC5B210216048F7F737FE10215F48F7F733FE102D05DD102221465A48F7F786
:20A5400013FE06E0002D04DD2A4621465648F7F70BFE554803F0CAFD554A1060516011461C
:20A560000868496805F042FC514A10605160202105A8F7F712FE6019441C2C212046FFF75D
:20A58000B7FCC5B22078532807D149490868496881F00041464A10605160454802684368EE
:20A5A00044A105A804F0AAFC6019441C2C212046FFF79EFCC5B2102D05DD102221463B48A1
:20A5C000F7F7D2FD06E0002D04DD2A4621463748F7F7CAFD354803F089FD374A1060516027
:20A5E00011460868496805F001FC334A10605160202105A801E084E065E0F7F7CEFD6019A9
:20A60000441C2C212046FFF773FCC5B22078572807D129490868496881F00041264A106037
:20A62000516025480268436822A105A804F066FC6019441C2C212046FFF75AFCC5B2601959
:20A64000441C2C21A01DFFF753FCC5B22078412836D101201949087035E00000F87500202F
:20A66000BC020020BB020020004C004024474E524D4300000D0A0000D1020020D4020020F8
:20A68000323025642D25642D25642025643A25643A25640024474E4747410000B8020020D2
:20A6A000474E474C4C000000D8750020E8750020B002002025660000A8020020C002002033
:20A6C000002011490870B8F1000F1AD04FF400610E48F7F762FD00200D49C8804FF400603E
:20A6E00088800A48086000200A49087000224FF40061094805F0ACFE43F69821132004F0DE
:20A70000F9F80FB0BDE8F08FC0020020F875002018000020BA0200200008014010B50020B4
:20A72000034908700349087003F05AFE10BD0000D8020020D902002010B5F9F737FB00F0AD
:20A74000CFFD10BD10B500F0DBFDFBF75FFB0B48007838B10020094908700122114608481F
:20A7600005F076FEFFF78AFC30B1FFF7E5FF04F0FBF8072003F06AFE10BD0000DF02002002
:20A780000008014000B5014600F026F803460A46501C00B1521C00BF00F01EF8C01A9042D1
:20A7A000FAD300BD10B50446012C0FD10A20FDF750FB2021064805F0F3FE012803D10420F4
:20A7C0000449087002E003200249087010BD000000100140F1020020014800687047000053
:20A7E0005405002010B54F480068401C4D490860002493E004EB44004B4901EB8000406850
:20A800004068002860D004EB440001EB80004068007800F00100002856D004EB440001EB1B
:20A820008000408801284FD104EB440001EB800040684068401E04EB44013B4A02EB810112
:20A840004968486004EB4400114601EB800040684068C8BB04EB440001EB80004068007817
:20A8600020F0F800083004EB440102EB81014968087004EB4400114601EB800040680078B6
:20A88000C0F3400068B904EB440001EB80004068007820F0010004EB440102EB8101496880
:20A8A000087004EB4400204901EB8000806858B104EB44020B4603EB8202506804EB440242
:20A8C00003EB82029168884704EB4400164901EB80004068007800F00100E8B104EB440063
:20A8E00001EB80004088B8B904EB440031F82000082811D104EB440001EB8000806858B195
:20A9000004EB44020B4603EB8202506804EB440203EB820291688847601CC4B2172CFFF4F0
:20A9200069AF10BD540500204C45010870B5054620213048F7F731FC1C212F48F7F72DFC10
:20A940002E49686808602E492868086008682A49FCF741FA2848F7F73DFC0A2804D2002207
:20A9600028A12548FCF7F0F92348F7F733FC22494618224908683146FCF72DFA1E48F7F7B4
:20A9800029FCC0F1140406E004F109021DA11A48FCF7DAF9641E002CF6DC02221AA1164840
:20A9A000FCF7D2F9062218A11348FCF7CDF90A2215A11148FCF7C8F90E2213A10E48FCF7C8
:20A9C000C3F9122210A10C48FCF7BEF916220EA10948FCF7B9F907480CA1098801801A22B1
:20A9E0000549801CF7F7C0FB024809A10978017770BD0000DC160020C0160020BC000020C6
:20AA0000B800002030000000200000002A3000002300000070B506460C461C2500230AE080
:20AA20003168E94001F00F0000F0C0FBE054281FC5B2581CC3B2082BF2DB1C2500230CE07E
:20AA40007168E94001F00F0000F0B0FB03F108016054281FC5B2581CC3B2082BF0DB0020E3
:20AA6000207470BD002001E0411CC8B23228FBDB70472DE9F04107460D4614461E46384633
:20AA800000F00CF920B900F03FF90020BDE8F081281200F0B1F818B900F036F90020F5E7CB
:20AAA000E8B200F0A9F818B900F02EF90020EDE7781CC7B2384600F0F1F818B900F024F94D
:20AAC0000020E3E70EE0012C05D13046761C002100F040F804E03046761C012100F03AF81A
:20AAE000601E84B2002CEED100F00EF90120CDE72DE9F04107460C4615461E46384600F0D8
:20AB0000CDF820B900F000F90020BDE8F081201200F072F818B900F0F7F80020F5E7E0B2AE
:20AB200000F06AF818B900F0EFF80020EDE70AE016F8010B00F060F818B900F0E5F800201D
:20AB4000E3E7681E85B2002DF2D100F0DDF80120DBE7000070B504460E46802500202070BE
:20AB600001228021234805F073FCFFF77BFFFFF779FF16E0012240211E4805F069FCFFF734
:20AB800071FF80211B4805F00BFD10B120782843207000224021174805F05AFCFFF762FF6C
:20ABA0006D10002DE6D1FFF75DFF2EB100228021104805F04DFC04E0012280210D4805F0B8
:20ABC00047FCFFF74FFF012240210A4805F040FCFFF748FF00224021064805F039FCFFF7B9
:20ABE00041FF01228021034805F032FCFFF73AFF70BD0000000C014070B5054680244FF4E3
:20AC00007A7620E004EA050028B101228021224805F01EFC04E0002280211F4805F018FC24
:20AC2000FFF720FFFFF71EFF012240211A4805F00FFCFFF717FF00224021174805F008FC1F
:20AC4000FFF710FF6410002CDCD101228021124805F0FEFBFFF706FF012240210E4805F0CC
:20AC6000F7FBC824FFF7FEFE00BF80210A4805F097FC18B1701E80B2061EF6D1FFF7F2FE70
:20AC800000224021044805F0E3FBFFF7EBFE0EB1012070BD0020FCE7000C014070B5054666
:20ACA0004FF47A7401228021164805F0D1FBFFF7D9FE01224021134805F0CAFBFFF7D2FE54
:20ACC00000BF40210F4805F06BFC18B9601E80B2041EF6D1FFF7C6FE0CB9002070BD002249
:20ACE0008021084805F0B4FBFFF7BCFE00224021044805F0ADFBFFF7B5FE2846FFF77CFF1B
:20AD0000ECE70000000C014010B5002280210A4805F09EFBFFF7A6FE01224021064805F04A
:20AD200097FBFFF79FFE01228021034805F090FBFFF798FE10BD0000000C0140FEB50446BC
:20AD40000D460D4801680091416801910089ADF808008DF80540ADF80650042101A805F058
:20AD60006FFC0646ADF808600520FFF70BFD0A21684604F04BF8FEBD4045010810B50021AD
:20AD80008E2007F0E3FF0021802007F0DFFF0021822007F0DBFF0021842007F0D7FF01214E
:20ADA000862007F0D3FF0121882007F0CFFF17218C2007F0CBFF07218A2007F0C7FF002140
:20ADC000902007F0C3FF80218E2007F0BFFF00200149086010BD0000B003002003480078D1
:20ADE00008B1012070470020FCE70000E60200200448054908600020C8804FF40070888092
:20AE000070470000B87E0020200000200149087070470000F202002070B50446A006040E31
:20AE2000002523E000222021124805F011FBFDF727F804F0800038B1012280210D4805F0AE
:20AE400007FBFDF71DF806E000228021094805F0FFFAFDF715F86006040E012220210548D5
:20AE600005F0F6FAFDF70CF8681CC5B2062DD9DB70BD00000008014070B504460D46C5F125
:20AE8000080004FA00F0C4B2002619E0002220210D4805F0DDFAFCF7F3FFC4F3C012802194
:20AEA000094805F0D5FAFCF7EBFF6006040E01222021054805F0CCFAFCF7E2FF701CC6B2E4
:20AEC000AE42E3DB70BD00000008014070B504460D46002618E000222021104805F0B8FA0C
:20AEE000FCF7CEFF04F0010280210C4805F0B0FAFCF7C6FF641001222021084805F0A8FA90
:20AF0000FCF7BEFF701CC6B2AE42E4DB01228021024805F09DFAFCF7B3FF70BD0008014019
:20AF2000002004E00021034A1154411CC8B22028F8DB7047B880002010B5002210215C487D
:20AF400005F086FAFCF79CFF03210420FFF794FF08210120FFF790FF01210020FFF78CFF8B
:20AF600001221021524805F073FAFCF789FF002210214F4805F06CFAFCF782FF0321042005
:20AF8000FFF77AFF08210320FFF776FF01210020FFF772FF01221021454805F059FAFCF7C6
:20AFA0006FFF00221021424805F052FAFCF768FF03210420FFF760FF08210620FFF75CFF6E
:20AFC00001210020FFF758FF01221021384805F03FFAFCF755FF00221021354805F038FAA2
:20AFE000FCF74EFF03210420FFF746FF08211820FFF742FF01210020FFF73EFF012210212D
:20B000002B4805F025FAFCF73BFF00221021284805F01EFAFCF734FF03210420FFF72CFF1D
:20B0200008212920FFF728FF01210020FFF724FF012210211E4805F00BFAFCF721FF00223D
:20B0400010211B4805F004FAFCF71AFF03210420FFF712FF0821E320FFF70EFF012100209D
:20B06000FFF70AFF01221021114805F0F1F9FCF707FF002210210E4805F0EAF9FCF700FFD9
:20B0800003210420FFF7F8FE08216020FFF7F4FE01210020FFF7F0FE01221021044805F030
:20B0A000D7F9FCF7EDFEFFF73BFF00F003F810BD0008014010B5002210210F4805F0C8F98C
:20B0C000FCF7DEFE03210520FFF7D6FE0020FFF7A3FE002406E00949085D0421FFF7F6FE07
:20B0E000601CC4B2202CF6DB01221021024805F0AFF9FCF7C5FE10BD00080140B8800020E2
:20B1000001460A7810064A7840EA02408A7840EA0220CA781043704700BFFEE70349C97857
:20B1200060F34101014AD17070470000A40300200248C078C0F3400070470000A40300207D
:20B140000120014908707047A803002000B502460648C07862F300000449C8700846C078A7
:20B1600020F0FC00C870FFF7EBFF00BDA403002000B50D48C0780621B1EB900F0BDD0A4849
:20B18000C078012101EB90000749C97860F387010548C17005E00448C07820F0FC0002492F
:20B1A000C870FFF7CDFF00BDA403002001460020092903DC01F13002D0B202E001F13702E6
:20B1C000D0B270472DE9F043B3B006460F46154698463A9C8DF804608DF8057028128DF838
:20B1E0000600E8B28DF8070020128DF808008DF809406006000E8DF80A009DF80A2041464D
:20B200000DF10B00F6F7B0FF9DF80A00C11D01A8FBF74EFD81460DF10B0000F814904FEA81
:20B220002921012000EB44020DF10B0081549DF80A0000F1090101A803F07EFD33B0BDE85B
:20B24000F0832DE9FC4106460F4614461D468DF800608DF8017020128DF80200E0B28DF81F
:20B26000030028128DF804008DF8055006216846FBF71EFDADF806000821684603F05CFD7E
:20B28000BDE8FC812DE9FC4106460F4614461D468DF800608DF8017020128DF80200E0B2B5
:20B2A0008DF8030028128DF80400E8B28DF8050006216846FBF7FCFCADF8060008216846DE
:20B2C00003F03AFDBDE8FC810148007870470000DA0200200148007870470000D80200203C
:20B2E00010B50020044908700120087001221146024805F0ADF810BDD8020020000801409D
:20B3000038B5F948007800B138BDF848007834281BD2DFE800F01A1B2C1A1A1A3C4C711A67
:20B320001A1A1A1A1A1A1A1A1A1A1A1A1A1AF31A1A1AF2C481915EA4D4F4B4F0EFEEEDEC74
:20B34000EBEAE9E81A1AE7E6E5E4D6E20220F8F7C9FD0220E54908700020E5490870E54932
:20B360000870012141F2883003F022F8C5E2E248007801280AD10220F8F7B4FD012141F2D7
:20B38000883003F015F80620D8490870B5E2DA48007801280AD10620F8F7A4FD012141F2F6
:20B3A000883003F005F80720D0490870A5E2D248007801280CD10720F8F794FD012141F212
:20B3C000883002F0F5FF2020C8490870FBF726FD93E2C9480078012802D0C848407850B12F
:20B3E0003220F8F77FFD012141F2883002F0E0FF0820BE49087080E2BF48007801280AD126
:20B400000820F8F76FFD012141F2883002F0D0FF1E20B649087070E2B748007801280AD159
:20B420001C20F8F75FFD012141F2883002F0C0FF2120AE49087060E2AF480078012802D06B
:20B44000AE48407850B11D20F8F74CFD012141F2883002F0ADFF2120A44908704DE2A6485A
:20B46000007801280AD11E20F8F73CFD012141F2883002F09DFF24209C4908703DE29E48A9
:20B48000007801280AD12020F8F72CFD012141F2883002F08DFF2220944908702DE29648C9
:20B4A000007801280AD11B20F8F71CFD012141F2883002F07DFF22208C49087000BF8E482E
:20B4C000007801280AD11F20F8F70CFD012141F2883002F06DFF2320844908700DE21AE0DD
:20B4E000F7E1E6E1D5E17FE14CE13BE193E082E056E045E02FE01EE001E0FAE187E17F4826
:20B50000407838B11F20F8F7EDFC01214FF4FA6002F04EFFF1E17848007801280AD1072040
:20B52000F8F7E0FC012141F2883002F041FF25206E490870E1E17048007801280AD1212056
:20B54000F8F7D0FC012141F2883002F031FF262066490870D1E16848007801280FD122206F
:20B56000F8F7C0FC012141F2883002F021FF27205E490870FAF758FF0020FAF78DFFBCE119
:20B580005D48007801280AD12320F8F7ABFC012141F2707002F00CFF282054490870ACE195
:20B5A0005548007801280AD12420F8F79BFC012141F2707002F0FCFE29204C4908704F489A
:20B5C0004078142816DB4E48007840B14D48D0F8D801401C4B49C1F8D801FCF7F1FC0220CD
:20B5E000F8F780FC012141F2707002F0E1FE01203E49087081E14048007801280AD128200C
:20B60000F8F770FC012141F2883002F0D1FE2A203649087071E138480078012863D13A4996
:20B6200008703A4800780090364890F8C4113048037837480278374803F050FC314890F882
:20B64000C401C0B132480078A8B929480078012811DB2520F8F746FC012141F2883002F0EE
:20B66000A7FE2C20214908700120284908702AA003F034FC37E0FCF753FC0446FCF71AFC54
:20B6800084420FD32248007860B927A0FEF7A4F9032000F043F90020FCF788FC24A003F011
:20B6A0001DFC12E01A48007848B11FA0FEF794F9032000F033F923A003F010FC05E0002065
:20B6C0001249087023A003F009FC0020F8F70AFC012141F2883002F06BFE18200349087063
:20B6E00000200B49087008E1DC020020D8020020DB020020A400002055000020D40400204F
:20B70000DD02002000170020DE020020DA020020E0020020FC5901085265706F7274206497
:20B72000617461200D0A000070706964000000005265706F727420686561727462656174A3
:20B74000200D0A005265706F72742070706964200D0A00005265706F7274206E6F6E6520C6
:20B760000D0A00006648007801280AD12520F8F7B9FB012141F2883002F01AFE2C20614993
:20B780000870BAE05E48007801282CD1FFF79CFD0B281CD2DFE800F006090C0D0E0F121580
:20B7A00018191A00FCF7EAFF11E0FCF7E7FF0EE00DE00CE00BE0FDF7F5FC08E0FCF7B2FE76
:20B7C00005E0FEF797FA02E001E000E000BF00BF2620F8F787FB012141F2883002F0E8FD42
:20B7E0002D204849087088E04548007801280DD12720F8F777FB012141F2883002F0D8FD03
:20B8000000204149087018203E49087075E03F48407850B10220F8F765FB012141F28830BC
:20B8200002F0C6FD3120374908703748007858B10220F8F757FB012141F2883002F0B8FDF3
:20B840002B203049087058E03148007878B90220F8F748FB012141F2883002F0A9FD272012
:20B860002849087001202B490870294908702A48007868B10220F8F735FB012141F2883097
:20B8800002F096FD26201F49087000202049087033E01B48007801280AD12E20F8F722FBB0
:20B8A000012141F2883002F083FD31201549087023E01348007801280AD11A20F8F712FBD2
:20B8C000012141F2883002F073FD32200D49087013E00B48007801280AD10720F8F702FB04
:20B8E000012141F2883002F063FD18200549087003E000200349087000BF00BF00BF03E5FF
:20B9000055000020D8020020DA020020D4040020DB020020A4000020E0020020014908703F
:20B9200070470000DA0200207047000010B5002807DA0A07140E054A00F00F031B1FD454E9
:20B9400003E00A07130E024A135410BD18ED00E000E400E0BFF34F8F0648006800F4E0602F
:20B9600005490843001D03490860BFF34F8F00BFFEE700000CED00E00000FA0570B50546E1
:20B98000FDF766FB04464FF4C0512046F6F705FC10A001682160406860602046F6F71AFCF5
:20B9A00004442846F6F716FC41F2F671884208D22846F6F70FFC0646324629462046F6F7A8
:20B9C000D3FB2046F6F706FC044405A00088208070BD00007B22636D64223A7B000000005A
:20B9E0007D7D000010B548210748F6F7D6FB0748D0F8D001044908640448D0F8D4014864DC
:20BA0000002081F8390010BD40810020001700202DE9F04FADF6E40D82460020CDF8DC08F5
:20BA2000CDF8E008CDF8CC08CDF8D008CDF8D408CDF8D8084FF480610DF2CC40F6F7ADFB19
:20BA400080210DF24C40F6F7A8FB0020CDF848044FF4806112A8F6F7A0FB00201190BAF127
:20BA6000000F72D00024FAA15046F6F7A1FB0446002C6BD0F849162002F03CFF1E20F749C4
:20BA8000C1F8D0011D20C1F8D401F5A15046F6F78FFB044634B1E01DF6F7BEFB8046F249DB
:20BAA000C1F83480F1A15046F6F782FB0446002C7ED04022EF49F048F6F756FBEFA150468D
:20BAC000F6F776FB0446002C52D02221E01DF8F75BF983465A46E11D12A8F6F745FB0DF2A0
:20BAE000CC4112A8FAF796FD0546E3481190002609E00DF2CC40815D1198805D814200D0D3
:20BB000003E0701CC6B2402EF3D300BF402E02D3D548C06AD8B940220DF2CC41D648F6F7B7
:20BB200023FB4821D048F6F738FB002606E0D14901EBC620FCF79DFC701CC6B2372EF6DB88
:20BB40002946D0A003F0CAF909E0E5E27DE12946D4A003F0C3F90120C34981F83800DBA156
:20BB6000C548F6F725FB18B10120BF4981F83900DAA15046F6F71CFB04461CB1BA48D4F80D
:20BB800006100160D6A15046F6F712FB04462CB11022A11DB4480830F6F7E6FAD1A1504607
:20BBA000F6F706FB044634B1A01DF6F735FB00E03FE0AD498862AAA15046F6F7F9FA0446A4
:20BBC00024B1A01DF6F728FBA749486380210DF24C40F6F7E2FAA44890F83900012818D174
:20BBE000A14890F8380058B19F48C06A00909E48836ABEA1426B0DF24C4003F07FF910E02D
:20BC00009948836AC5A1426B0DF24C4003F076F907E09548836ACAA1426B0DF24C4003F00F
:20BC20006DF90DF24C40FFF7A9FE00208E4981F83800CCA15046F6F7BBFA0446002C7CD067
:20BC4000CBA15046F6F7B4FA04461CB1A01DF6F7E3FA8146C8A15046F6F7AAFA04461CB13B
:20BC6000601DF6F7D9FA0546C4A15046F6F7A0FA04461CB1601DF6F7CFFA074678A1504674
:20BC8000F6F796FA04461CB1A01DF6F7C5FA8046BBA15046F6F78CFA0446002C40D072483C
:20BCA00090F8390001283BD14FF0000B4946B6A003F014F96C48C06A484530D12A46E11D85
:20BCC00012A8F6F751FA0DF2CC4112A8FAF7A2FC054629460DF2CC40FAF7EAFF8346294646
:20BCE0000DF2CC40FAF7E4FF3B46024629461090AAA003F0F3F8BB4511D13946AFA003F0C2
:20BD0000EDF8A908584AD26A5A4BD0180DF2CC42FCF7D1FB5448C06A28445349C86200BF9F
:20BD200080210DF24C40F6F738FA4F4890F8390001280AD14C48424600E010E0A7A1C36AFB
:20BD40000DF24C4003F0DAF805E04246ACA10DF24C4003F0D3F80DF24C40FFF70FFEB1A1B0
:20BD60005046F6F725FA0446002C6ED05BA15046F6F71EFA04461CB1D4F80600CDF8DC0844
:20BD800057A15046F6F714FA04462CB11022A11D0DF6CC00F6F7E8F980210DF24C40F6F74D
:20BDA000FCF93148C06AA0F140022F48816AA0A003F094F82C48816AC06A403881423DD125
:20BDC000294890F83900012838D14FF0000B4022284901A8F6F7C8F92348816A2548403058
:20BDE000FAF782FF834659469CA0109A03F076F81D480A9A816A8EA003F070F81098584560
:20BE000014D1A2A003F06AF8FEF7E6FC1649C863012081F83B00022081F839000846A5A108
:20BE2000426B0DF24C4003F069F806E00E48A8A1426B0DF24C4003F061F865E10A4890F84D
:20BE40003900012802D1084850E164E155E100006F7461223A000000C0C62D000017002027
:20BE600074696D650000000040810020757067726164650000000208888100206175746865
:20BE8000000000002D2D6F74612061757468206C656E3D25642020202C6E65772066696CDC
:20BEA000650D0A002D2D6F74612061757468206C656E3D25642020202C72652D646F776E29
:20BEC0006C6F61642066696C650D0A007663755F6F74615F62696E00000000007665720015
:20BEE0006B65790073697A6500000000226F7461223A227265616479222C2274696D652204
:20BF00003A256C642C2273697A65223A25642C2261646472223A256400000000226F7461D0
:20BF2000223A227265616479222C2274696D65223A256C642C2273697A65223A2564000010
:20BF4000226F7461223A2265727262696E222C2274696D65223A256C642C2273697A6522E0
:20BF60003A2564006669726D776172650000000061646472000000006C656E00637263008F
:20BF800064617461000000002D2D6F746120616464723D25642020200D0A00002D2D6F7434
:20BFA00061206C656E3D256420637263313D256420637263323D2564200D0A002D2D2D2D71
:20BFC0002D2D2D2D2D6372632025582D2D2D2D2D2D2D2D2D2D2D200D0A000000226F74611F
:20BFE000223A2261636B222C2274696D65223A256C642C2261646472223A25640000000056
:20C00000226F7461223A22696E76616C69642072657175657374222C2274696D65223A258C
:20C020006C640000636F6D706C657465000000002D2D2D2D2D2D2D2D2D73697A653A2564C4
:20C04000202D2D2D2D2D617574682073697A653A25642D2D2D2D2D2D200D0A002D2D2D2D96
:20C060002D2D2D2D2D76657269667943726333323A2578202D2D2D2D2D63726333323A25F9
:20C08000782D2D2D2D2D2D200D0A00002D2D2D2D2D2D2D2D2D636865636B73756D207375F3
:20C0A0006363202D2D2D2D2D2D2D2D2D2D2D200D0A000000226F7461223A227265626F6F79
:20C0C00074222C2274696D65223A256400000000226F7461223A22637263657272222C2213
:20C0E00074696D65223A2564000000000CA1426B0DF24C4002F002FF06E0104810A1426B38
:20C100000DF24C4002F0FAFE00200C49C8620DF24C40FFF733FC00BF0DF6E40DBDE8F08F84
:20C12000226F7461223A2273697A65657272222C2274696D65223A25640000004081002032
:20C14000226F7461223A22696E76616C69642072657175657374222C2274696D65223A254B
:20C160006400000008B5162002F094F9A0B12348006C2349C1F8D0012048406CC1F8D40129
:20C18000FBF71EFF162002F061F900201B4981F839001CA002F0A2FE184890F83B0000283F
:20C1A0002AD0FEF719FB1549C96B401A42F21071884221D91CA002F091FE2448FCF759F929
:20C1C0000220FEF7DFFA224800906A4604212148FCF771F971B600BFBFF34F8F1E48006896
:20C1E00000F4E0601D490843001D1B490860BFF34F8F00BF00BFFEE708BD000040810020D8
:20C20000001700202D2D2D2D2D2D2D2D2D4F54412054494D454F55542D2D2D2D2D2D2D2DBF
:20C220002D2D2D200D0A00002D2D2D2D2D2D2D2D2D73797374656D2072657365742D2D2D3C
:20C240002D2D2D2D2D2D2D2D200D0A0000F8030845230100C4FC03080CED00E00000FA0530
:20C260002DE9F041A2B0002700250024FD48C088FD4908800026C2E3FC48805D5A2843D1D8
:20C28000FA49701C085C01283ED106F10A00F6490988884238DC4FF00008F44A311D501849
:20C2A000042104F0CDF98046F048304401681F91416820910089ADF88400BDF8840040454A
:20C2C00021D14FF40071E948F5F767FF0020E64908809DF88100F72802D0F82811D10AE06B
:20C2E00040F20131F720FEF729FDE148FCF7C1F871B6FFF72FFB40F20131F820FEF71EFD00
:20C3000000BF00BF80E300BFDAA1D848F5F750FF0446002C65D01420FEF734FAE41D2C2157
:20C320002046F7F731FD0546202D00DB20252021D248F5F732FF25B12A462146CF48F5F79B
:20C3400013FF6019441C2C212046F7F71DFD0546102D00DB1025C948002101624162816284
:20C36000C16225B12A4621462030F5F7FDFE6019441C0D212046F7F707FD0546102D00DBF4
:20C380001025BE480021016341638163C16325B12A4621463030F5F7E7FE802102A8F5F71C
:20C3A000FCFEB6483030A0F11003B44AB4A1009002A802F0A3FD02A8F5F70CFF1FFA80F830
:20C3C000414602A802F022FD4FF40071A748F5F7E4FE0020A349C880A4480860FBF7F0FD23
:20C3E00000BFADA1A148F5F7E3FE044624B31420FEF7C8F9802102A8F5F7CFFE9F48303024
:20C40000A0F110039D4A9EA1009002A802F076FD02A8F5F7DFFE1FFA80F8414602A802F08C
:20C42000F5FC4FF400719148F5F7B7FE00208D49C8808E48086000BF99A18C48F5F7B8FEF2
:20C440000446002C7AD01420FEF79CF90A342C212046F7F799FC0546402D00DB4025402191
:20C4600086484030F5F799FE2A46214683484030F5F77AFE6019441C2C212046F7F784FC8B
:20C480000546062D00DB06257C4880300021016081802A462146F5F767FE6019441C2C21D3
:20C4A0002046F7F771FC0546102D00DB1025102172488630F5F771FE2A4621466F488630E3
:20C4C000F5F752FE6019441C0D212046F7F75CFC0546102D00DB1025102168489630F5F742
:20C4E0005CFE2A46214665489630F5F73DFE802102A8F5F752FE61499631A1F11000831F35
:20C50000A0F14602CDE9000168A102A802F0F6FC02A8F5F75FFE1FFA80F8414602A802F04D
:20C5200075FC4FF400715148F5F737FE00204D49C8804E480860FBF743FD00BF60A14B489B
:20C54000F5F736FE044624B3802102A8F5F725FE4A499631A1F11000831FA0F14602CDE913
:20C5600000015AA102A802F0C9FC02A8F5F732FE1FFA80F8414602A802F048FC4FF40071EC
:20C580003A48F5F70AFE00203649C8803748086000BF54A13548F5F70BFE0446002C60D08B
:20C5A0000B341420FEF7EEF82C212046F7F7ECFB0546402D00DB402540213048F630F5F7C2
:20C5C000ECFD2A4621462D48F630F5F7CDFD6019441C2C212046F7F7D7FB0546062D00DBA5
:20C5E000062543480021016081802A462146F5F7BBFD6019441C2C212046F7F7C5FB054602
:20C60000102D00DB102510213948801DF5F7C5FD2A4621463648801DF5F7A6FD6019441C76
:20C620000D212046F7F7B0FB0546102D00DB102510212F481630F5F7B0FD2A4621462C4863
:20C640001630F5F791FD802102A8F5F7A6FD28491631A1F11000831FA0F14602CDE90001B4
:20C6600048E061E020000020A2030020B87E002000F8030841542B41504E3D006817002078
:20C68000224F4B200D0A202B41504E3D2025732C25732C257300000041542B41504E3F0022
:20C6A00041542B42524F4B45523D00002B42524F4B45523D25732C25732C25732C257300A7
:20C6C00041542B42524F4B45523F00002B42524F4B45523D25732C25732C25732C25730D78
:20C6E0000A00000041542B4642524F4B45523D009E180020C6A102A802F000FC02A8F5F7BD
:20C7000069FD1FFA80F8414602A802F07FFB4FF40071C548F5F741FD0020C449C880C2481B
:20C720000860FBF74DFC00BFC1A1BF48F5F740FD04461CB3802102A8F5F72FFDBF49A1F1EF
:20C740001000831FA0F14602CDE90001BCA102A802F0D4FB02A8F5F73DFD1FFA80F84146E7
:20C7600002A802F053FB4FF40071AF48F5F715FD0020AE49C880AC48086000BFB6A1AA4863
:20C78000F5F716FD0446FCB1802102A8F5F705FDB44890F8A8020209B3A102A802F0AEFB98
:20C7A00002A8F5F717FD1FFA80F8414602A802F02DFB4FF400719C48F5F7EFFC00209B4980
:20C7C000C8809948086000BFABA19748F5F7F0FC0446B4B3802102A8F5F7DFFCA07A3128D0
:20C7E00009D1A04890F8A80220F0F00010309D4981F8A80207E09B4890F8A80220F0F00000
:20C80000984981F8A802974890F8A80202099DA102A802F073FB02A8F5F7DCFC1FFA80F8B1
:20C82000414602A802F0F2FA4FF400717E48F5F7B4FC00207D49C8807B480860FBF7C0FBCD
:20C8400000BF95A17848F5F7B3FC0446CCB14FF434718448F5F7A1FC4FF400717248F5F72A
:20C860009CFC00207149C8806F480860FBF7A8FBFBF75CFB10218BA002F0C8FA71B6FFF7D4
:20C8800069F88DA16848F5F793FC0446002C5DD0A62174486830F5F780FCA6216748963874
:20C8A000F5F77BFC1C2287A16E48A830F5F75CFC6248CC388BA10A680260097901718BA10F
:20C8C0000A68C0F806208A88428189790173163088A10A680260496841601C2288A1603031
:20C8E000F5F742FC554816388DA10A680260097901715C488CA10A68C0F8A421097980F873
:20C90000A8118BA10A68C0F8B4214968C0F8B811802102A8F5F741FC88A102A802F0EEFAE0
:20C9200002A8F5F757FC1FFA80F8414602A802F06DFA4FF400713C48F5F72FFC00203B4900
:20C94000C88039480860FBF73BFB00BF3648805DC52852D13449701C085C6A284DD1B01C6B
:20C96000085C292849D1F01C0F5C7848007810B9774801F085FF0120744908700F20FDF7C3
:20C9800001FF74480088801BB84236DB71480088801B042831DB7A1ED1B2234A9019FAF777
:20C9A000BDF9F119491E204A515C884214D1104681193A466848F5F7D7FB1B4881193A462F
:20C9C0006648F5F7D1FB184A311D505C01F0C0FA6348007800F0CAFC0020624908704FF48B
:20C9E000FA60614908804FF400710F48F5F7D5FB00200E49C8800C480860701C86B2554808
:20CA000000888642FFF638AC00BF22B0BDE8F0812B4642524F4B45523D25732C25732C2526
:20CA2000732C257300000000B87E00202000002041542B4642524F4B45523F00B418002033
:20CA40002B4642524F4B45523D25732C25732C25732C25730D0A000041542B4C4F4753571C
:20CA6000433F0000001700202B4C4F475357433D25640D0A0000000041542B4C4F475357DA
:20CA8000433D00004F4B200D0A202B4C4F475357433D25640D0A000041542B434C52454523
:20CAA000500000002B434C52454550200D0A204F4B200D0A0000000041542B42524F4B52D8
:20CAC000535400006D7174742D636C69656E74312E6F6D6E69766F6C746169632E636F6DCC
:20CAE000000000003138383834000000436C69656E74310033517470466E445300000000E6
:20CB00006D7174742D666163746F72792E6F6D6E69766F6C746169632E636F6D00000000EA
:20CB2000313838383300000041646D696E00000037787A5556404D54000000002B42524F3D
:20CB40004B5253543D4F4B0D0A000000A0030020E0930400A2030020787E0020387E0020B8
:20CB600099030020A7000020AC0000200448806C0449884201D1012070470020FCE700006A
:20CB8000D88000205A63D2A50548006C20B90448806C0449884201D1012070470020FCE75B
:20CBA000D88000205A63D2A500487047D880002010B568220F491048F5F7D6FA00200E4920
:20CBC000086300210C484163806C0C4988420BD00948806C0A49884206D008480649886430
:20CBE00000204866FBF7ECF900F020FA00F084F910BD000000170020D88000205A63D2A569
:20CC0000A5D2635A70B58848006D8749896A88422BD18548416DC06A814226D107218348A3
:20CC200000F09CFB012082490870FBF73DF9032813D27D48006C80B97B48806C7D49884228
:20CC40000BD101F0EFFBFBF729F9FBF72DF9401CC5B22846FBF7A0F9E4E07748407820F0DA
:20CC60000800083074494870DCE06F48006D734908606D48406D486001240EE003F04CFFA0
:20CC80006948006D6849896A884205D16648416DC06A814200D104E0641C40F6D8408442A0
:20CCA000ECDB00BF40F6D740844202DC6448046002E00020624908606148006800286EDD54
:20CCC0005E480068584988625C4841685648C162FBF776F95A480068B0F5096F04DB4FF403
:20CCE00009605749086008E055480068B0F5896F03DB4FF48960524908604B48806C514913
:20CD000088420CD10020484908668863C863FEF735F84FF48960444908640020C864484814
:20CD20000068B0F5096F1AD142483F498864C86400200864C863FEF721F800203A49086683
:20CD40008863414908703C48407820F004003A4948700020364908703349486646E0384874
:20CD60000068B0F5896F1BD100202F4908668863C863FEF703F84FF489602B49086400208A
:20CD8000C864304888642C48407820F004002A4948700020264908702349486626E033E05E
:20CDA00027480068002821DD25480068B0F5896F1CDA1D48006C48B91F484078C0F38000EA
:20CDC00020B9002018490866FDF7D8FF00F040F8002017490870FBF7DFF81348806B184930
:20CDE00009680844104988631248886401F0A8F81148407820F008000F494870084640781C
:20CE000020F0020048700DE00721104800F0A6FA0220074908700848407820F00800083009
:20CE20000549487070BD0000D88000203C030020B4030020A5D2635A3A0200202804002035
:20CE4000240400205A63D2A54F0200204303002010B52548806C2549884243D02248806CC0
:20CE60002349884202D12048006C98B11E48406E2049096808441C49C96B88420ADD1A48A6
:20CE8000406E1C49096808441749C8630846406C401C48641448806B1349C96B884207D9B4
:20CEA0001148806B1049C96B401A0F49086419E00D48006C58B90C48C06B0B49896B884227
:20CEC00005D10948406E0849C96B884201D0FBF777F80020044908640846806BC863084671
:20CEE000C06B486610BD0000D88000205A63D2A5A5D2635AB003002070B5FDF7B3F80446CB
:20CF000001254148007800287CD000203E4908703E48806C3E49884203D0FDF70FF83D4940
:20CF20000860FFF795FF142138481430FCF7D0FC14213648FCF790FC374A03210120FCF75C
:20CF40000FFB052135A0FCF735FD36490888FCF701FD2E49B1F8401088B2FCF7D9FC2B49C1
:20CF6000898F88B2FCF7E8FC2849098F88B2FCF793FC2648806C2649884203D10120FCF748
:20CF800099FC02E00020FCF795FC2049B1F8441088B2FCF7CBFC20496839B1F8DC1188B242
:20CFA000FCF74CFC1C49683991F8C41109B9012100E000210846FCF79DFC14482830FDF76B
:20CFC000B5FC1D211848FCF727FCFCF7B1FF38B1FDF74EF820B1FAF75BFF122001F036FAB7
:20CFE0000A48006C38B9FCF7A3FF20B90748806C0749884203D10120FCF740FC02E0002099
:20D00000FCF73CFC70BD0000B7030020D88000205A63D2A5B003002068170020342E312EFF
:20D02000330000003A020020DC1600200120014908707047B70300207047000013B5044612
:20D0400001A801F03DFF04EB8402024941F822001CBD0000A88F00202DE9F04704460D46C5
:20D0600005F10A063068F5F7B7FA80462249F5F7EDF8074604EB8402204800EB820000F1EB
:20D080000A013846FBF742FA05F10E063068F5F7A3FA80461849F5F7D9F8074604EB840208
:20D0A000164800EB820000F10E013846FBF72EFAA8884FF6FF7101EA002104EB84020F4850
:20D0C00000EB82008180AE1D3068F5F785FA81460949F5F7BBF880460749F5F7B7F807465E
:20D0E00004EB8402054800EB8200811D3846FBF70DFABDE8F087000000007A44A88F0020BB
:20D100000120014908707047C50500202DE9F04104462068F5F760FA06463449F5F796F8E9
:20D12000054633492846FBF7F1F96068F5F754FA06462E49F5F78AF805462D490831284643
:20D14000FBF7E4F9A068F5F747FA06462749F5F77DF80546264910312846FBF7D7F9E0683B
:20D16000F5F73AFA06462349F5F770F805462049091D2846FBF7CAF92069F5F72DFA06469E
:20D180001C49F5F763F8054619490C312846FBF7BDF96069F5F720FA06461649F5F756F82F
:20D1A0000546134914312846FBF7B0F9E069F5F713FA07460D49F5F749F806460D49F5F7DA
:20D1C00045F805460A4918312846FBF79FF9206AF5F702FA06460849F5F738F80546044970
:20D1E0001C312846FBF792F9BDE8F08100002041808F002000007A440000C84210B50020A4
:20D20000054908704FF4AA710448F4F7C6FF02200349087010BD0000C5050020808F002022
:20D22000C705002008B547480078002848D00020444908704448007801286CD14348444957
:20D24000097830F8310024283BDC40484049097800EBC100406870B33C483D49097800EB12
:20D26000C1004088012810D138483949097800EBC1004068038835483549097830F83120C4
:20D2800006210220FDF7FEFF15E030483049097800EBC100807800902C482D49097800EB63
:20D2A000C100436829482A49097830F8312010210220FDF787FF26480078401C2449087030
:20D2C0003EE022482249097800EBC100406880B1092000901D481E49097800EBC1004368F8
:20D2E0001A481B49097830F8312010210220FDF769FF17480078401D1549087008460078EF
:20D3000055281DD30020087002200F4908700120FBF78EF814E04FF480610E48F4F73DFFE8
:20D3200000200D49C8804FF40070888009480860FBF778F810B9012003490870FAF758FE64
:20D3400008BD0000C5050020C7050020B04B0108C6050020C01200201000002070B50546B1
:20D360000C46A1B2284601F051FD70BD10B50446122C7CD00BDC7BD2DFE804F07A2A7A7A0E
:20D380007A446389ACE6FDFCFBFAF9F8F7F6EF2C6FD00EDC182C6DD006DC132C6BD0142C24
:20D3A0006AD0172C64D16CE27F2C66D0E12CF9D1D2E2FA2C7ED006DCF12C7CD0F22C7BD0D9
:20D3C000F52CEFD1F0E2FB2C77D0FF2CEAD154E32021FE48F4F7E1FEFC48FD490A68026060
:20D3E000898881800E22FB49801DF4F7BDFE1421F648F9F793FCF54908751521F348FFF750
:20D40000ADFF10E22021F148F4F7C7FEEF48F2490A68026009790171EE4890F84000EB49D8
:20D420004871EC48B0F84000000A88710721E748F9F774FCE549C8710821E448FFF78EFF1E
:20D44000DFE72021E148F4F7A8FEE048E3490A68026009790171DF4890F83C00DB49487127
:20D46000DC48808F000A88710721D84806E09DE1F0E372E235E2D7E1F5E162E2F9F74EFC80
:20D48000D249C8710821D148FFF768FFB9E72021CE48F4F782FECD48D1490A6802600979B2
:20D4A0000171CC4890F83800C8494871C948008F000A03E096E260E271E2C2E288710721FD
:20D4C000C248F9F72BFCC149C8710821BF48FFF745FF96E7C348407914281AD12021BB48D2
:20D4E000F4F75BFEB948C0490A680260898881801422B8491431801DF4F736FE1A21B3488A
:20D50000F9F70CFCB14988761B21B048FFF726FF19E02021AD48F4F740FEAC48B3490A6812
:20D520000260898881800E22AA491431801DF4F71BFE1421A548F9F7F1FBA44908751521D0
:20D54000A248FFF70BFFCDE32021A048F4F725FE9E48A7490A680260097901719D48806C8B
:20D56000A44988420CD107E002E1E1E0C0E09FE07EE05DE03CE014E001209449487102E029
:20D5800000209249487100209049887107218F48F9F7C4FB8D49C87108218C48FFF7DEFE59
:20D5A000A0E320218948F4F7F8FD884892490A680260097901718748806C8E49884202D055
:20D5C0008448006C18B101208049487102E000207E49487100207D49887107217B48F9F76B
:20D5E0009DFB7A49C87108217848FFF7B7FE79E320217648F4F7D1FD744880490A88028056
:20D600008978817008207149C8700B2008717C48007848717A484078887107216B48F9F727
:20D620007DFB6A49C87108216848FFF797FE59E320216648F4F7B1FD644870490A880280E5
:20D640008978817008206149C8700C2008716D48807948716B48C079887107215B48F9F722
:20D660005DFB5A49C87108215848FFF777FE39E320215648F4F791FD544860490A88028075
:20D680008978817008205149C8700D2008715D48007A48715B48407A887107214B48F9F71F
:20D6A0003DFB4A49C87108214848FFF757FE19E320214648F4F771FD444850490A88028005
:20D6C0008978817008204149C8700E2008714D48807A48714B48C07A887107213B48F9F71E
:20D6E0001DFB3A49C87108213848FFF737FEF9E220213648F4F751FD344840490A88028096
:20D700008978817008203149C8700F2008713D48007F48713B48407F887107212B48F9F712
:20D72000FDFA2A49C87108212848FFF717FED9E220212648F4F731FD244830490A88028026
:20D740008978817008202149C870102008712D48007B48712B48407B887107211B48F9F719
:20D76000DDFA1A49C87108211848FFF7F7FDB9E220211648F4F711FD144823490A680260F4
:20D780000979017101461348C06AC1F8050008461049896AC0F809100D21F9F7BFFA0B4975
:20D7A00048730E210948FFF7D9FD9BE220210748F4F7F3FC054815490A6802600979017108
:20D7C000401D04490A6B0260496B21E0F87D002003030020D88000205103002056030020F3
:20D7E0005B030020387E0020F7020020FD020020600300205A63D2A565030020F402002048
:20D800003A020020921200200E0300200903002041600D21401FF9F781FAFE4948730E21C1
:20D82000FC48FFF79BFD5DE22021FA48F4F7B5FCF848F9490A68026009790171F74890F8A7
:20D840004400F4494871F548B0F84400000A88710721F048F9F762FAEE49C8710821ED48E8
:20D86000FFF77CFD3EE22120ED4948710721EC48F9F754FAEA49C8710821E948FFF76EFD28
:20D8800030E22021E348F4F788FCE248E5490A880280897881700C20DE49C8701720087102
:20D8A000E14890F824004871DF4890F825008871DD4890F82600C871DB4890F827000872B5
:20D8C000D948007F4872D848407F88720B21D148F9F724FACF49C8720C21CE48FFF73EFDFC
:20D8E00000E22021CB48F4F758FCCA48CD490A880280897881700C20C649C8701820087161
:20D90000C94890F820004871C74890F821008871C54890F82200C871C34890F823000872C4
:20D92000C148807F4872C048C07F88720B21B948F9F7F4F9B749C8720C21B648FFF70EFD74
:20D94000D0E1BA4840792E2805D12E22B749891DB548F4F709FCC5E1C4E11421AF48F4F7EA
:20D960001CFC0E22B249AD48F4F7FEFBFAF728FB0721B048FFF7F2FCB4E11421A748143076
:20D98000F4F70BFC1422AA49A4481430F4F7ECFBFAF716FB0721A848FFF7E0FCA2E10721D3
:20D9A000A648FFF7DBFC9DE1A5484078C0F38000B8B1A44899498864C86400200864C86350
:20D9C000FDF7DCF900209549086688639E4908709B48407820F004009949487000208F4987
:20D9E00048667FE120218B48F4F7D7FB9048801F007B8849C8708E48801FC07A88708C48D2
:20DA0000801F807A48708A48801F407A08708848801F007AC8718648801FC0798871844885
:20DA2000801F807948718248801F407908717B480A68026549684165FFF7E4F8FAF7C0FA8A
:20DA400050E1764800218162C1627949491E0A6882624968C162806A7C4908606F48C06A65
:20DA60006E498862794801686C48C162FAF7A8FA07217748FFF772FC34E16C4840793F283D
:20DA800022D120216348F4F788FB624865490A880280897881700A205E49C8700020087139
:20DAA0003F204871022088715F48007CC8715E48407C087209215748F9F730F955494872C1
:20DAC0000A215448FFF74AFC584840793E2822D120215048F4F761FB4E4852490A8802802C
:20DAE000897881700A204B49C870002008713E204871022088714C48807CC8714A48C07CDC
:20DB0000087209214348F9F709F9424948720A214048FFF723FC454840793D2822D12021F8
:20DB20003C48F4F73AFB3B483E490A880280897881700A203749C870002008713D204871A0
:20DB4000022088713848007DC8713748407D087209213048F9F7E2F82E4948720A212D4881
:20DB6000FFF7FCFB314840793C2822D120212948F4F713FB27482B490A880280897881709B
:20DB80000A202449C870002008713C204871022088712548807DC8712348C07D08720921FE
:20DBA0001C48F9F7BBF81B4948720A211948FFF7D5FB1E4840790A2822D120211548F4F721
:20DBC000ECFA144817490A880280897881700A201049C870002008710A204871022088714B
:20DBE00011480079C87110484079087209210948F9F794F8074948720A210648FFF7AEFB76
:20DC00000A484079092844D120210248F4F7C5FA004820E0F87D00206A030020D88000209C
:20DC200087030020F402002092120020387E00207E7E002027030020200300203503002089
:20DC40003A020020A5D2635A4F0200209C0300202E03002045E027490A8802808978817018
:20DC60000A202549C87000200871092048710220887122488078C8712048C078087209215F
:20DC80001D48F9F74BF81C4948720A211A48FFF765FB1B484079082822D120211648F4F721
:20DCA0007CFA154813490A880280897881700A201149C870002008710820487102208871DE
:20DCC0000E480078C8710D484078087209210A48F9F724F8084948720A210748FFF73EFB7A
:20DCE00000E000BF00BFFFF7B3F800200549087010BD0000F4020020F87D00209212002003
:20DD0000387E00209903002002200149087070473004002070B504460D464FF400710948BB
:20DD2000F4F73BFA4FF40070074988800020C880044808600520FCF725FD2946204600F09D
:20DD4000FBFF70BDC01200201000002010B504460B2C07D2DFE804F006070C11161B209293
:20DD6000979CA1009EE008214F48FFF7D3FF99E008214E48FFF7CEFF94E008214C48FFF7A7
:20DD8000C9FF8FE008214B48FFF7C4FF8AE008214948FFF7BFFF85E048480078012835D163
:20DDA0004748016847480068401C814200D979E044480068801C424908600120424908707C
:20DDC00006204870F82088701020C8703C480088000A08713A480078487106213A4802F010
:20DDE0004FF8394988710621374802F049F800123549C87108213448FFF78CFF3220FCF754
:20DE0000C1FC08213148FFF785FF36E02C4800682C490968884202D82948006860BB294848
:20DE200000682749086001202749087006204870F82088701020C87021480088000A0871CF
:20DE40001F480078487106211F4802F019F81E49887106211C4802F013F800121A49C87103
:20DE600008211948FFF756FF3220FCF78BFC08211648FFF74FFF00E014E013E008211348EB
:20DE8000FFF748FF0EE008211148FFF743FF09E008211048FFF73EFF04E008210E48FFF7A7
:20DEA00039FF00BF00BF10BD780400203804002040040020680400207004002090040020AF
:20DEC0008C04002088040020800400205804002048040020500400206004002002460020FA
:20DEE00000BF06E0431C52F8233042F82030431C98B28842F6DB704730B585B0024600207A
:20DF0000042307E052F820404DF82340441CE0B25C1EE3B20528F5DB029D009C6C40009428
:20DF2000039D019C6C400194049D009C6C400094009C0C60019C4C6005B030BD704700003C
:20DF400010B507210148FFF709FA10BD4A03002010285BD00ADC71D2DFE800F024289191A7
:20DF6000912C3034383C4044484C50547F286AD009DCA0F111010829EDD2DFE801F04B4FA5
:20DF8000535780805B60F5286DD006DCEF285ED0F12860D0F22872D161E0FA2867D0FB2838
:20DFA0006DD168E0FF21394A11706CE00121374A117068E00521354A117064E00621334AF1
:20DFC000117060E00721314A11705CE008212F4A117058E009212D4A117054E00A212B4ACF
:20DFE000117050E00B21294A11704CE00C21274A117048E00D21254A117044E00E21234AFF
:20E00000117040E00F21214A11703CE010211F4A117038E011211D4A117034E012211B4A2E
:20E02000117030E01321194A11702CE01421174A117028E01721154A117024E01FE01821B8
:20E04000124A11701FE07F21104A11701BE0EF210E4A117017E0F1210C4A117013E0F2219F
:20E060000A4A11700FE0F521084A11700BE0FA21064A117007E0FB21044A117003E0002146
:20E08000024A117000BF00BF704700009903002010B540F2046002F0C3FC0123022210213D
:20E0A000064802F027FA00F089F800F00BF800200349087004F010FC10BD00000010014099
:20E0C0006B05002010B501221146024802F0C0F910BD00000010014010B50022012102480B
:20E0E00002F0B6F910BD0000001001402DE9F04788B005460027B8464FF0010A00242E21AF
:20E100002846FBF7F5FEC6B2142E04DB0020014608B0BDE8F087A919481C0021FBF7E8FEB9
:20E1200000F0FF09002411E0285D07EB870100EB4100A0F13007285D302805DA285D39283D
:20E1400002DD00200146E3E7601CC4B2B442EBDB002417E0701C2044285C08EB880100EB0B
:20E160004100A0F130080AEB8A004FEA400A285D302805DA285D392802DD00200146C7E7FD
:20E18000601CC4B24C45E5DB5046F4F73BFACDE902014046F4F736FACDE90001DDE902238A
:20E1A000F4F7ABF9CDE906013846F4F72BFACDE90401DDE90623F4F787F8A9E700200021A0
:20E1C00000BF04E0044A125C5140421CD0B20B28F8D3014AD17270475F05002010B501F0F2
:20E1E0006FFEFCF7FFFA10BD08B53048006840F001002E49086000BF2C48006800F00200BF
:20E200000028F9D000BF2948406840F08000274948600020009002E00098401C00900098BF
:20E220005028F9D32148406840F090001F4948600020009002E00098401C00900098502893
:20E24000F9D300BF1948406820F003001749486008460068164908401449086008464068F7
:20E26000144908401149486008460068104908400E4908600846006820F4802008600846C1
:20E2800040680D490840094948600846006808490840064908604FF41F00886004F0F0FA10
:20E2A0004FF40051880302F01DFB08BD00100240FFFFF6FE0C00FFE8FFFF00F710B501215D
:20E2C000880704F01CFC01280AD10648007818B10548007804F09EF90121880704F00CFC13
:20E2E00010BD00005F0500206B0500204FF47A714160704710B50446207820F0010020706F
:20E30000002240210B4802F0A3F80120FCF71EFF0948007820F00100401C074908704FF428
:20E32000FA6048600846007820F00200801C087010BD000000080140CC0400207047000032
:20E3400010B504460020FCF761FD00200149087010BD0000B603002010B50446F9F7C2FDF7
:20E360006060FBF797FE40B1F9F7B6FD28B1FCF7ABFF10B90520FDF7D1FA10BD10B50446C3
:20E380004FF4FA606060FCF7F3FE10BD70B504464FF4C8706060FCF7CBFE08B9012000E047
:20E3A00000200546FCF7BAFEFCF7CAFE70BD00000A4A127822F00102521C084B1A701A46C1
:20E3C000127822F002021A701A465060127822F0F8021A7009B100225A707047D40400208E
:20E3E0000748007820F0010005490870002048600846007820F0F8000870002048707047E2
:20E40000D404002010B504464FF4FA606060F8F747FC10BD10B5044664206060F8F78EFCCD
:20E4200010BD00000748007820F00100401C05490870054848600846007820F0F8000870DA
:20E440007047000024050020A0BB0D0010B50146002000BF18E000EB40020D4B33F822207F
:20E460008A420FD100EB400203EB82025268127822F0F80200EB4003054C04EB83035B684A
:20E480001A7003E0421CD0B21728E4DB00BF10BD4C4501080246002100BF10E001EB4100C6
:20E4A000094B33F82000904207D101EB410003EB800040680078C0087047481CC1B21729C2
:20E4C000ECDB0020F8E700004C45010810B50446F9F712FD6060FFF717FCFBF7EDFD4FF4E6
:20E4E000FA6000F001F810BD06494860097821F00101491C034A11701146097821F0F8016C
:20E5000011707047DC04002010B5C748007820F00100401CC44908700846007820F00200AD
:20E52000801C0870F9F7E8FCBF4948600846007820F0F8000870BD48007820F00100BB496B
:20E5400008700846007820F002000870002048600846007820F0F8000870B548007820F060
:20E560000100401CB24908700846007820F00200801C0870642048600846007820F00200DB
:20E58000801C08700846007820F0F8000870A948007820F00100401CA6490870084600781E
:20E5A00020F00200801C0870642048600846007820F0F8000870A048007820F00100401CF6
:20E5C0009D4908700846007820F00200801C0870642048600846007820F0F80008709748A0
:20E5E000007820F00100401C944908700846007820F00200801C08704FF47A7048600846D2
:20E60000007820F0F80008708D48007820F00100401C8B4908700846007820F002000870AC
:20E62000F9F74EFC864948600846007820F0F80008708448007820F00100824908700846FD
:20E64000007820F002000870002048600846007820F0F80008707C48007820F001007A499A
:20E6600008700846007820F002000870002048600846007820F0F80008707448007820F080
:20E680000100724908700846007820F002000870002048600846007820F0F80008706C4834
:20E6A000007820F00100401C694908700846007820F00200801C087064204860084600786D
:20E6C00020F0F80008706348007820F00100614908700846007820F00200087047F230505B
:20E6E00048600846007820F0F80008705A48007820F00100584908700846007820F0020010
:20E70000087042F2107048600846007820F0F80008705248007820F001005049087008465D
:20E72000007820F00200087042F2107048600846007820F0F80008704948007820F001001B
:20E74000474908700846007820F002000870454848600846007820F0F800087042480078E4
:20E7600020F00100401C404908700846007820F00200087043F6982048600846007820F06C
:20E78000F80008703948007820F00100401C374908700846007820F00200801C0870F9F7CF
:20E7A000A1FB324948600846007820F0F80008702F48007820F00100401C2D4908700846BC
:20E7C000007820F00200801C08704FF47A7048600846007820F0F80008702648007820F08A
:20E7E0000100244908700846007820F002000870214848600846007820F0F80008701F4825
:20E80000007820F00100401C1C4908700846007820F00200801C0870CD20486008460078EF
:20E8200020F0F800087010BD94040020D4040020A4040020AC040020B4040020BC0400208B
:20E84000F4040020C4040020CC040020EC040020FC040020040500200C0500201405002005
:20E8600024050020A0BB0D002C050020340500203C05002044050020E09304004C0500208B
:20E8800006494860097821F00101491C034A11701146097821F0F80111707047EC04002090
:20E8A00010B50446207800F0010050B1FCF796FA38B14FF6FF716068884202D26068401C14
:20E8C000606010BD10B504464FF47A706060FEF7ADFB10BD10B504464FF47A706060F9F759
:20E8E000B1FAF4F797FE64206060F7F7DDFFFEF707FC10BD30B50246002000BF2EE000EB15
:20E900004003184C34F82330934225D100EB400304EB83035B681B7823F001035B1C00EB94
:20E920004004104D05EB84046468237000EB40032C4604EB83035B68596000EB400304EBB1
:20E9400083035B681B7823F0F80300EB400405EB84046468237003E0431CD8B21728CEDB13
:20E9600000BF30BD4C45010810B50B48007820F00100401C084908700846007820F00200B3
:20E980000870F9F79DFA044948600846007820F0F800087010BD0000F4040020014909788D
:20E9A000C8087047F404002010B51349134804F088F9D8B112480068A8B1104804F0FEF8E1
:20E9C000C1B20F48C488601C0D4AD0801046006801551046C08811468988884206DB002019
:20E9E0001146C88002E0054804F0E8F80549034804F067F910BD000005030500004C004022
:20EA0000180000200703070010B51349134804F058F9D8B112480068A8B1104804F0CEF836
:20EA2000C1B20F48C488601C0D4AD0801046006801551046C08811468988884206DB0020B8
:20EA40001146C88002E0054804F0B8F80549034804F037F910BD000005030500005000401D
:20EA6000200000200703070010B51149114804F028F9B8B110480068A0B10E4804F09EF85E
:20EA8000C1B20D48C488601C0B4AD0801046006801551046C08811468988884202DB002060
:20EAA0001146C8800549034804F00BF910BD000005030500003801400000002007030700A2
:20EAC00010B51349134804F0FCF8D8B112480068A8B1104804F072F8C1B20F48C488601CE6
:20EAE0000D4AD0801046006801551046C08811468988884206DB00201146C88002E00548BC
:20EB000004F05CF80549034804F0DBF810BD000005030500004400400800002007030700B6
:20EB200010B51349134804F0CCF8D8B112480068A8B1104804F042F8C1B20F48C488601CE5
:20EB40000D4AD0801046006801551046C08811468988884206DB00201146C88002E005485B
:20EB600004F02CF80549034804F0ABF810BD000005030500004800401000002007030700AA
:20EB800010B51A4A00211A4800F091FF174840681849884214D015484068491C88420FD020
:20EBA00012484068491C88420AD0104840681149FE39884204D00D484068491C88420AD114
:20EBC0000A48007A042806D108498A7A48680B31F8F7D6FA09E00548007A042805D1034968
:20EBE0008A7A48680B31F8F71FF910BDD40500200064004000E6061810B50022114625202D
:20EC000001F010FE40F2026001F00AFF40F20E6001F006FF4FF4007303221821074801F07D
:20EC200069FC4FF4806303220421044801F062FC4FF41641024800F001F910BD0008014080
:20EC40000038014070B505460E4600240CE0295D074803F0B8FF00BF0721054804F005F8C3
:20EC60000028F9D0601C84B2B442F0DB70BD00000038014010B500221146262001F0D2FD46
:20EC800040F2026001F0CCFE40F2117001F0C8FE042303221821074801F02CFC082303227E
:20ECA0000421044801F026FC4FF4E131024800F0C5F810BD000801400044004070B505467A
:20ECC0000E4600240CE0295D074803F07CFF00BF0721054803F0C9FF0028F9D0601C84B2FB
:20ECE000B442F0DB70BD00000044004010B500221146272001F096FD40F2036001F090FE85
:20ED000040F2127001F08CFE4FF4806303221821074801F0EFFB4FF40063032204210448DA
:20ED200001F0E8FB4FF41651024800F087F810BD000C01400048004070B505460E46002412
:20ED40000CE0295D074803F03EFF00BF0721054803F08BFF0028F9D0601C84B2B442F0DBAD
:20ED600070BD00000048004010B500221146342001F058FD40F2046001F052FE40F213707A
:20ED800001F04EFE4FF4806303221821074801F0B1FB4FF4006303220421044801F0AAFBF4
:20EDA0004FF41651024800F049F810BD00100140004C004010B500221146352001F032FDD1
:20EDC00040F2046001F02CFE40F2056001F028FE40F2147001F024FE4FF480530322182197
:20EDE000074801F087FB042303221946054801F081FB4FF41641044800F020F810BD000031
:20EE000000100140001401400050004070B505460E4600240CE0295D074803F0D4FE00BF8F
:20EE20000721054803F021FF0028F9D0601C84B2B442F0DB70BD00000050004070B50446BA
:20EE40000D46204603F0C4FE2946204603F06EFE1948844204D18114204603F06EFF03E0D6
:20EE60000021204603F069FF0021204603F055FF1148844204D10115204603F03EFF03E05F
:20EE80000021204603F039FF0021204603F004FF0021204603F0F8FE0421204603F035FF21
:20EEA0000821204603F041FF204603F0D9FE0349204603F0F9FE70BD004800400503050002
:20EEC0000146CA7810048A7840EA02600A7840EA02204A781043704700BFFEE70FB4054BB6
:20EEE00010B503A9044A029800F0F6F810BC5DF814FB000095030108CC0500200FB4084B03
:20EF000010B504A902AA039800F0E6F8044602A9002000F078FC204610BC5DF814FB00005B
:20EF200007F8000800487047D00500200148006870470000D005002002E008C8121F08C1CD
:20EF4000002AFAD170477047002001E001C1121F002AFBD170470000014908607047000044
:20EF6000D00500202DE9FF5FDDE90220010DDDF838B0024318D044F61050A1F2FF31414367
:20EF80000D140F98012820D0A5EB0B00401C5FEA000A4FF00004474EDFF81C91A04650466E
:20EFA00016D5CAF1000728E00F98012443A2012808D0002100980F9BC0E90021C0E90243CF
:20EFC000BDE8FF9F6FEA0B01F4E7CBF10000DEE7074612E0F80707D0224633464046494622
:20EFE000F3F719FA804689462246334610461946F3F711FA04460E467F10002FEAD1DDE917
:20F000000201BAF1000F42464B4602DAF3F703FA01E0F3F772FA04460E460022284BF3F703
:20F0200031FB03D84FF0FF30014607E00022254B20463146F3F748F9F3F732FD102409E05D
:20F04000002C0ADB0A220023F3F766FB019B30321A55641E50EA0102F2D1641C019AC4F146
:20F06000110314440F9A012A03D0012208430DD10AE0084304D000204FF0110B0F9080E7A7
:20F08000A3EB0B056D1E0DE05B4504DD4FF0000205F1010504E003DA4FF00002A5F10105FE
:20F0A000002AECD000980F99C0E90231C0E9004586E70000000024400000F03F3000000030
:20F0C0000000F0430000E03F30380A2801D2012070470020704700002DE9FF4F95B09B4638
:20F0E0008946064600250FE2252877D100242746F84A0121059400E0044316F8013F203BEC
:20F1000001FA03F01042F7D130782A2811D06FF02F033078A0F13002092A16D8059A44F01C
:20F12000020402EB820203EB42021044761C0590EFE759F8042B0592002A03DA504244F4ED
:20F140000054059044F00204761C30782E2816D116F8010F44F004042A280DD06FF02F02FC
:20F160003078A0F13003092B09D807EB870302EB4303C718761CF3E759F8047B761C30780A
:20F180006C280FD006DC4C2817D068280DD06A2814D104E0742810D07A280FD10DE044F4D4
:20F1A00000140AE044F4801401E044F440147278824202D104F58014761C761C30786628B0
:20F1C0000BD013DC582877D009DC002875D04528F6D04628F4D047281AD19DE118E063288C
:20F1E00035D0642879D0652812D195E1702873D008DC6728F1D069286FD06E280DD06F2866
:20F2000006D1B5E073282CD0752875D0782874D05A46179990476D1C75E1C4F302500228EC
:20F2200009D003280DD0D9F8001004280DD00D6009F1040967E1D9F80010EA17C1E9005269
:20F24000F6E7D9F800100D80F2E70D70F0E719F8041B8DF8001000208DF80100EA4601207A
:20F2600003E059F804AB4FF0FF3061074FF0000102D40DE008F101018846B9420FDA804560
:20F28000F8DB1AF808100029F4D108E008F1010188468142FADB1AF808100029F6D1059883
:20F2A0005B46A0EB080721463846179A00F094FA284400EB080507E04DE029E10DE01AF87E
:20F2C000010B5A4617999047B8F10108F7D25B4621463846179A13E142E00A220092C4F3BE
:20F2E00002524FF0000A022A08D059F804CB032A4FEAEC710AD00DE029E02AE009F10701AE
:20F3000021F00702F2E802C1914609E00FFA8CFC4FEAEC71042A03D14FFA8CFC4FEAEC71E6
:20F32000002907DA0A460021DCF1000C61EB02012D2202E0220504D52B228DF804200122E0
:20F3400003E0E20701D02022F7E7904659E00A2102E010220DE010214FF0000A00910BE0BF
:20F3600010224FF0000A44F004040827009203E008224FF0000A0092C4F30252022A05D021
:20F3800059F804CB0021032A08D009E009F1070121F00702F2E802C1914605E01FFA8CFC28
:20F3A000042A01D10CF0FF0C4FF00008220728D5702806D0009B83F0100353EA0A0305D02B
:20F3C0000EE040228DF80420012208E05CEA010206D030228DF804208DF80500022290468B
:20F3E000009B83F0080353EA0A030AD15CEA010201D1620705D530228DF804204FF001082E
:20F400007F1E582804D034A003900EA802900DE036A0F9E753466046009AF3F77DF98446A6
:20F420000398825C0298401E029002705CEA0100F0D1029806A9081A00F1200A600702D58B
:20F4400024F4803400E00127574502DDA7EB0A0000E0002000EB0A01009005984144401ABF
:20F460000590E00306D45B462146179A059800F0B3F90544002706E001A85A46C05D1799DC
:20F4800090476D1C7F1C4745F6DBE0030CD55B462146179A059800F09FF9054404E03020F5
:20F4A0005A46179990476D1C0099481E00900029F5DC08E0029802995A460078491C0291E6
:20F4C000179990476D1CBAF10001AAF1010AF1DC65E10000092801003031323334353637E9
:20F4E0003839616263646566000000003031323334353637383941424344454600000000A4
:20F5000000F058F90544761C307800287FF4ECAD19B02846BDE8F08F620700D4062709F134
:20F52000070222F0070CFCE80223E14603F000485FEA080C02D00FF2702C0DE05FEA045CD0
:20F5400002D50FF2682C07E05FEAC47C02D00FF2602C01E0AFF2700C4FF0FF3823F00043A6
:20F56000CDF850C065280CD006DC452809D046281DD047283DD13DE0662818D067287ED1DC
:20F5800038E00021112F01DB112000E0781CCDE9000106A90EA8FFF7E5FCDDE90F010E9A00
:20F5A00003910021009207F1010A04914DE04FF000400097CDE9011006A90EA8FFF7D2FC39
:20F5C000DDE90F0203920E9B11990022DDF80CA00093049211B9791C00EB010AB7EB0A009F
:20F5E00004D4C0F1FF3007F1010A0490AAEB0700019044E0012F00DA01270021112F01DDFA
:20F60000112000E03846CDE9000106A90EA8FFF7A9FCDDE90F010E9A03910021049100924A
:20F62000BA4621070CD40399514500DA8A46BAF1010F05DD009AAAF10101515C302908D034
:20F64000B84202DA10F1040F06DA0121CDE9011015E0AAF10101E9E7002805DC04990144AA
:20F660000491AAEB000102E0411C514500DD8A460499401A401C01904FF0004002902007C1
:20F6800004D40198504501DBCDF8048000208DF84F0002980DF14F07B0F1004F25D02B202D
:20F6A0000E9002984FF0020800280CDA404202902D200E9007E00A210298F3F717F83031B6
:20F6C000029007F8011DB8F10001A8F10108F2DC02980028EFD1791E0E980870307800F092
:20F6E000200040F0450007F8020D12A8C01B00F107081498007800B1012000EB0A0101984D
:20F7000001EBE07105984144401A401E0590E00306D45B462146179A059800F05DF805449C
:20F720001498007818B15A46179990476D1CE00324D55B462146179A059800F04DF805447C
:20F740001CE00498002807DBDDE90301884203DD0098405C179901E0179930205A46904757
:20F76000049805F10105401C04900198401E019004D12E205A46179990476D1CBAF10001FA
:20F78000AAF1010ADDDC05E017F8010B5A46179990476D1CB8F10001A8F10108F4DC5B469D
:20F7A0002146179A0598ABE62D0000002B000000200000002DE9F041044600251E46174614
:20F7C000880404D405E039462020B0476D1C641EF9D52846BDE8F0812DE9F0410446002517
:20F7E0001E469046C80301D5302700E02027880404D505E041463846B0476D1C641EF9D591
:20F800002846BDE8F0810A68531C0B601070704730B583B00446FFF789FB05460020CDE9E4
:20F820000000024621466846F2F7F3FF2846FFF793FBDDE9000103B030BD01460A06C1F32C
:20F84000072302EB0342C1F3074302EB032202EB1160704710B504460548844207D140F2FB
:20F86000194001F0FDF840F2194001F0E9F810BD0064004010B50021837A012202FA03F185
:20F880003E4A126842F001023C4B1A603B4A1C3212688A43394B1C331A60C289DAB9374A6A
:20F8A0000C3212688A43354B0C331A60C288344B03EA024243881A434389304C403444F870
:20F8C000332082882E4B03EA024203881A43438904EBC3035A60C289012A1BD1274A0C32ED
:20F8E00012680A43254B0C331A600288244B03EA024243881A434389204C403444F833208B
:20F9000082881F4B03EA0242C3881A43438904EBC3035A6082893AB9184A121D12688A4389
:20F92000164B1B1D1A6006E0144A121D12680A43124B1B1D1A6002893AB9104A14321268D3
:20F940008A430E4B14331A6006E00C4A143212680A430A4B14331A60027C012A06D1074A90
:20F960001C3212680A43054B1C331A60034A126822F00102014B1A6010BD00000066004044
:20F980000000FFFF70B502464FF6FF730020146824F002041460146844F00104146000E012
:20F9A0005B1E546804F001040CB9002BF8D1546804F001040CB9002074E00C784FF040452A
:20F9C00005EA84744D784FF0407606EA05652C438D784FF4702606EA05452C43CD784FF4AE
:20F9E000E00606EA05552C434D896D1EC5F309052C43D4610C79012C04D1146844F08004E2
:20FA0000146003E0146824F0800414604C79012C04D1146844F04004146003E0146824F065
:20FA2000400414608C79012C04D1146844F02004146003E0146824F020041460CC79012C42
:20FA400004D1146824F01004146003E0146844F0100414600C7A012C04D1146824F008047A
:20FA6000146003E0146844F0080414604C7A012C04D1146844F00404146003E0146824F098
:20FA800004041460146824F0010414604FF6FF7300E05B1E546804F001040CB1002BF8D16B
:20FAA00003B1012070BD42690A434261704710B500F5D87303EB01131B6803F004031372E9
:20FAC000137A3BB900F5D87303EB01131B685B0D136006E000F5D87303EB01131B68DB0877
:20FAE000536000F5D87303EB01131B6803F00203537200F5DA7303EB01131B681B0AD3749E
:20FB000000F5DA7303EB01131B6803F00F03937200F5DC7303EB01131B68D37200F5DC73C2
:20FB200003EB01131B681C0A147300F5DC7303EB01131B681C0C547300F5DC7303EB011395
:20FB40001B681C0E947300F5DE7303EB01131B68D37300F5DE7303EB01131B681C0A147467
:20FB600000F5DE7303EB01131B681C0C547400F5DE7303EB01131B681C0E947421B9C368C8
:20FB800043F02003C36003E0036943F02003036110BD000030B502460B460021906800F08F
:20FBA0008060B0F1806F00D110E0906800F00060B0F1006F01D1012108E0906800F0805028
:20FBC000B0F1805F01D1022100E00321032901D1032030BD02F5C07000EB0110006800F023
:20FBE000010402F5C07000EB01100460187A88B918883B4C04EA40505C7A204302F5C0749D
:20FC000004EB01142468204302F5C07404EB0114206013E06FF00704586804EAC0001C7AE1
:20FC200020435C7A204302F5C07404EB01142468204302F5C07404EB0114206002F5C27032
:20FC400000EB0110006820F00F0402F5C27000EB0110046002F5C27000EB011000689C7AF1
:20FC6000204302F5C27404EB01142060987B4FF07F4404EA00605C7B4FF47F0505EA044438
:20FC800020431C7B2D1205EA04242043DC7A204302F5C47404EB01142060987C2C0404EA13
:20FCA00000605C7C2D0205EA044420431C7C2D1205EA04242043DC7B204302F5C67404EB18
:20FCC0000114206002F5C07000EB0110006840F0010402F5C07000EB01100460084678E79B
:20FCE0000000E0FF10B5024632B1012A16D0022A20D0032A41D12EE000234B71CB718B71A4
:20FD000040F2FF334B8100230B724B7002238B700023CB700B714B720B7030E00123CB81A6
:20FD200000230B740B810B804B808B80CB808B814B8124E0002005E0002401F10B031C5474
:20FD4000431CD8B20828F7D300238B724B600B724B720B6013E0002005E0002401F10B0334
:20FD60001C54431CD8B20828F7D300238B724B600B72CB744B720B6001E000BFFEE700BF3D
:20FD800010BD000017480078A8B91648C079012804D0022806D003280CD107E0012012495F
:20FDA000087107E002201049087103E003200E49087100BF15E00B48C079012804D00228B2
:20FDC00006D003280CD107E021200749087107E022200549087103E023200349087100BFBA
:20FDE00000BF7047C88100205F0500202DE9FC4704460D460022134B20462946F2F77DFBF4
:20FE00000746F2F70CFC0646642106FB01F0F2F7E8FB074622462B46F2F7FAFA81468A467B
:20FE20000022094B48465146F2F767FBCDE900013046F2F7D6FB0746DDE90023F2F744FA98
:20FE4000BDE8FC870000594000004E40F0B5034618460CE004124FF6FF7606EA00250E78B0
:20FE60006640064F37F8166086EA0500491C161EA2F10107BAB2EDD1F0BD000040430108D6
:20FE800030B502460C464FF6FF7110E012F8010B4140002309E001F0010020B14AF201009B
:20FEA00080EA510100E049085B1C082BF3DB201EA4F10105ECB2E9D188B230BD70470000CE
:20FEC0000448006820B103480068401E01490860704700002C00002000B5F8F793F9FFF7B1
:20FEE00051FF00F061F800F055F800F067F800F005F800F031F8FEF761F900BD1448807976
:20FF0000D0B91348407958B91148007A142803DC0420104988701AE000200E49887016E071
:20FF20000B48007A142803DC0C200A4988700EE00820084988700AE00548007A142803DC37
:20FF400005200449887002E00120024988707047C88100205F0500200C48407870B90B48C5
:20FF6000807858B90948C07840B90848007928B90648407910B90548007818B10020044981
:20FF8000487102E00120024948717047C88100205F0500200248007A02494872704700007D
:20FFA000C88100205F050020024800790249087270470000C88100205F0500200248407A24
:20FFC0000249887270470000C88100205F05002010B52D4B1B6883432B4C2360231D1B68F5
:20FFE0008343241D2360231D1B688343241D2360231D1B688343241D236011B101290ED112
:020000040801F1
:2000000005E0214B1B6803431F4C236008E01E4B1B1D1B6803431C4C241D236000E000BFBB
:2000200000BF32B1012A11D0022A1CD0032A27D127E0154B08331B680343134C083423604C
:20004000231D1B688343241D23601BE00E4B08331B6883430C4C08342360231D1B6803435B
:20006000241D23600EE0084B08331B680343064C08342360231D1B680343241D236001E0B8
:2000800000BF00BF00BF10BD0004014001490860704700001404014001460448006808400C
:2000A00008B1012070470020FCE700001404014000B50346012200BF00F00CF802465B1EBE
:2000C000012A01D1002BF7D1012A00D10422104600BD000000200A49C96801F0010109B1AA
:2000E00001200CE00649C96801F0100109B1032005E00349C96801F0040101B102207047B1
:200100000020024000B50346012200BF00F00CF802465B1E012A01D1002BF7D1012A00D1FC
:200120000422104600BD000000200A49C96C01F0010109B101200CE00649C96C01F010019E
:2001400009B1032005E00349C96C01F0040101B10220704700200240064A02EB901109682A
:2001600000F01F0301229A401143024B03EB901211607047002002400848006940F080004C
:200180000649086106480088B0F5007F04D90846006D40F0800008657047000000200240DF
:2001A000E0F7FF1F30B5054636480088B0F5007F48D9354885421ED24FF47020FFF778FF5B
:2001C0000446002C5BD13148006940F002002F49086108464561006940F0400008614FF40F
:2001E0007020FFF765FF04462848006920F002002649086143E04FF47020FFF783FF044650
:20020000002C3CD12148006D40F002001F49086508464565C06900F0020008B10846456108
:200220001A48006D40F04000184908654FF47020FFF768FF04461548006D20F002001349FF
:2002400008651CE04FF47020FFF732FF0446B4B90E48006940F002000C49086108464561E1
:20026000006940F0400008614FF47020FFF720FF04460648006920F0020004490861204625
:2002800030BD0000E0F7FF1FFFFF0708002002400C48006900F0800020B10B4809494860C2
:2002A0000A4848600A480088B0F5007F09D90548006D00F0800020B10348024948640348DC
:2002C000486470470020024023016745AB89EFCDE0F7FF1F70B504460D4600262A480088C2
:2002E000B0F5007F35D92948844219D24FF47020FFF7DEFE0646002E43D12548006940F071
:2003000001002349086125604FF47020FFF7D0FE06461F48006920F001001D49086130E0DF
:200320004FF47020FFF7EEFE064656BB1848006D40F001001649086525604FF47020FFF793
:20034000E1FE06461248006D20F001001049086517E04FF47020FFF7ABFE06468EB90C4884
:20036000006940F001000A49086125604FF47020FFF79EFE06460648006920F001000449DC
:200380000861304670BD0000E0F7FF1FFFFF07080020024070B504460D46094890F8A802A8
:2003A000000950B1E1B2074802F00DFC00BF0721044802F05AFC0028F9D0204670BD000057
:2003C000001700200050004030B502460B46164C002145F25550154D286000BF1348C0684D
:2003E00000F00101601E041E01D00029F6D109B1002030BD0D4843600B4C00BF0B48C0685A
:2004000000F00201601E041E01D00029F6D109B10020EEE7C2F30B00044DA8604AF6AA20B6
:2004200028600120E5E70000FFFF0F00003000404AF6AA20014908607047000000300040E7
:200440004CF6CC400149086070470000003000400AB1016100E041617047000010B5002238
:200460008B071C0F0F2303FA04F204290EDA204B9B6893431E4CA36023469B688C07240FA2
:2004800000FA04F423431A4CA3602FE008290EDA174BDB689343164CE3602346DB688C0714
:2004A000240F00FA04F42343114CE3601EE00C290EDA0F4B1B6993430D4C236123461B6978
:2004C0008C07240F00FA04F42343094C23610DE0074B5B699343064C636123465B698C0776
:2004E000240F00FA04F42343014C636110BD000000000140F0B5044616460025002201F0CF
:200500000F0501F0100707B1354300201EE0012787401F40C7B122684FEA800C0F2707FA25
:200520000CF7BA43870005FA07F73A43282904D1012787401F40676105E0482903D101272C
:2005400087401F4027612260471CB8B20828DED3082022E0012787401F40E7B16268A0F152
:2005600008074FEA870C0F2707FA0CF7BA43A0F10807BF0005FA07F73A43282904D1012742
:2005800087401F40676105E0482903D1012787401F4027616260471CB8B21028DAD3F0BD4C
:2005A00002469068084008B1012070470020FCE7F0B50A46002300240021002500F0004667
:2005C000B6F1004F02D11D4EF16901E01B4E7168C0F3034583B200F44016B6F5401F08D10D
:2005E00021F07061154E766826F07066134F7E6012E000F48016B6F5801F06D1032606FAE6
:2006000005F4A14341F0706106E0460D360103FA06F6B14341F0706122B1460D360103FA42
:2006200006F6314300F00046B6F1004F02D1034EF16101E0014E7160F0BD000000000140B9
:2006400030B504460D462A4621460020FFF7FEFB30BD0000A020014908807047580500207F
:200660002DE9F04706460F469146CA463846F1F7B1FD1FFA80F8002513E0002407E028199C
:20068000305C395D884200D003E0601C84B24445F5DB00BF444502D17019BDE8F087681C6C
:2006A00085B2AAEB0800A842E7DC0020F5E70000F9F708FDFEF7A0FAFEF7DCFAFEF716FB68
:2006C000FEF752FBFEF776FBFDF7E2FCFFF7C2FF062141F28830FFF777FEFFF7B1FE02F0D5
:2006E000D3F8F7F795FCFDF70FFFF6F7D9FCF9F7B1FDF6F7C7FAFAF71FFCFAF71DF8F8F79F
:2007000023FD012251033348FFF7A2FEC820FAF739F8FCF74DFAFAF76BFBF2F79DFFF2F728
:20072000A9FC00222CA130A0FFF7C8FB30A0FEF7D5FB012211463A48FFF78AFEF5F7B4FFEE
:20074000FBF750F9F7F7CEF9FCF758FDF7F74AFC4FF49670FAF716F83AE0FFF769FEFBF77C
:2007600001FDFFF7B9FBF6F773FDFCF75BFDF7F783FDF5F79BFFF9F77BFDF9F7E3FFF2F712
:200780006DFFFCF7B9FBFBF76BFDF7F7CFFBF2F7A5FCFEF703F910B9F9F776FCC0B9FEF720
:2007A000FDF840B1F7F7BCFB441C2046F7F7FEFB0920FDF74BFE002201211948FFF748FEBA
:2007C0000020F9F76DFCF9F7A9FF0120F9F76EFCC3E70000000C014073797374656D20725F
:2007E00065736574000000006D61696E000000002D2D2D2D2D2D2D2D2D2D2D2D2D2D2D738D
:20080000797374656D2072657365742D2D2D2D2D2D2D2D2D2D2D2D2D2D2D2D200D0A00005C
:20082000000801402DE9F04103460D46164600240027A0462448006800F4E060B0F5A06F43
:2008400015D006DCB0F5407F18D0B0F5806F19D110E0B0F5C06F06D0B0F5E06F12D100276F
:200860004FF0040815E001274FF0030811E00227B8460EE003274FF001080AE004274FF0FA
:20088000000806E04FF4A06000F022F80227B84600BF00BFC7F1040005FA00F4C8F104010B
:2008A0000F20C8403040044324010848C45403F01F01012088405911890001F1E021C1F822
:2008C0000001BDE8F08100000CED00E000E400E002490143024A1160704700000000FA0562
:2008E0000CED00E0034A0A400243034B1A60BFF34F8F704780FFFF1F08ED00E02DE9F04F6D
:200900008BB00746002009903EA090E8004CC068CDE905BECDF810A007900FF2EC0ADAE98D
:20092000000ACDE9020A0FF2E00ADAE9000ACDE9000A38484068C0F381000A900A9820B10A
:20094000012804D0022829D103E0334928E0324926E03048406800F48038B8F5803F09D17C
:200960002D4C2C48406800F40039B9F5003F02D1641000E0294C27484068C0F38342254830
:20098000406800F0006008B142F010020F2A01D2921C00E0521C04FB02F101E01E4900BF61
:2009A00000BF1C484068C0F3031504A8465D21FA06F318484068C0F3022502A8465D23FAF2
:2009C00006FC14484068C0F3C2251DF8056023FA06F0089037B1012F06D0022F06D0032F2B
:2009E0000AD106E0099108E0099306E0CDF824C003E00898099000E000BF00BF09980BB0B3
:200A0000BDE8F08F000000000000000001020304060708090010024000127A0000093D0066
:200A2000064A02EB9011096800F01F0301229A401143024B03EB90121160704700100240AD
:200A4000064A02EB9011096800F01F0301229A409143024B03EB901211607047001002400D
:200A6000064A02EB9011096800F01F0301229A401143024B03EB901211607047001002406D
:200A800070B506460025002400224FF400412148FFF7DEFC00224FF400511E48FFF7D8FCD7
:200AA0000320F7F7D6F90122D1031A48FFF7D0FC0320F7F7CEF9304602F07AF900BF1CE0CD
:200AC000012251031348FFF7C3FC0520F7F7C1F964100520F7F7BDF900224FF400510D487A
:200AE000FFF7B6FC4FF480410A48FFF759FD012801D144F08004681CC5B2082DE0DB0120ED
:200B0000F7F7A7F900224FF400410248FFF7A0FC204670BD0010014000B5A1B069461148D3
:200B2000F9F778FF0AA801F021FD102269460AA801F032FD05A90AA800F016F8094905A87D
:200B4000FDF7DAF907495039086DFEF776FE054950390865486DFEF770FE0249503948653A
:200B600021B000BD288100202DE9FC4704460D462068400F616840EAC1062068C700300E0A
:200B80008DF80000300C8DF80100300A8DF80200F0B28DF80300380E8DF80400380C8DF88B
:200BA0000500380A8DF80600F8B28DF80700207800F03F08B8F1380F02D2C8F1380001E0C8
:200BC000C8F1780081464A462049204601F0E4FC08226946204601F0DFFCA068000E287034
:200BE000A068000C68702089000AA870207AE870E068000E2871E068000C6871A089000AFD
:200C0000A871207BE8712069000E28722069000C6872208A000AA872207CE8726069000E8C
:200C200028736069000C6873A08A000AA873207DE873A069000E2874A069000C6874208BD3
:200C4000000AA874207EE874BDE8FC87B90300202DE9F04390B007460E4696F800C04FEABF
:200C60000C6C96F801804CEA084C96F802804CEA082C96F803804CEA080CCDF800C096F87B
:200C800004C04FEA0C6C96F805804CEA084C96F806804CEA082C96F807804CEA080CCDF8A0
:200CA00004C096F808C04FEA0C6C96F809804CEA084C96F80A804CEA082C96F80B804CEAF7
:200CC000080CCDF808C096F80CC04FEA0C6C96F80D804CEA084C96F80E804CEA082C96F8AF
:200CE0000F804CEA080CCDF80CC096F810C04FEA0C6C96F811804CEA084C96F812804CEA7C
:200D0000082C96F813804CEA080CCDF810C096F814C04FEA0C6C96F815804CEA084C96F851
:200D200016804CEA082C96F817804CEA080CCDF814C096F818C04FEA0C6C96F819804CEA37
:200D4000084C96F81A804CEA082C96F81B804CEA080CCDF818C096F81CC04FEA0C6C96F8F4
:200D60001D804CEA084C96F81E804CEA082C96F81F804CEA080CCDF81CC096F820C04FEAF7
:200D80000C6C96F821804CEA084C96F822804CEA082C96F823804CEA080CCDF820C096F8DA
:200DA00024C04FEA0C6C96F825804CEA084C96F826804CEA082C96F827804CEA080CCDF8FF
:200DC00024C096F828C04FEA0C6C96F829804CEA084C96F82A804CEA082C96F82B804CEA36
:200DE000080CCDF828C096F82CC04FEA0C6C96F82D804CEA084C96F82E804CEA082C96F80E
:200E00002F804CEA080CCDF82CC096F830C04FEA0C6C96F831804CEA084C96F832804CEABA
:200E2000082C96F833804CEA080CCDF830C096F834C04FEA0C6C96F835804CEA084C96F8B0
:200E400036804CEA082C96F837804CEA080CCDF834C096F838C04FEA0C6C96F839804CEA76
:200E6000084C96F83A804CEA082C96F83B804CEA080CCDF838C096F83CC04FEA0C6C96F853
:200E80003D804CEA084C96F83E804CEA082C96F83F804CEA080CCDF83CC0B868F9683A69D9
:200EA0007B69BC694FEA401C4CEAD06882EA030C0CEA010C8CEA030CC444DFF8F88FC444B5
:200EC000DDF80080C44464444FEA817C4CEA91014FEA441C4CEAD46881EA020C0CEA000C89
:200EE0008CEA020CC444DFF8CC8FC444DDF80480C44463444FEA807C4CEA90004FEA431C91
:200F00004CEAD36880EA010C0CEA040C8CEA010CC444DFF8A08FC444DDF80880C44462443F
:200F20004FEA847C4CEA94044FEA421C4CEAD26884EA000C0CEA030C8CEA000CC444DFF8C3
:200F4000748FC444DDF80C80C44461444FEA837C4CEA93034FEA411C4CEAD16883EA040CF2
:200F60000CEA020C8CEA040CC444DFF8488FC444DDF81080C44460444FEA827C4CEA920217
:200F80004FEA401C4CEAD06882EA030C0CEA010C8CEA030CC444DFF81C8FC444DDF8148050
:200FA000C44464444FEA817C4CEA91014FEA441C4CEAD46881EA020C0CEA000C8CEA020C79
:200FC000C444DFF8F08EC444DDF81880C44463444FEA807C4CEA90004FEA431C4CEAD3688C
:200FE00080EA010C0CEA040C8CEA010CC444DFF8C48EC444DDF81C80C44462444FEA847C60
:201000004CEA94044FEA421C4CEAD26884EA000C0CEA030C8CEA000CC444DFF8988EC444ED
:20102000DDF82080C44461444FEA837C4CEA93034FEA411C4CEAD16883EA040C0CEA020C04
:201040008CEA040CC444DFF86C8EC444DDF82480C44460444FEA827C4CEA92024FEA401C6E
:201060004CEAD06882EA030C0CEA010C8CEA030CC444DFF8408EC444DDF82880C44464441D
:201080004FEA817C4CEA91014FEA441C4CEAD46881EA020C0CEA000C8CEA020CC444DFF869
:2010A000148EC444DDF82C80C44463444FEA807C4CEA90004FEA431C4CEAD36880EA010CDB
:2010C0000CEA040C8CEA010CC444DFF8E88DC444DDF83080C44462444FEA847C4CEA9404F1
:2010E0004FEA421C4CEAD26884EA000C0CEA030C8CEA000CC444DFF8BC8DC444DDF834802F
:20110000C44461444FEA837C4CEA93034FEA411C4CEAD16883EA040C0CEA020C8CEA040C12
:20112000C444DFF8908DC444DDF83880C44460444FEA827C4CEA92024FEA401C4CEAD0686E
:2011400082EA030C0CEA010C8CEA030CC444DFF8648DC444DDF83C80C44464444FEA817C3D
:201160004CEA9101DDF834C0DDF820808CEA080CDDF808808CEA080CDDF800808CEA080520
:201180004FEA450C4CEAD5784FEA441C4CEAD46981EA020C0CEA000C8CEA020CCC44DFF850
:2011A000149DCC44C4446344CDF800804FEA807C4CEA9000DDF838C0DDF824808CEA080CAF
:2011C000DDF80C808CEA080CDDF804808CEA08054FEA450C4CEAD5784FEA431C4CEAD36931
:2011E00080EA010C0CEA040C8CEA010CCC44DFF8C49CCC44C4446244CDF804804FEA847C68
:201200004CEA9404DDF83CC0DDF828808CEA080CDDF810808CEA080CDDF808808CEA080559
:201220004FEA450C4CEAD5784FEA421C4CEAD26984EA000C0CEA030C8CEA000CCC44DFF8B1
:20124000749CCC44C4446144CDF808804FEA837C4CEA9303DDF800C0DDF82C808CEA080CD0
:20126000DDF814808CEA080CDDF80C808CEA08054FEA450C4CEAD5784FEA411C4CEAD16984
:2012800083EA040C0CEA020C8CEA040CCC44DFF8249CCC44C4446044CDF80C804FEA827C5C
:2012A0004CEA9202DDF804C0DDF830808CEA080CDDF818808CEA080CDDF810808CEA0805DD
:2012C0004FEA450C4CEAD5784FEA401C4CEAD06981EA020C8CEA030CCC44DFF8DC9BCC4491
:2012E000C4446444CDF810804FEA817C4CEA9101DDF808C0DDF834808CEA080CDDF81C80CA
:201300008CEA080CDDF814808CEA08054FEA450C4CEAD5784FEA441C4CEAD46980EA010CC7
:201320008CEA020CCC44DFF8909BCC44C4446344CDF814804FEA807C4CEA9000DDF80CC063
:20134000DDF838808CEA080CDDF820808CEA080CDDF818808CEA08054FEA450C4CEAD5787A
:201360004FEA431C4CEAD36984EA000C8CEA010CCC44DFF8449BCC44C4446244CDF8188085
:201380004FEA847C4CEA9404DDF810C0DDF83C808CEA080CDDF824808CEA080CDDF81C8012
:2013A0008CEA08054FEA450C4CEAD5784FEA421C4CEAD26983EA040C8CEA000CCC44DFF8AF
:2013C000F89ACC44C4446144CDF81C804FEA837C4CEA9303DDF814C0DDF800808CEA080CD1
:2013E000DDF828808CEA080CDDF820808CEA08054FEA450C4CEAD5784FEA411C4CEAD169DB
:2014000082EA030C8CEA040CCC44DFF8AC9ACC44C4446044CDF820804FEA827C4CEA92027C
:20142000DDF818C0DDF804808CEA080CDDF82C808CEA080CDDF824808CEA08054FEA450C8B
:201440004CEAD5784FEA401C4CEAD06981EA020C8CEA030CCC44DFF8609ACC44C444644466
:20146000CDF824804FEA817C4CEA9101DDF81CC0DDF808808CEA080CDDF830808CEA080C5E
:20148000DDF828808CEA08054FEA450C4CEAD5784FEA441C4CEAD46980EA010C8CEA020C38
:2014A000CC44DFF8149ACC44C4446344CDF828804FEA807C4CEA9000DDF820C0DDF80C805A
:2014C0008CEA080CDDF834808CEA080CDDF82C808CEA08054FEA450C4CEAD5784FEA431CC6
:2014E0004CEAD36984EA000C8CEA010CCC44DFF8C899CC44C4446244CDF82C804FEA847CCD
:201500004CEA9404DDF824C0DDF810808CEA080CDDF838808CEA080CDDF830808CEA080536
:201520004FEA450C4CEAD5784FEA421C4CEAD26983EA040C8CEA000CCC44DFF87C99CC448B
:20154000C4446144CDF830804FEA837C4CEA9303DDF828C0DDF814808CEA080CDDF83C8024
:201560008CEA080CDDF834808CEA08054FEA450C4CEAD5784FEA411C4CEAD16982EA030C47
:201580008CEA040CCC44DFF83099CC44C4446044CDF834804FEA827C4CEA9202DDF82CC01E
:2015A000DDF818808CEA080CDDF800808CEA080CDDF838808CEA08054FEA450C4CEAD57838
:2015C0004FEA401C4CEAD06981EA020C8CEA030CCC44DFF8E498CC44C4446444CDF8388069
:2015E0004FEA817C4CEA9101DDF830C0DDF81C808CEA080CDDF804808CEA080CDDF83C80B9
:201600008CEA08054FEA450C4CEAD5784FEA441C4CEAD46980EA010C8CEA020CCC44DFF84C
:201620009898CC44C4446344CDF83C804FEA807C4CEA9000DDF834C0DDF820808CEA080C77
:20164000DDF808808CEA080CDDF800808CEA08054FEA450C4CEAD5784FEA431C4CEAD369B4
:2016600084EA000C8CEA010CCC44DFF84C98CC44C4446244CDF800804FEA847C4CEA940498
:20168000DDF838C0DDF824808CEA080CDDF80C808CEA080CDDF804808CEA08054FEA450C29
:2016A0004CEAD5784FEA421C4CEAD26983EA040C8CEA000CCC44DFF80098CC44C444614464
:2016C000CDF804804FEA837C4CEA9303DDF83CC0DDF828808CEA080CDDF810808CEA080CF6
:2016E000DDF808808CEA08054FEA450C4CEAD5784FEA411C4CEAD16982EA030C8CEA040CF6
:20170000CC44DFF8B497CC44C4446044CDF808804FEA827C4CEA9202DDF800C0DDF82C8077
:201720008CEA080CDDF814808CEA080CDDF80C808CEA08054FEA450C4CEAD5784FEA401CA6
:201740004CEAD06981EA020C8CEA030CCC44DFF86897CC44C4446444CDF80C804FEA817CEF
:201760004CEA9101DDF804C0DDF830808CEA080CDDF818808CEA080CDDF810808CEA08051A
:201780004FEA450C4CEAD5784FEA441C4CEAD46980EA010C8CEA020CCC44DFF81C97CC448B
:2017A000C4446344CDF810804FEA807C4CEA9000DDF808C0DDF834808CEA080CDDF81C8009
:2017C0008CEA080CDDF814808CEA08054FEA450C4CEAD5784FEA431C4CEAD36984EA000C02
:2017E0008CEA010CCC44DFF8D096CC44C4446244CDF814804FEA847C4CEA9404DDF80CC05A
:20180000DDF838808CEA080CDDF820808CEA080CDDF818808CEA08054FEA450C4CEAD578B5
:201820004FEA421C4CEAD26983EA040C8CEA000CCC44DFF88496CC44C4446144CDF8188086
:201840004FEA837C4CEA9303DDF810C0DDF83C808CEA080CDDF824808CEA080CDDF81C8050
:201860008CEA08054FEA450C4CEAD5784FEA411C4CEAD16982EA030C8CEA040CCC44DFF8EA
:201880003896CC44C4446044CDF81C804FEA827C4CEA92024FEA401C4CEAD06901EA020C5F
:2018A00041EA020808EA03084CEA080CCC44DFF80C86E044DDF814C0DDF800908CEA090C76
:2018C000DDF828908CEA090CDDF820908CEA09054FEA450C4CEAD57CCDF820C0C444644481
:2018E0004FEA817C4CEA91014FEA441C4CEAD46900EA010C40EA010808EA02084CEA080C6E
:20190000CC44DFF8B885E044DDF818C0DDF804908CEA090CDDF82C908CEA090CDDF8249039
:201920008CEA09054FEA450C4CEAD57CCDF824C0C44463444FEA807C4CEA90004FEA431C27
:201940004CEAD36904EA000C44EA000808EA01084CEA080CCC44DFF86485E044DDF81CC0FB
:20196000DDF808908CEA090CDDF830908CEA090CDDF828908CEA09054FEA450C4CEAD57C2D
:20198000CDF828C0C44462444FEA847C4CEA94044FEA421C4CEAD26903EA040C43EA0408A7
:2019A00008EA00084CEA080CCC44DFF81085E044DDF820C0DDF80C908CEA090CDDF83490F9
:2019C0008CEA090CDDF82C908CEA09054FEA450C4CEAD57CCDF82CC0C44461444FEA837CC0
:2019E0004CEA93034FEA411C4CEAD16902EA030C42EA030808EA04084CEA080CCC44DFF8B4
:201A0000BC84E044DDF824C0DDF810908CEA090CDDF838908CEA090CDDF830908CEA090568
:201A20004FEA450C4CEAD57CCDF830C0C44460444FEA827C4CEA92024FEA401C4CEAD0692F
:201A400001EA020C41EA020808EA03084CEA080CCC44DFF86884E044DDF828C0DDF81490E4
:201A60008CEA090CDDF83C908CEA090CDDF834908CEA09054FEA450C4CEAD57CCDF834C0C8
:201A8000C44464444FEA817C4CEA91014FEA441C4CEAD46900EA010C40EA010808EA020866
:201AA0004CEA080CCC44DFF81484E044DDF82CC0DDF818908CEA090CDDF800908CEA090C80
:201AC000DDF838908CEA09054FEA450C4CEAD57CCDF838C0C44463444FEA807C4CEA90006D
:201AE0004FEA431C4CEAD36904EA000C44EA000808EA01084CEA080CCC44DFF8C083E04419
:201B0000DDF830C0DDF81C908CEA090CDDF804908CEA090CDDF83C908CEA09054FEA450C51
:201B20004CEAD57CCDF83CC0C44462444FEA847C4CEA94044FEA421C4CEAD26903EA040CA3
:201B400043EA040808EA00084CEA080CCC44DFF86C83E044DDF834C0DDF820908CEA090C35
:201B6000DDF808908CEA090CDDF800908CEA09054FEA450C4CEAD57CCDF800C0C444614441
:201B80004FEA837C4CEA93034FEA411C4CEAD16902EA030C42EA030808EA04084CEA080CC1
:201BA000CC44DFF81883E044DDF838C0DDF824908CEA090CDDF80C908CEA090CDDF8049039
:201BC0008CEA09054FEA450C4CEAD57CCDF804C0C44460444FEA827C4CEA92024FEA401CA5
:201BE0004CEAD06901EA020C41EA020808EA03084CEA080CCC44DFF8C482E044DDF83CC0DF
:201C0000DDF828908CEA090CDDF810908CEA090CDDF808908CEA09054FEA450C4CEAD57CAA
:201C2000CDF808C0C44464444FEA817C4CEA91014FEA441C4CEAD46900EA010C40EA010833
:201C400008EA02084CEA080CCC44DFF87082E044DDF800C0DDF82C908CEA090CDDF8149017
:201C60008CEA090CDDF80C908CEA09054FEA450C4CEAD57CCDF80CC0C44463444FEA807C5E
:201C80004CEA90004FEA431C4CEAD36904EA000C44EA000808EA01084CEA080CCC44DFF818
:201CA0001C82E044DDF804C0DDF830908CEA090CDDF818908CEA090CDDF810908CEA0905A8
:201CC0004FEA450C4CEAD57CCDF810C0C44462444FEA847C4CEA94044FEA421C4CEAD269A1
:201CE00003EA040C43EA040808EA00084CEA080CCC44DFF8C881E044DDF808C0DDF83490E0
:201D00008CEA090CDDF81C908CEA090CDDF814908CEA09054FEA450C4CEAD57CCDF814C085
:201D2000C44461444FEA837C4CEA93034FEA411C4CEAD16902EA030C42EA030808EA0408BC
:201D40004CEA080CCC44DFF87481E044DDF80CC0DDF838908CEA090CDDF820908CEA090C60
:201D6000DDF818908CEA09054FEA450C4CEAD57CCDF818C0C44460444FEA827C4CEA920207
:201D80004FEA401C4CEAD06901EA020C41EA020808EA03084CEA080CCC44DFF82081E0441E
:201DA000DDF810C0DDF83C908CEA090CDDF824908CEA090CDDF81C908CEA09054FEA450CAF
:201DC0004CEAD57CCDF81CC0C44464444FEA817C4CEA91014FEA441C4CEAD46900EA010C2A
:201DE00040EA010808EA02084CEA080CCC44DFF8CC80E044DDF814C0DDF800908CEA090C7A
:201E0000DDF828908CEA090CDDF820908CEA09054FEA450C4CEAD57CCDF820C0C44463443C
:201E20004FEA807C4CEA90004FEA431C4CEAD36904EA000C44EA000808EA01084CEA080C28
:201E4000CC44DFF87880E044DDF818C0DDF804908CEA090CDDF82C908CEA090CDDF8249039
:201E60008CEA09054FEA450C4CEAD57CCDF824C0C44462444FEA847C4CEA94044FEA421CD8
:201E80004CEAD26903EA040C43EA040808EA00084CEA080CCC44DFF82480E044DDF81CC0F7
:201EA000DDF808908CEA090CDDF830908CEA090C06E000009979825AA1EBD96EDCBC1B8F21
:201EC000DDF828908CEA09054FEA450C4CEAD57CCDF828C0C44461444FEA837C4CEA930382
:201EE0004FEA411C4CEAD16902EA030C42EA030808EA04084CEA080CCC44DFF86886E04469
:201F0000DDF820C0DDF80C908CEA090CDDF834908CEA090CDDF82C908CEA09054FEA450C4D
:201F20004CEAD57CCDF82CC0C44460444FEA827C4CEA9202DDF824C0DDF810808CEA080C14
:201F4000DDF838808CEA080CDDF830808CEA08054FEA450C4CEAD5784FEA401C4CEAD06951
:201F600081EA020C8CEA030CCC44DFF8FC95CC44C4446444CDF830804FEA817C4CEA9101B8
:201F8000DDF828C0DDF814808CEA080CDDF83C808CEA080CDDF834808CEA08054FEA450CE0
:201FA0004CEAD5784FEA441C4CEAD46980EA010C8CEA020CCC44DFF8B095CC44C4446344AC
:201FC000CDF834804FEA807C4CEA9000DDF82CC0DDF818808CEA080CDDF800808CEA080CF6
:201FE000DDF838808CEA08054FEA450C4CEAD5784FEA431C4CEAD36984EA000C8CEA010CBD
:20200000CC44DFF86495CC44C4446244CDF838804FEA847C4CEA9404DDF830C0DDF81C8068
:202020008CEA080CDDF804808CEA080CDDF83C808CEA08054FEA450C4CEAD5784FEA421C7B
:202040004CEAD26983EA040C8CEA000CCC44DFF81895CC44C4446144CDF83C804FEA837C06
:202060004CEA9303DDF834C0DDF820808CEA080CDDF808808CEA080CDDF800808CEA08050D
:202080004FEA450C4CEAD5784FEA411C4CEAD16982EA030C8CEA040CCC44DFF8CC94CC44D5
:2020A000C4446044CDF800804FEA827C4CEA9202DDF838C0DDF824808CEA080CDDF80C80FD
:2020C0008CEA080CDDF804808CEA08054FEA450C4CEAD5784FEA401C4CEAD06981EA020C10
:2020E0008CEA030CCC44DFF88094CC44C4446444CDF804804FEA817C4CEA9101DDF83CC088
:20210000DDF828808CEA080CDDF810808CEA080CDDF808808CEA08054FEA450C4CEAD578DC
:202120004FEA441C4CEAD46980EA010C8CEA020CCC44DFF83494CC44C4446344CDF80880DD
:202140004FEA807C4CEA9000DDF800C0DDF82C808CEA080CDDF814808CEA080CDDF80C8090
:202160008CEA08054FEA450C4CEAD5784FEA431C4CEAD36984EA000C8CEA010CCC44DFF8E1
:20218000E893CC44C4446244CDF80C804FEA847C4CEA9404DDF804C0DDF830808CEA080C06
:2021A000DDF818808CEA080CDDF810808CEA08054FEA450C4CEAD5784FEA421C4CEAD2692B
:2021C00083EA040C8CEA000CCC44DFF89C93CC44C4446144CDF810804FEA837C4CEA9303D4
:2021E000DDF808C0DDF834808CEA080CDDF81C808CEA080CDDF814808CEA08054FEA450CBE
:202200004CEAD5784FEA411C4CEAD16982EA030C8CEA040CCC44DFF85093CC44C4446044AE
:20222000CDF814804FEA827C4CEA9202DDF80CC0DDF838808CEA080CDDF820808CEA080C8D
:20224000DDF818808CEA08054FEA450C4CEAD5784FEA401C4CEAD06981EA020C8CEA030C7F
:20226000CC44DFF80493CC44C4446444CDF818804FEA817C4CEA9101DDF810C0DDF83C808F
:202280008CEA080CDDF824808CEA080CDDF81C808CEA08054FEA450C4CEAD5784FEA441C17
:2022A0004CEAD46980EA010C8CEA020CCC44DFF8B892CC44C4446344CDF81C804FEA807C2A
:2022C0004CEA9000DDF814C0DDF800808CEA080CDDF828808CEA080CDDF820808CEA0805B1
:2022E0004FEA450C4CEAD5784FEA431C4CEAD36984EA000C8CEA010CCC44DFF86C92CC44D5
:20230000C4446244CDF820804FEA847C4CEA9404DDF818C0DDF804808CEA080CDDF82C8092
:202320008CEA080CDDF824808CEA08054FEA450C4CEAD5784FEA421C4CEAD26983EA040C85
:202340008CEA000CCC44DFF82092CC44C4446144CDF824804FEA837C4CEA9303DDF81CC087
:20236000DDF808808CEA080CDDF830808CEA080CDDF828808CEA08054FEA450C4CEAD5785A
:202380004FEA411C4CEAD16982EA030C8CEA040CCC44DFF8D491CC44C4446044CDF82880C1
:2023A0004FEA827C4CEA9202DDF820C0DDF80C808CEA080CDDF834808CEA080CDDF82C80E8
:2023C0008CEA08054FEA450C4CEAD5784FEA401C4CEAD06981EA020C8CEA030CCC44DFF884
:2023E0008891CC44C4446444CDF82C804FEA817C4CEA9101DDF824C0DDF810808CEA080CED
:20240000DDF838808CEA080CDDF830808CEA08054FEA450C4CEAD5784FEA441C4CEAD46984
:2024200080EA010C8CEA020CCC44DFF83C91CC44C4446344CDF830804FEA807C4CEA9000BE
:20244000DDF828C0DDF814808CEA080CDDF83C808CEA080CDDF834808CEA08054FEA450C1B
:202460004CEAD5784FEA431C4CEAD36984EA000C8CEA010CCC44DFF8F090CC44C4446244AD
:20248000CDF834804FEA847C4CEA9404DDF82CC0DDF818808CEA080CDDF800808CEA080C25
:2024A000DDF838808CEA08054FEA450C4CEAD5784FEA421C4CEAD26983EA040C8CEA000CF8
:2024C000CC44DFF8A490CC44C4446144CDF838804FEA837C4CEA9303DDF830C0DDF81C806D
:2024E0008CEA080CDDF804808CEA080CDDF83C808CEA08054FEA450C4CEAD5784FEA411CB8
:202500004CEAD16982EA030C8CEA040CCC44DFF85890CC44C4446044CDF83C804FEA827C07
:202520004CEA9202D7F808C08444C7F808C0D7F80CC00CEB0108C7F80C80D7F810C00CEB6F
:202540000208C7F81080D7F814C00CEB0308C7F81480D7F818C00CEB0408C7F8188010B069
:20256000BDE8F083DCBC1B8FD6C162CA00210160416006498160064AC260CA430261044ABB
:20258000D2434261034A8261704700000123456789ABCDEFF0E1D2C32DE9F0410446884617
:2025A00015460DB9BDE8F081207800F03F06C6F14007206828442060206820602068A8422B
:2025C00002D26068401C606086B1BD420ED304F11C0188193A464146EFF7C6FD04F11C01B7
:2025E0002046FEF735FBED1BB844002606E041462046FEF72DFB403D08F14008402DF6D243
:2026000035B104F11C0188192A464146EFF7ACFD00BFC7E770B50446614862490978405C4E
:2026200061490978084100F0010524B1012C2AD0022C72D1A5E05D480078222805DA5B4855
:202640000078401C594908700AE058480078222806D1FBF741FD55480078401C53490870B4
:202660005248007823280DDB01205149087000204E49087007204C49087000204949087055
:202680004C4908708AE0002D3CD04A48007838B9FBF718FD47480078401C464908706FE0CF
:2026A00044480078012807D1FBF716FD41480078401C4049087063E03E48007802285FD117
:2026C000FBF70AFD00203B49087037480078401E40B235490870084690F90000002807DAC8
:2026E00030480078401C2F49087007202E4908702C48007830490978884241DD02202C4923
:2027000008704BE02B48007840B9FBF7DBFC29480078401C2749087032E03EE02548007827
:20272000012807D1FBF7CEFC22480078401C2149087025E01F480078022821D1FBF7CCFC02
:2027400000201C49087018480078401E40B216490870084690F90000002807DA11480078CC
:20276000401C1049087007200F4908700D48007811490978884203DD02200D4908700DE006
:202780000CE000200A490870FBF79CFC00200549087007200449087000E000BF00BF70BD7B
:2027A0005F0500205E0500205D0500205A0500206B0500205B0500205C050020002000213F
:2027C0002C4A126842F480322A4B1A6000BF401C284A126802F4003119B94FF6FF729042AA
:2027E000F5D1244A126802F400320AB900BFFEE7204A52681F4B5A601A4652685A601A4620
:20280000526842F480625A601A46526822F440325A601A46526842F440325A601A4652683A
:20282000154B1A40134B5A601A465268134B1A43104B5A601A46126842F080721A6000BFA5
:202840000C4A126802F00072002AF9D0094A526822F00302074B5A601A46526842F00202D1
:202860005A6000BF034A526802F00C02082AF9D17047000000100240FFFFC3F700002808EB
:2028800010B5FFF79BFF10BD10B5124800684FF47A71B0FBF1F4601EB0F1807F01D30120BE
:2028A0000FE0601E4FF0E02148610F214FF0FF30F9F73CF800204FF0E02188610720086127
:2028C000002008B100BFFEE70021481EF9F72EF810BD0000C80500201FB54FF4E060FEF7D8
:2028E0009FF84FF0804000F01FF8684600F013F940F24310ADF80000C72002900020ADF829
:20290000040069464FF0804000F082F80121880700F0EEF84FF0804000F074F80022012175
:202920001C20FDF77FFF1FBD10B504463349601A8C4244D00CDCB4F1804F1CD03048204402
:2029400010B3B0F5806F28D0B0F5006F52D12DE0B0F5806F3CD0B0F58E3F03D0B0F5923F89
:2029600048D13EE040F20B30FEF77AF840F20B30FEF766F83FE04FF48060FEF771F84FF4A9
:202980008060FEF75DF836E040F20140FEF768F840F20140FEF754F82DE040F20240FEF705
:2029A0005FF840F20240FEF74BF824E040F20340FEF756F840F20340FEF742F81BE040F287
:2029C0000440FEF74DF840F20440FEF739F812E040F20540FEF744F840F20540FEF730F8AF
:2029E00009E040F20D30FEF73BF840F20D30FEF727F800E000BF00BF10BD00000010004059
:202A000000FCFFBF016841F001010160704700000A888262294A904220D0B0F1804F1DD040
:202A2000274A90421AD0274A904217D0264A904214D0264A904211D0254A90420ED0254A68
:202A400090420BD0244A904208D0244A904205D0234A904202D0234A90420FD1026822F0F0
:202A60007002026002688B7803F060031A43026002680B7903F010031A4302608A68C26237
:202A8000194A90420CD0194A904209D0026822F44072026002688B8903F440731A4302609C
:202AA000064A904202D0094A904201D18A7B0263426942F00102426170470000002C01401A
:202AC0000004004000080040000C004000340140004C01400050014000540140001800409E
:202AE000001C0040002000400010004000140040C2680A43C2607047CA43026170470246B7
:202B0000D06800EA01031069084010B10BB1012070470020FCE700210180418081804FF6CD
:202B2000FF71816000218181817370472DE9F04704460D460027B846B94600261D49601A62
:202B40008C421CD006DC1C48204470B1B0F5806F1FD10FE0B0F5806F16D0B0F56C4F18D1BA
:202B60000320FDF7CBFE074614E00220FDF7C6FE07460FE00220FDF7C1FE07460AE00220F0
:202B8000FDF7BCFE074605E00220FDF7B7FE074600E000BF00BF07EB5500B0FBF5F64FF6BD
:202BA000F07006EA000806F00F0948EA0900A060BDE8F087004C004000BCFFBF014648685B
:202BC000C0F308007047C1F3080242607047000010B504462049601A8C4228D006DC1F486B
:202BE000204490B1B0F5806F33D117E0B0F5806F26D0B0F56C4F2CD140F20E30FDF730FF27
:202C000040F20E30FDF71CFF24E040F21140FDF727FF40F21140FDF713FF1BE040F212408C
:202C2000FDF71EFF40F21240FDF70AFF12E040F21340FDF715FF40F21340FDF701FF09E021
:202C400040F21440FDF70CFF40F21440FDF7F8FE00E000BF00BF10BD004C004000BCFFBF4E
:202C6000C16841F40051C160704710B5024602EB9110006801F01F040123A340184008B19E
:202C8000012010BD0020FCE70A460021416921F400711143416170470A460021416921F4C5
:202CA000807111434161704710B5C1F38912825801F01F040123A3401A43C1F38913C250AE
:202CC00010BD70B5024600230024C1F38910105801F01F060125B54000EA050302EB9150CD
:202CE0000068C1F304460125B54000EA050414B10BB1012070BD0020FCE7C26822F4C0622C
:202D0000C260C2680A43C26070470A460021C16821F004011143C1607047026922F4405252
:202D2000026102690A43026170470A460021C16821F008011143C1607047C26822F480526C
:202D4000C260C2680A43C2607047000070B505460C4600224FF400411448FDF779FB0022B3
:202D60004FF400511148FDF773FB0120F5F771F80122D1030D48FDF76BFB0220F5F769F879
:202D8000284600F015F8204600F012F800224FF400410648FDF75CFB00224FF40051034828
:202DA000FDF756FB0520F5F754F870BD0010014070B50446002500224FF400511648FDF757
:202DC00047FB0220F5F745F800BF22E000224FF400511148FDF73CFB04F0010028B101227A
:202DE00091030D48FDF734FB05E000224FF480410948FDF72DFB0220F5F72BF801225103A7
:202E00000548FDF725FB64100120F5F722F8681CC5B2082DDADB70BD0010014064742F56F6
:202E200030312F4750525356322F0000636D642F5630312F4750525356322F2B2F5643558B
:202E4000412F0000636D642F5630312F4750525356322F00002F564355412F000000000039
:202E6000000000000000000000000000000000000000000001000000E04E0108B05201080F
:202E8000156100080000000002000000AC510108B052010815610008000000000300000020
:202EA000704F0108B052010815610008000000000400000058510108B4520108156100087E
:202EC0000000000005000000F4510108B05201081561000800000000060000008050010837
:202EE000BC52010815610008000000000700000088510108B05201081561000800000000CB
:202F0000080000004C500108B0520108156100080000000009000000A4500108B05201086A
:202F200015610008000000000A00000094510108B052010815610008000000000B00000087
:202F4000984F0108B052010815610008000000000C000000644F0108B052010815610008A7
:202F6000000000000D000000E44F0108B052010815610008000000000E000000F44F010825
:202F8000B0520108E93B0008000000000F000000005001089C520108B13C000800000000A6
:202FA00010000000AC510108B0520108213C000800000000110000008C500108B05201088A
:202FC00015610008E53C0008120000001C500108B0520108F53C000800000000130000006C
:202FE000B0500108B0520108156100080000000014000000A05101087452010815610008E4
:2030000000000000150000000C500108A8520108393B0008000000001600000048510108FF
:203020009C520108156100086539000817000000AC510108A0520108213B000800000000F9
:2030400018000000784F0108B0520108156100080000000019000000D04F0108B0520108B3
:2030600015610008000000001A000000884F0108B052010815610008000000001B00000034
:20308000A44F0108B052010815610008000000001C00000098500108B05201081561000815
:2030A000000000001D000000C04F0108B052010815610008000000001E0000005850010883
:2030C000B052010815610008000000001F00000064500108B0520108156100080000000002
:2030E00020000000D4510108B0520108193900080000000021000000B4510108B0520108E3
:20310000DD3800080000000022000000E4510108B052010815610008000000002300000086
:2031200078510108B05201085D3F00080000000024000000C05101088C520108ED3F0008B5
:203140000000000025000000185101089C520108CD430008B1430008260000002851010825
:203160009C52010815410008F940000827000000BC500108B0520108154200080000000013
:2031800028000000DC5001089C520108A94200088D42000829000000045101089C52010893
:2031A000394300081D4300082A000000CC5001089C5201085D440008414400082B0000007C
:2031C000EC500108B052010815610008000000002C0000004C4F0108B052010815610008C8
:2031E000000000002D00000068510108B052010815610008000000002E0000003C50010894
:20320000B052010815610008000000002F000000B04F0108B0520108156100080000000065
:203220003000000028500108B052010815610008000000003100000070500108B05201084F
:203240001561000800000000320000003C510108B05201081561000800000000000000009F
:2032600000000000000000000100000024520108BD3600080200000004520108CD37000866
:20328000030000005C52010841370008040000007852010845610008050000002C520108E3
:2032A000553E00080600000038520108A16300080700000044520108593800080800000087
:2032C00050520108895D00080900000014520108D14400080A000000685201089141000819
:2032E0000B00000084520108495D000800C1814001C0804101C0804100C1814001C08041AC
:2033000000C1814000C1814001C0804101C0804100C1814000C1814001C0804100C181409D
:2033200001C0804101C0804100C1814001C0804100C1814000C1814001C0804100C181407D
:2033400001C0804101C0804100C1814000C1814001C0804101C0804100C1814001C080415D
:2033600000C1814000C1814001C0804101C0804100C1814000C1814001C0804100C181403D
:2033800001C0804101C0804100C1814000C1814001C0804101C0804100C1814001C080411D
:2033A00000C1814000C1814001C0804100C1814001C0804101C0804100C1814001C08041FD
:2033C00000C1814000C1814001C0804101C0804100C1814000C1814001C0804100C18140DD
:2033E00001C0804101C0804100C1814000C0C101C30302C2C60607C705C5C404CC0C0DCD5D
:203400000FCFCE0E0ACACB0BC90908C8D81819D91BDBDA1A1EDEDF1FDD1D1CDC14D4D5151C
:20342000D71716D6D21213D311D1D010F03031F133F3F23236F6F737F53534F43CFCFD3D7C
:20344000FF3F3EFEFA3A3BFB39F9F83828E8E929EB2B2AEAEE2E2FEF2DEDEC2CE42425E55C
:2034600027E7E62622E2E323E12120E0A06061A163A3A26266A6A767A56564A46CACAD6DBC
:20348000AF6F6EAEAA6A6BAB69A9A86878B8B979BB7B7ABABE7E7FBF7DBDBC7CB47475B59C
:2034A00077B7B67672B2B373B17170B0509091519353529296565797559594549C5C5D9DFC
:2034C0005F9F9E5E5A9A9B5B99595898884849894B8B8A4A4E8E8F4F8D4D4C8C44848545DC
:2034E00087474686824243834181804005090E0607000000545601083274002038540108EF
:20350000010000005C56010846740020D0530108010000004C5601086674002008540108DE
:20352000010000004456010886740020EC52010801000000DC590108A6740020545401085C
:2035400001000000C4570108AE7400208856010801000000F4590108CE740020EC58010817
:2035600000000000EC590108D07400200C59010800000000A0580108D2740020F85601086D
:203580000100000070570108F2740020C4520108000000002C560108F47400209C550108A8
:2035A00000000000DC57010814750020F457010800000000CC57010816750020A4590108F5
:2035C00007000000B058010836750020D058010800000000245601083875002074560108B4
:2035E00000000000E45701083A7500201C57010801000000D45701084A7500202C5701089C
:20360000010000003C5701085A75002064580108010000009C5901086A750020B856010844
:2036200004000000985801087A750020A056010804000000305901088A750020D855010894
:2036400000000000045601088C75002038590108000000006C5601088E7500206859010894
:20366000000000003C56010890750020805901080000000034560108927500205459010838
:2036800000000000BC59010894750020045501080000000044570108967500202055010834
:2036A00000000000B459010898750020D854010800000000CC5901089A75002010570108C5
:2036C000010000001C5601089E750020A854010800000000E4590108A07500205455010809
:2036E00000000000A8580108A27500206C55010802000000F4550108A4750020A057010833
:2037000005000000FC550108A87500207857010805000000EC570108AC750020B85801088A
:203720000100000064560108CC750020CC56010801000000C4590108CE75002074540108DE
:203740000000000014560108D0750020F452010800000000D0550108D27500204C57010801
:2037600000000000D4590108D475002084550108000000000C560108D6750020C0540108D5
:2037800000000000030000006F706964000000000000000000000000307300204F454D20B6
:2037A00050726F64756374204944200000000000000000000000000000000000000000005B
:2037C00000000000000000000000000000000000000000000000000000000001E87300206D
:2037E0007070696400000000000000000000000044730020504159472050726F6475637413
:203800002049442000000000000000000000000000000000000000000000000000000000DB
:203820000000000000000000000000000000000000000001E973002066726D760000000050
:20384000000000000000000064730020204669726D776172652056657273696F6E204E752B
:203860006D62657200000000000000000000000000000000000000000000000000000000A2
:20388000000000000000000000000001EA73002010000000726372640000000000000000EF
:2038A000000000006C7300202052656D61696E696E672043726564697420446179732020E3
:2038C0005468697320697320612063726564697420636F756E7420696E20646179732E00F9
:2038E0000000000000000000EB730020747268640000000000000000000000006E73002097
:2039000020546F74616C2052756E20486973746F727920446179730000000000000000006B
:20392000000000000000000000000000000000000000000000000000000000000000000087
:20394000EC730020747067640000000000000000000000007073002020546F74616C2050A2
:203960004159472044617973000000000000000000000000000000000000000000000000B5
:20398000000000000000000000000000000000000000000000000000ED73002070677374E9
:2039A000000000000000000000000000727300202050415947205374617465000000000090
:2039C0000000000000000000000000000000000000000000000000000000000000000000E7
:2039E00000000000000000000000000000000000EE7300206F63737400000000000000008D
:203A00000000000074730020204F757470757420436F6E74726F6C205374617465000000CC
:203A2000000000000000000000000000000000000000000000000000000000000000000086
:203A40000000000000000000EF73002073737463000000000000000000000000767300201E
:203A60002053797374656D2053746174757320436F64650000000000000000000000000062
:203A8000000000000000000000000000000000000000000000000000000000000000000026
:203AA000F073002072736F630000000000000000000000007873002052656C617469766585
:203AC000205374617465206F66204368617267650000000000000000000000000000000066
:203AE000000000000000000000000000000000000000000000000000F1730020726361709C
:203B00000000000000000000000000007A7300202052656D61696E696E67204370616369DE
:203B2000747920696E2057687300000000000000000000000000000000000000000000004F
:203B400000000000000000000000000000000000F273002066636370000000000000000044
:203B6000000000007C7300202046756C6C2043686172676520436170616369747920696ED4
:203B80002057687300000000000000000000000000000000000000000000000000000000D3
:203BA0000000000000000000F37300207264626B0000000000000000000000007E730020CB
:203BC0002052756E2044617973204261636B75700000000000000000000000000000000069
:203BE0000000000000000000000000000000000000000000000000000000000000000000C5
:203C0000F4730020616379630000000000000000000000008073002020416363756D756C80
:203C200061746564204379636C657300000000000000000000000000000000000000000063
:203C4000000000000000000000000000000000000000000000000000F57300207075626B2A
:203C600000000000000000000000000084730020205075626C6963204B65792048617368C1
:203C800020546F7000000000000000000000000000000000000000000000000000000000D1
:203CA00000000000000000000000000000000001F6730020677374770000000000000000B5
:203CC00000000000A4730020204750525320536C6565702054696D652057696E646F7720D1
:203CE000696E206D696E730000000000000000000000000000000000000000000000000016
:203D00000000000000000000F773002067637477000000000000000000000000A67300202B
:203D2000204750525320436F6E6E6563742054696D652057696E646F7720696E206D696E9B
:203D40007300000000000000000000000000000000000000000000000000000000000000F0
:203D6000F873002068626671000000000000000000000000A8730020486561727420426521
:203D8000617420496E74657276616C20696E204D696E7574657300000000000000000000ED
:203DA000000000000000000000000000000000000000000000000000F97300207270746DB4
:203DC000000000000000000000000000AA7300205265706F7274206D6F64652053657474A5
:203DE000696E67000000000000000000000000000000000000000000000000000000000085
:203E000000000000000000000000000000000000FA7300200F00000062617470000000005F
:203E20000000000000000000AC73002042617474657279204E6574204368617267696E67DE
:203E400020706F77657220696E2077617474730000000000000000000000000000000000CB
:203E6000000000000000000000000000FB730020696E7070000000000000000000000000FD
:203E8000AE730020546F74616C20496E70757420506F77657220696E207761747473000036
:203EA000000000000000000000000000000000000000000000000000000000000000000002
:203EC00000000000FC7300206F757470000000000000000000000000B07300204F757470A0
:203EE000757420506F77657220746F204C6F61647320696E2077617474730000000000004C
:203F000000000000000000000000000000000000000000000000000000000000FD73002011
:203F200061656E67000000000000000000000000B2730020546F74616C20416363756D751F
:203F40006C6174656420456E65726779204F757470757420696E20576873000000000000D3
:203F60000000000000000000000000000000000000000000FE730020637630310000000076
:203F80000000000000000000B4730020566F6C7461676520696E206D56206F662063656CE5
:203FA0006C2030310000000000000000000000000000000000000000000000000000000014
:203FC000000000000000000000000000FF7300206376303200000000000000000000000014
:203FE000B6730020566F6C7461676520696E206D56206F662063656C6C2030320000000095
:204000000000000000000000000000000000000000000000000000000000000000000000A0
:20402000000000000074002063763033000000000000000000000000B8730020566F6C74C0
:2040400061676520696E206D56206F662063656C6C20303300000000000000000000000021
:204060000000000000000000000000000000000000000000000000000000000001740020AB
:2040800063763034000000000000000000000000BA730020566F6C7461676520696E206D40
:2040A00056206F662063656C6C203034000000000000000000000000000000000000000071
:2040C00000000000000000000000000000000000000000000274002070636B760000000096
:2040E0000000000000000000BC73002042617474657279205061636B20566F6C7461676505
:2041000020696E206D560000000000000000000000000000000000000000000000000000C5
:204120000000000000000000000000000374002070636B6300000000000000000000000047
:20414000BE73002042617474657279205061636B2043757272656E7420696E206D410000CC
:2041600000000000000000000000000000000000000000000000000000000000000000003F
:20418000000000020474002070636B74000000000000000000000000C073002042617474F5
:2041A000657279205061636B2054656D706572617475726520696E2063656C636975730063
:2041C000000000000000000000000000000000000000000000000000000000000574002046
:2041E000706C6174000000000000000000000000C473002047505320506F736974696F6E58
:20420000204C61746974756465000000000000000000000000000000000000000000000042
:20422000000000000000000000000000000000000000000106740020706C6F6E000000002A
:204240000000000000000000D473002047505320506F736974696F6E204C6F6E6769747596
:20426000646500000000000000000000000000000000000000000000000000000000000075
:204280000000000000000000000000010774002067707373000000000000000000000000C5
:2042A000E473002044657669636520475053205369676E616C20537472656E6774682069B7
:2042C0006E206462000000000000000000000000000000000000000000000000000000008A
:2042E000000000000874002067706663000000000000000000000000E673002047505253CD
:2043000020436F6E6E656374204661696C75726520436F756E74730000000000000000002F
:204320000000000000000000000000000000000000000000000000000000000009740020E0
:2043400000002110422063308440A550C660E770088129914AA16BB18CC1ADD1CEE1EFF15D
:204360003112100273325222B5529442F772D662399318837BB35AA3BDD39CC3FFF3DEE31D
:204380006224433420040114E664C774A44485546AA54BB528850995EEE5CFF5ACC58DD5DD
:2043A0005336722611163006D776F6669556B4465BB77AA719973887DFF7FEE79DD7BCC79D
:2043C000C448E5588668A7784008611802282338CCC9EDD98EE9AFF9488969990AA92BB95D
:2043E000F55AD44AB77A966A711A500A333A122AFDDBDCCBBFFB9EEB799B588B3BBB1AAB1D
:20440000A66C877CE44CC55C222C033C600C411CAEED8FFDECCDCDDD2AAD0BBD688D499DDC
:20442000977EB66ED55EF44E133E322E511E700E9FFFBEEFDDDFFCCF1BBF3AAF599F788F9C
:204440008891A981CAB1EBA10CD12DC14EF16FE18010A100C230E32004502540467067605C
:20446000B9839893FBA3DAB33DC31CD37FE35EF3B1029012F322D23235421452776256721C
:20448000EAB5CBA5A89589856EF54FE52CD50DC5E234C324A01481046674476424540544DC
:2044A000DBA7FAB79987B8975FE77EF71DC73CD7D326F2369106B01657667676154634569C
:2044C0004CD96DC90EF92FE9C899E9898AB9ABA94458654806782768C018E1088238A3285C
:2044E0007DCB5CDB3FEB1EFBF98BD89BBBAB9ABB754A545A376A167AF10AD01AB32A923A1C
:204500002EFD0FED6CDD4DCDAABD8BADE89DC98D267C076C645C454CA23C832CE01CC10CDB
:204520001FEF3EFF5DCF7CDF9BAFBABFD98FF89F176E367E554E745E932EB23ED10EF01E9B
:204540005A00040001010000000000000000010094040020CDE4000801000100A4040020BF
:2045600015E4000802000100AC040020D5E8000803000100B4040020C5E80008040001000C
:20458000BC04002005E4000805000100D404002000000000060001009C0400200000000085
:2045A00007000100DC0400200000000008000000E4040020A1E8000809000100F404002030
:2045C000000000000A000100C4040020F5E200080B000100CC0400207DE300080C00010098
:2045E000EC04002041E300080D000100FC0400208DE300080E000100040500203DE3000879
:204600000F0001000C05002000000000100001001405002000000000110001001C050020BC
:2046200000000000120001002405002000000000130001002C0500200000000014000100A4
:204640003405002059E30008150001003C050020EDE20008160001004405002000000000EF
:204660004142434445464748494A4B4C4D4E4F505152535455565758595A61626364656606
:204680006768696A6B6C6D6E6F707172737475767778797A303132333435363738392B2FE9
:2046A000FFFFFFFFFFFFFFFFFFFFFDFFFFFDFFFFFFFFFFFFFFFFFFFFFFFFFFFFFFFFFFFF1E
:2046C000FDFFFFFFFFFFFFFFFFFFFF3EFFFFFF3F3435363738393A3B3C3DFFFFFFFEFFFF3F
:2046E000FF000102030405060708090A0B0C0D0E0F10111213141516171819FFFFFFFFFF7B
:20470000FF1A1B1C1D1E1F202122232425262728292A2B2C2D2E2F30313233FFFFFFFFFFB6
:20472000FFFFFFFFFFFFFFFFFFFFFFFFFFFFFFFFFFFFFFFFFFFFFFFFFFFFFFFFFFFFFFFF99
:20474000FFFFFFFFFFFFFFFFFFFFFFFFFFFFFFFFFFFFFFFFFFFFFFFFFFFFFFFFFFFFFFFF79
:20476000FFFFFFFFFFFFFFFFFFFFFFFFFFFFFFFFFFFFFFFFFFFFFFFFFFFFFFFFFFFFFFFF59
:20478000FFFFFFFFFFFFFFFFFFFFFFFFFFFFFFFFFFFFFFFFFFFFFFFFFFFFFFFFFFFFFFFF39
:2047A00000000000B71DC1046E3B8209D926430DDC7604136B6BC517B24D861A0550471E69
:2047C000B8ED08260FF0C922D6D68A2F61CB4B2B649B0C35D386CD310AA08E3CBDBD4F3809
:2047E00070DB114CC7C6D0481EE09345A9FD5241ACAD155F1BB0D45BC2969756758B5652A9
:20480000C836196A7F2BD86EA60D9B6311105A6714401D79A35DDC7D7A7B9F70CD665E7448
:20482000E0B6239857ABE29C8E8DA191399060953CC0278B8BDDE68F52FBA582E5E66486E8
:20484000585B2BBEEF46EABA3660A9B7817D68B3842D2FAD3330EEA9EA16ADA45D0B6CA088
:20486000906D32D42770F3D0FE56B0DD494B71D94C1B36C7FB06F7C32220B4CE953D75CA28
:2048800028803AF29F9DFBF646BBB8FBF1A679FFF4F63EE143EBFFE59ACDBCE82DD07DECC8
:2048A00077708634C06D4730194B043DAE56C539AB0682271C1B4323C53D002E7220C12A68
:2048C000CF9D8E1278804F16A1A60C1B16BBCD1F13EB8A01A4F64B057DD00808CACDC90C08
:2048E00007AB9778B0B6567C69901571DE8DD475DBDD936B6CC0526FB5E6116202FBD066A8
:20490000BF469F5E085B5E5AD17D1D576660DC5363309B4DD42D5A490D0B1944BA16D84047
:2049200097C6A5AC20DB64A8F9FD27A54EE0E6A14BB0A1BFFCAD60BB258B23B69296E2B2E7
:204940002F2BAD8A98366C8E41102F83F60DEE87F35DA9994440689D9D662B902A7BEA9487
:20496000E71DB4E0500075E4892636E93E3BF7ED3B6BB0F38C7671F7555032FAE24DF3FE27
:204980005FF0BCC6E8ED7DC231CB3ECF86D6FFCB8386B8D5349B79D1EDBD3ADC5AA0FBD8C7
:2049A000EEE00C6959FDCD6D80DB8E6037C64F643296087A858BC97E5CAD8A73EBB04B7727
:2049C000560D044FE110C54B383686468F2B47428A7B005C3D66C158E4408255535D435147
:2049E0009E3B1D252926DC21F0009F2C471D5E28424D1936F550D8322C769B3F9B6B5A3B67
:204A000026D6150391CBD40748ED970AFFF0560EFAA011104DBDD014949B93192386521D86
:204A20000E562FF1B94BEEF5606DADF8D7706CFCD2202BE2653DEAE6BC1BA9EB0B0668EFA6
:204A4000B6BB27D701A6E6D3D880A5DE6F9D64DA6ACD23C4DDD0E2C004F6A1CDB3EB60C9C6
:204A60007E8D3EBDC990FFB910B6BCB4A7AB7DB0A2FB3AAE15E6FBAACCC0B8A77BDD79A3E6
:204A8000C660369B717DF79FA85BB4921F4675961A163288AD0BF38C742DB081C330718506
:204AA00099908A5D2E8D4B59F7AB085440B6C95045E68E4EF2FB4F4A2BDD0C479CC0CD4326
:204AC000217D827B9660437F4F460072F85BC176FD0B86684A16476C93300461242DC56546
:204AE000E94B9B115E565A1587701918306DD81C353D9F0282205E065B061D0BEC1BDC0F66
:204B000051A69337E6BB52333F9D113E8880D03A8DD097243ACD5620E3EB152D54F6D42985
:204B20007926A9C5CE3B68C1171D2BCCA000EAC8A550ADD6124D6CD2CB6B2FDF7C76EEDBA5
:204B4000C1CBA1E376D660E7AFF023EA18EDE2EE1DBDA5F0AAA064F4738627F9C49BE6FDC5
:204B600009FDB889BEE0798D67C63A80D0DBFB84D58BBC9A62967D9EBBB03E930CADFF97E5
:204B8000B110B0AF060D71ABDF2B32A66836F3A26D66B4BCDA7B75B8035D36B5B440F7B105
:204BA0004F5645532D5643552D3130330000000000000200808F002002000200848F002074
:204BC0000A000200888F00200C0002008C8F002014000200908F002016000200948F002099
:204BE0001E000200988F0020200002009C8F002022000200A08F002024000200A48F0020F5
:204C000064000200A88F002066000100AC8F002067000100AE8F002069000100B28F002085
:204C20006A000100B68F00206E000200BC8F002070000100000000007100010000000000E6
:204C40007300010000000000740001000000000078000200D08F00207A00010000000000F7
:204C60007B000100000000007D000100000000007E0001000000000082000200E48F0020A4
:204C80008400010000000000850001000000000087000100000000008800010000000000F8
:204CA0008C000200F88F00208E000100000000008F0001000000000091000100000000000E
:204CC0009200010000000000C80002000C900020CA00010000000000CB0001000000000024
:204CE000CD00010000000000CE00010000000000D200020020900020D4000100000000009E
:204D0000D500010000000000D700010000000000D800010000000000DC000200349000204A
:204D2000DE00010000000000DF00010000000000E100010000000000E200010000000000EF
:204D4000E600010048900020E800010000000000E900010000000000EB00010000000000B5
:204D6000EC00010000000000F00002005C900020F200010000000000F30001000000000061
:204D8000F500010000000000F6000100000000002C010200709000202E01010000000000A7
:204DA0002F01010000000000310101000000000032010100000000003601010084900020EF
:204DC000380101000000000039010100000000003B010100000000003C01010000000000E3
:204DE000400102009890002042010100000000004301010000000000450101000000000058
:204E000046010100000000004A010200AC9000204C010100000000004D0101000000000004
:204E20004F01010000000000500101000000000054010200C09000205601010000000000B0
:204E4000570101000000000059010100000000005A01010000000000004040404040404082
:204E60004040414141414140404040404040404040404040404040404005020202020202DC
:204E8000020202020202020202202020202020202020200202020202020290909090909052
:204EA000101010101010101010101010101010101010101002020202020288888888888876
:204EC00008080808080808080808080808080808080808080202020240000000594E01083A
:204EE00053544152542053494D38303043200D0A0000000041542B435354543D226F72616A
:204F00006E67652E6D326D2E73706563222C22222C22220D0A00000041542B4349505354E8
:204F20004152543D22544350222C226D7174742D322E6F6D6E69766F6C746169632E636FDC
:204F40006D222C2231383833220D0A0041542B434D515454444953433D302C3132300D0AB8
:204F60000000000041542B434D47463D300D0A00415445300D0A000041542B534150425277
:204F80003D312C310D0A000041542B434C42533D312C310D0A00000041542B434D47463D4F
:204FA000310D0A0041542B4346554E3D310D0A0041542B43474E53535057523D310D0A007C
:204FC00041542B434F50533D302C320D0A00000041542B434C42534346473D302C330D0A63
:204FE0000000000041542B434D4744413D360D0A0000000041542B434D47523D0D0A0000CE
:2050000041542B434D47533D0D0A000041542B43495053544152543D0D0A000041542B43D1
:205020005354543D0D0A000041542B53574954434853494D3D3F0D0A0000000041542B4310
:20504000475053494E464F3D3F0D0A0041542B435245473F0D0A000041542B434752454748
:205060003F0D0A0041542B435053493F0D0A000041542B4455414C53494D3F0D0A00000070
:2050800041542B4350494E3F0D0A000041542B43504D533F0D0A000041542B434F50533F53
:2050A0000D0A000041542B43474154543F0D0A0041542B435354543F0D0A000041542B43F9
:2050C0004D5154545055420D0A00000041542B434D515454554E5355420D0A0041542B439C
:2050E0004D5154545355420D0A00000041542B434D515454554E535542544F5049430D0AFD
:205100000000000041542B434D515454535542544F5049430D0A000041542B434D5154547D
:20512000544F5049430D0A0041542B434D5154545041594C4F41440D0A00000041542B436C
:2051400049434349440D0A0041542B43495053454E440D0A0000000041542B434950434CD4
:205160004F53450D0A00000041542B434D51545453544F500D0A000041542B434D51545442
:20518000414343510D0A000041542B4353510D0A0000000041542B43494943520D0A0000E1
:2051A00041542B43494653520D0A000041540D0A0000000041542B43474143540D0A0000BC
:2051C00041542B434D515454434F4E4E4543540D0A00000041542B434744434F554E540D41
:2051E0000A00000041542B434D51545453544152540D0A0041542B434950534855540D0AC0
:20520000000000002261706E5F6E616D65223A2200000000226D7174746E616D65223A22A8
:20522000000000002261706E223A2200226D5F66726571223A22000022745F6672657122B0
:205240003A2200002262726F6B6572223A22000022706F7274223A22000000002261706E07
:205260005F707377223A2200226D717474707377223A22002E00000022546F6B656E223A8A
:20528000222A30002B434D47523A00002B434D515454434F4E4E4543543A00003E000000CE
:2052A00053454E44204F4B00434F4E4E454354204F4B00004552524F5200000052454144A0
:2052C0005900000047656E6572696320646576696365207377697463682073776368203D44
:2052E000204F4E207C204F4646200000206963636964200043757272656E74206261747450
:205300006572792773205374617465206F66204368617267652028534F43292C20556E6955
:20532000743A2025000000007B22636E756D223A222573222C2262746964223A22257322C9
:205340002C2263687374223A25642C2272736F63223A25642C2272656361223A252E303383
:20536000662C2270636B76223A256C642C2270636B63223A25647D5D2C0000007B22636E2C
:20538000756D223A222573222C2262746964223A222573222C2263687374223A25642C2297
:2053A00072736F63223A25642C2272656361223A252E3033662C2270636B76223A256C649D
:2053C0002C2270636B63223A25647D2C0000000050415947204465766963652049442E20B4
:2053E000466163746F7279207365742E204669656C64206F76657272696465206F707469DB
:205400006F6E732E00000000466C6565742049442E20466163746F7279207365742E20464B
:2054200069656C64206F76657272696465206F7074696F6E732E00004F454D20446576696B
:2054400063652049442E20466163746F7279207365742E00204669726D77617265205665DF
:205460007273696F6E2E20466163746F7279207365742E0043757272656E74206261747493
:20548000657279207374617475732C204368617267696E673A20312C4E6F742063686172E3
:2054A00067696E673A20300050686173652063757272656E742C20556E69743A2041000022
:2054C0005061636B2043757272656E74202C556E69743A2041000000446576696365204F04
:2054E0007574707574205374617465203D20454E41424C4544207C2044495341424C4544ED
:205500000000000050415947205374617465203D2050415947207C204652454500000000AD
:205520004C61737420746F6B656E20656E74727920726573706F6E7365203D204E4557202E
:205540007C20524550454154207C204552524F5200000000506861736520766F6C7461670A
:20556000652C20556E69743A2056000050686173652063757272656E742C20556E69743AF0
:20558000205600005061636B20566F6C74616765202C556E69743A20560000004C617374F4
:2055A00020726561642072657175657374206F6620414E592047415454203C646174613E85
:2055C000203D205B6F7069647C2E2E2E7C5D00007265636100000000475053205369676E32
:2055E000616C20537472656E67746820696E20646200000074646563000000006D6F65634E
:2056000000000000677066630000000070636B630000000072736F6300000000696E7063E8
:205620000000000073737463000000007265616400000000747067640000000074726864B0
:20564000000000006363696400000000666C6964000000006F7069640000000070706964BF
:20566000000000006274696400000000726372640000000053797374656D20537461747526
:205680007320436F646500005075626C6963204B6579202F204C61737420436F64650000B6
:2056A00044657669636520475053204C6F6E6769747564650000000044657669636520470E
:2056C0005053204C617469747564650042617474657279206E756D626572206F6620746856
:2056E000652063757272656E7420736C6F7420636861726765000000475052532043617244
:20570000726965722041504E204E616D650000005068617365206E616D65000063726561EA
:205720007465642061742074696D65007570646174652061742074696D65000074696D6572
:2057400000000000746B72650000000043757272656E7420626174746572792063617061E0
:20576000636974792C20556E69743A20576800007377636800000000456C6563747269638B
:2057800069747920666F7220746865206D6F6E74682C20556E69743A204B77680000000035
:2057A000456C656374726963697479206F6620746865206461792C20556E69743A204B77AC
:2057C000680000007075626B0000000072616D6C000000007564746D000000007270746D86
:2057E000000000006372746D00000000636E756D00000000536574206E6F746966696361A7
:2058000074696F6E2072657175657374206D6F6465203D205B307C317C327C337C345D2C95
:2058200020303A204175746F2D506572696F646963207C2031203D20526571756573742D49
:20584000526573706F6E7365207C2032203D204368616E67652D4E6F746966696361746911
:205860006F6E000044657669636520696E7465726E616C2074696D657220726561646F759D
:2058800074206174206C61737420636F6D6D756E69636174696F6E00706C6F6E000000007C
:2058A0006E61706E000000006368706F0000000068626671000000004368617267696E67CD
:2058C00020736C6F74206E756D626572000000004865617274204265617420496E7465728B
:2058E00076616C204D696E75746573004750525320536C6565702054696D652057696E64AA
:205900006F7720696E206D696E7300004750525320436F6E6E6563742054696D652057691E
:205920006E646F7720696E206D696E730000000067707373000000004750525320436F6EA8
:205940006E656374204661696C75726520436F756E747300504159472052756E6E696E67E7
:20596000204461797300000052656D61696E696E67204372656469742044617973000000B0
:20598000546F74616C2052756E6E696E6720486973746F727920446179730000706C61748E
:2059A0000000000072616D6C206C697374207365740000006F63737400000000706773747C
:2059C000000000006368737400000000726F6E750000000070636B760000000066726D76E2
:2059E00000000000696E707600000000676374770000000067737477000000004D5154542A
:205A000053554241434B207265706F7274745F6175746F3D20256420675F4D71747452655C
:205A2000636F6E6E6563743D256420675F4D7174745F436C696E6574436F6E6E6563743D65
:205A4000256420675F4D7174745F526571756573743D25640D0A0000413100004132000027
:205A600041330000413400004135000042310000423200004233000042340000423500007E
:205A80004331000043320000433300004334000043350000B45A010800000020D4050000A8
:205AA0001C300008885D0108D4050020049B000048EF00080132C5E02EC05D0321D8591243
:205AC0001A330D0A1009F44E0108184F010813102C100C064D514973647003C2103C1008C6
:205AE00006414243444546100A086478786B676B7070200F0C7141555A4264615349554C98
:205B000078301A29026102100100FF005EBCE2613FDD83C29C7E20A3FD1F419DC3217FFC31
:205B2000A2401E5F01E3BD3E6082DC237D9FC1421CFEA0E1BF5D0380DE3C62BEE0025CDF96
:205B400081633D7C22C09E1D43A1FF4618FAA427799BC584DA3866E5BB5907DB856739BA76
:205B6000E406581947A5FB7826C49A653BD987045AB8E6A7F91B45C6987A24F8A6441A995A
:205B8000C7257B3A6486D85B05E7B98CD2306EEDB3510F4E10F2AC2F7193CD114FADF3703A
:205BA0002ECC92D38D6F31B2EC0E50AFF1134DCE90722C6D33D18F0C52B0EE326C8ED05316
:205BC0000DEFB1F0AE4C1291CF2D73CA947628ABF517490856B4EA6937D58B5709EBB536EE
:205BE000688AD495CB2977F4AA4816E9B7550B88D6346A2B7597C94A14F6A8742AC89615DA
:205C00004BA9F7B6E80A54D7896B223543016F3BD5C3083CFF958308160F95C701101201ED
:205C20002302041DBB8041330D12031F01020960A01B0B1A040B17076CA5C90106220C1C8A
:205C400049C901261104440FB00E1AFF02F11E585A01085C041A60041A64041A68041A6C94
:205C6000041A70041A74041A78041A7C041A80041A84041A88041A8C041A90040121E00F81
:205C8000245043415330312C312A31440D0A5A0107590869151CC56A29031C1B0814062C08
:205CA00015080E062A01062B0E12051A11051C0604AA062D07040124072CF10A62072CEF1D
:205CC0000A52072CFB0A85072CF20A37073CFA0B1F073BA090071B0A41072B0805052A068B
:205CE000052A07052A09052A0A052A1305220B3A430812043A780812022AD20813140A15D6
:205D0000B15301041402F701031F9BB8033F018029EB880BFBBE5D72C3B9B881FBDD14154F
:205D2000FACEB3985D12ACCD5F14E97869081403F70D10080127BD0103F8101F01B4AF017B
:205D40000620153B43CA083C054209081E07C3C80106201117B96F010310011F0751080168
:205D6000033028178B0A0106F0020C16029ACB6001C4130B0713086119F812801B1020F7EF
:205D80000157520184F36F067420636F6D6D756E69636174696F6E00706C6F6E00000000A9
:205DA000736C6F6E000000006E61706E000000007263617000000000666363700000000038
:205DC00063746D7000000000696E70700000000062617470000000006F75747000000000E9
:205DE00068626671000000007263757200000000706D637300000000416363756D756C6168
:205E0000746564204379636C65730000536174656C6C69746520416C746974756465206936
:205E20006E204D6574726573000000004865617274204265617420496E74657276616C204F
:205E40004D696E7574657300416363756D756C6174656420456E65726779204F757470752E
:205E60007420696E205768730000000046756C6C204368617267652043617061636974791A
:205E800020696E205768730052656D61696E696E6720436170616369747920696E205768FB
:205EA000730000004750525320536C6565702054696D652057696E646F7720696E206D69E6
:205EC0006E7300004750525320436F6E6E6563742054696D652057696E646F7720696E205D
:205EE0006D696E7300000000636D6F7300000000646D6F73000000007367707300000000C9
:205F000067707373000000004750525320436F6E6E656374204661696C75726520436F756F
:205F20006E7473005061636B2054656D70657261747572652D312043656C73697573000089
:205F40005061636B2054656D70657261747572652D322043656C7369757300005061636B3E
:205F60002054656D70657261747572652D332043656C7369757300005061636B2054656D56
:205F800070657261747572652D342043656C7369757300005061636B2054656D70657261D3
:205FA000747572652D352043656C7369757300005061636B2054656D70657261747572659A
:205FC0002D362043656C7369757300005061636B2054656D706572617475726520696E2022
:205FE00043656C73697573005041434B204D4F5346455420636F6E74726F6C2073746174BF
:20600000757300005041434B2070726F74656374696F6E207374617475730000636D787393
:2060200000000000504159472052756E6E696E67204461797300000052656D61696E696E4A
:2060400067204372656469742044617973000000546F74616C2052756E6E696E67204869D7
:2060600073746F727920446179730000706C617400000000736C61740000000072616D6C1D
:20608000206C6973742073657400000070636B740000000073616C740000000072766C748A
:2060A000000000005265616C2D74696D652063757272656E740000006F63737400000000A4
:2060C0007067737400000000707073740000000070636B760000000066726D7600000000CC
:2060E00067637477000000006773747700000000726D6178000000004D51545453554241FD
:20610000434B207265706F7274745F6175746F3D20256420675F4D7174745265636F6E6ED2
:206120006563743D256420675F4D7174745F436C696E6574436F6E6E6563743D25642067FC
:206140005F4D7174745F526571756573743D25640D0A000074610108000000207C05000096
:206160004C300008186401087C0500201C8D000030EF00080132C5E02EC05D0321D859121B
:206180001A330D0A1E5450010878041113102C100C064D514973647003C2103C1008064134
:2061A0004243444546100A086478786B676B7070200F0C7141555A4264615349554C783070
:2061C0001A57026102100100FF005EBCE2613FDD83C29C7E20A3FD1F419DC3217FFCA24003
:2061E0001E5F01E3BD3E6082DC237D9FC1421CFEA0E1BF5D0380DE3C62BEE0025CDF8163CE
:206200003D7C22C09E1D43A1FF4618FAA427799BC584DA3866E5BB5907DB856739BAE406A9
:20622000581947A5FB7826C49A653BD987045AB8E6A7F91B45C6987A24F8A6441A99C72591
:206240007B3A6486D85B05E7B98CD2306EEDB3510F4E10F2AC2F7193CD114FADF3702ECC65
:2062600092D38D6F31B2EC0E50AFF1134DCE90722C6D33D18F0C52B0EE326C8ED0530DEF4D
:20628000B1F0AE4C1291CF2D73CA947628ABF517490856B4EA6937D58B5709EBB536688A31
:2062A000D495CB2977F4AA4816E9B7550B88D6346A2B7597C94A14F6A8742AC896154BA911
:2062C000F7B6E80A54D7896B223543016F3BD5C3083CFF958308160F95C7011012012302F6
:2062E000041DBB8041330D12031F01020960A01B0B1A040B17076CA5C90106220C1C49C9D7
:2063000001261104440FB00E1AFF02012CE00F245043415330312C312A31440D0A5A0107D8
:20632000590869151CC56A29031C1B0814062C15080E062A01062B0E12051A11051C06047A
:20634000AA062D07040124072CF10A62072CEF0A52072CFB0A85072CF20A37073CFA0B1F98
:20636000073BA090071B0A41072B0805052A06052A07052A09052A0A052A1305220B3A4332
:206380000812043A780812022AD20813140A15B15301041402F701031F9BB8033F0180294F
:2063A000EB880BFBBE5D72C3B9B881FBDD1415FACEB3985D12ACCD5F14E97869081403F7D3
:2063C0000D10080127BD0103F8101F01B4AF010620153B43CA083C054209081E07C3C80153
:2063E00006201117B96F010310011F07510801033028178B0A0106F0020C16029ACB6001A8
:20640000BC130B0713086119F012801B1020EF0147520184F36F0600FFFFFFFFFFFFFFFFCB
:20642000FFFFFFFFFFFFFFFFFFFFFFFFFFFFFFFFFFFFFFFFFFFFFFFFFFFFFFFFFFFFFFFF7C
:20644000FFFFFFFFFFFFFFFFFFFFFFFFFFFFFFFFFFFFFFFFFFFFFFFFFFFFFFFFFFFFFFFF5C
:20646000FFFFFFFFFFFFFFFFFFFFFFFFFFFFFFFFFFFFFFFFFFFFFFFFFFFFFFFFFFFFFFFF3C
:20648000FFFFFFFFFFFFFFFFFFFFFFFFFFFFFFFFFFFFFFFFFFFFFFFFFFFFFFFFFFFFFFFF1C
:2064A000FFFFFFFFFFFFFFFFFFFFFFFFFFFFFFFFFFFFFFFFFFFFFFFFFFFFFFFFFFFFFFFFFC
:2064C000FFFFFFFFFFFFFFFFFFFFFFFFFFFFFFFFFFFFFFFFFFFFFFFFFFFFFFFFFFFFFFFFDC
:2064E000FFFFFFFFFFFFFFFFFFFFFFFFFFFFFFFFFFFFFFFFFFFFFFFFFFFFFFFFFFFFFFFFBC
:20650000FFFFFFFFFFFFFFFFFFFFFFFFFFFFFFFFFFFFFFFFFFFFFFFFFFFFFFFFFFFFFFFF9B
:20652000FFFFFFFFFFFFFFFFFFFFFFFFFFFFFFFFFFFFFFFFFFFFFFFFFFFFFFFFFFFFFFFF7B
:20654000FFFFFFFFFFFFFFFFFFFFFFFFFFFFFFFFFFFFFFFFFFFFFFFFFFFFFFFFFFFFFFFF5B
:20656000FFFFFFFFFFFFFFFFFFFFFFFFFFFFFFFFFFFFFFFFFFFFFFFFFFFFFFFFFFFFFFFF3B
:20658000FFFFFFFFFFFFFFFFFFFFFFFFFFFFFFFFFFFFFFFFFFFFFFFFFFFFFFFFFFFFFFFF1B
:2065A000FFFFFFFFFFFFFFFFFFFFFFFFFFFFFFFFFFFFFFFFFFFFFFFFFFFFFFFFFFFFFFFFFB
:2065C000FFFFFFFFFFFFFFFFFFFFFFFFFFFFFFFFFFFFFFFFFFFFFFFFFFFFFFFFFFFFFFFFDB
:2065E000FFFFFFFFFFFFFFFFFFFFFFFFFFFFFFFFFFFFFFFFFFFFFFFFFFFFFFFFFFFFFFFFBB
:20660000FFFFFFFFFFFFFFFFFFFFFFFFFFFFFFFFFFFFFFFFFFFFFFFFFFFFFFFFFFFFFFFF9A
:20662000FFFFFFFFFFFFFFFFFFFFFFFFFFFFFFFFFFFFFFFFFFFFFFFFFFFFFFFFFFFFFFFF7A
:20664000FFFFFFFFFFFFFFFFFFFFFFFFFFFFFFFFFFFFFFFFFFFFFFFFFFFFFFFFFFFFFFFF5A
:20666000FFFFFFFFFFFFFFFFFFFFFFFFFFFFFFFFFFFFFFFFFFFFFFFFFFFFFFFFFFFFFFFF3A
:20668000FFFFFFFFFFFFFFFFFFFFFFFFFFFFFFFFFFFFFFFFFFFFFFFFFFFFFFFFFFFFFFFF1A
:2066A000FFFFFFFFFFFFFFFFFFFFFFFFFFFFFFFFFFFFFFFFFFFFFFFFFFFFFFFFFFFFFFFFFA
:2066C000FFFFFFFFFFFFFFFFFFFFFFFFFFFFFFFFFFFFFFFFFFFFFFFFFFFFFFFFFFFFFFFFDA
:2066E000FFFFFFFFFFFFFFFFFFFFFFFFFFFFFFFFFFFFFFFFFFFFFFFFFFFFFFFFFFFFFFFFBA
:20670000FFFFFFFFFFFFFFFFFFFFFFFFFFFFFFFFFFFFFFFFFFFFFFFFFFFFFFFFFFFFFFFF99
:20672000FFFFFFFFFFFFFFFFFFFFFFFFFFFFFFFFFFFFFFFFFFFFFFFFFFFFFFFFFFFFFFFF79
:20674000FFFFFFFFFFFFFFFFFFFFFFFFFFFFFFFFFFFFFFFFFFFFFFFFFFFFFFFFFFFFFFFF59
:20676000FFFFFFFFFFFFFFFFFFFFFFFFFFFFFFFFFFFFFFFFFFFFFFFFFFFFFFFFFFFFFFFF39
:20678000FFFFFFFFFFFFFFFFFFFFFFFFFFFFFFFFFFFFFFFFFFFFFFFFFFFFFFFFFFFFFFFF19
:2067A000FFFFFFFFFFFFFFFFFFFFFFFFFFFFFFFFFFFFFFFFFFFFFFFFFFFFFFFFFFFFFFFFF9
:2067C000FFFFFFFFFFFFFFFFFFFFFFFFFFFFFFFFFFFFFFFFFFFFFFFFFFFFFFFFFFFFFFFFD9
:2067E000FFFFFFFFFFFFFFFFFFFFFFFFFFFFFFFFFFFFFFFFFFFFFFFFFFFFFFFFFFFFFFFFB9
:20680000FFFFFFFFFFFFFFFFFFFFFFFFFFFFFFFFFFFFFFFFFFFFFFFFFFFFFFFFFFFFFFFF98
:20682000FFFFFFFFFFFFFFFFFFFFFFFFFFFFFFFFFFFFFFFFFFFFFFFFFFFFFFFFFFFFFFFF78
:20684000FFFFFFFFFFFFFFFFFFFFFFFFFFFFFFFFFFFFFFFFFFFFFFFFFFFFFFFFFFFFFFFF58
:20686000FFFFFFFFFFFFFFFFFFFFFFFFFFFFFFFFFFFFFFFFFFFFFFFFFFFFFFFFFFFFFFFF38
:20688000FFFFFFFFFFFFFFFFFFFFFFFFFFFFFFFFFFFFFFFFFFFFFFFFFFFFFFFFFFFFFFFF18
:2068A000FFFFFFFFFFFFFFFFFFFFFFFFFFFFFFFFFFFFFFFFFFFFFFFFFFFFFFFFFFFFFFFFF8
:2068C000FFFFFFFFFFFFFFFFFFFFFFFFFFFFFFFFFFFFFFFFFFFFFFFFFFFFFFFFFFFFFFFFD8
:2068E000FFFFFFFFFFFFFFFFFFFFFFFFFFFFFFFFFFFFFFFFFFFFFFFFFFFFFFFFFFFFFFFFB8
:20690000FFFFFFFFFFFFFFFFFFFFFFFFFFFFFFFFFFFFFFFFFFFFFFFFFFFFFFFFFFFFFFFF97
:20692000FFFFFFFFFFFFFFFFFFFFFFFFFFFFFFFFFFFFFFFFFFFFFFFFFFFFFFFFFFFFFFFF77
:20694000FFFFFFFFFFFFFFFFFFFFFFFFFFFFFFFFFFFFFFFFFFFFFFFFFFFFFFFFFFFFFFFF57
:20696000FFFFFFFFFFFFFFFFFFFFFFFFFFFFFFFFFFFFFFFFFFFFFFFFFFFFFFFFFFFFFFFF37
:20698000FFFFFFFFFFFFFFFFFFFFFFFFFFFFFFFFFFFFFFFFFFFFFFFFFFFFFFFFFFFFFFFF17
:2069A000FFFFFFFFFFFFFFFFFFFFFFFFFFFFFFFFFFFFFFFFFFFFFFFFFFFFFFFFFFFFFFFFF7
:2069C000FFFFFFFFFFFFFFFFFFFFFFFFFFFFFFFFFFFFFFFFFFFFFFFFFFFFFFFFFFFFFFFFD7
:2069E000FFFFFFFFFFFFFFFFFFFFFFFFFFFFFFFFFFFFFFFFFFFFFFFFFFFFFFFFFFFFFFFFB7
:206A0000FFFFFFFFFFFFFFFFFFFFFFFFFFFFFFFFFFFFFFFFFFFFFFFFFFFFFFFFFFFFFFFF96
:206A2000FFFFFFFFFFFFFFFFFFFFFFFFFFFFFFFFFFFFFFFFFFFFFFFFFFFFFFFFFFFFFFFF76
:206A4000FFFFFFFFFFFFFFFFFFFFFFFFFFFFFFFFFFFFFFFFFFFFFFFFFFFFFFFFFFFFFFFF56
:206A6000FFFFFFFFFFFFFFFFFFFFFFFFFFFFFFFFFFFFFFFFFFFFFFFFFFFFFFFFFFFFFFFF36
:206A8000FFFFFFFFFFFFFFFFFFFFFFFFFFFFFFFFFFFFFFFFFFFFFFFFFFFFFFFFFFFFFFFF16
:206AA000FFFFFFFFFFFFFFFFFFFFFFFFFFFFFFFFFFFFFFFFFFFFFFFFFFFFFFFFFFFFFFFFF6
:206AC000FFFFFFFFFFFFFFFFFFFFFFFFFFFFFFFFFFFFFFFFFFFFFFFFFFFFFFFFFFFFFFFFD6
:206AE000FFFFFFFFFFFFFFFFFFFFFFFFFFFFFFFFFFFFFFFFFFFFFFFFFFFFFFFFFFFFFFFFB6
:206B0000FFFFFFFFFFFFFFFFFFFFFFFFFFFFFFFFFFFFFFFFFFFFFFFFFFFFFFFFFFFFFFFF95
:206B2000FFFFFFFFFFFFFFFFFFFFFFFFFFFFFFFFFFFFFFFFFFFFFFFFFFFFFFFFFFFFFFFF75
:206B4000FFFFFFFFFFFFFFFFFFFFFFFFFFFFFFFFFFFFFFFFFFFFFFFFFFFFFFFFFFFFFFFF55
:206B6000FFFFFFFFFFFFFFFFFFFFFFFFFFFFFFFFFFFFFFFFFFFFFFFFFFFFFFFFFFFFFFFF35
:206B8000FFFFFFFFFFFFFFFFFFFFFFFFFFFFFFFFFFFFFFFFFFFFFFFFFFFFFFFFFFFFFFFF15
:206BA000FFFFFFFFFFFFFFFFFFFFFFFFFFFFFFFFFFFFFFFFFFFFFFFFFFFFFFFFFFFFFFFFF5
:206BC000FFFFFFFFFFFFFFFFFFFFFFFFFFFFFFFFFFFFFFFFFFFFFFFFFFFFFFFFFFFFFFFFD5
:206BE000FFFFFFFFFFFFFFFFFFFFFFFFFFFFFFFFFFFFFFFFFFFFFFFFFFFFFFFFFFFFFFFFB5
:206C0000FFFFFFFFFFFFFFFFFFFFFFFFFFFFFFFFFFFFFFFFFFFFFFFFFFFFFFFFFFFFFFFF94
:206C2000FFFFFFFFFFFFFFFFFFFFFFFFFFFFFFFFFFFFFFFFFFFFFFFFFFFFFFFFFFFFFFFF74
:206C4000FFFFFFFFFFFFFFFFFFFFFFFFFFFFFFFFFFFFFFFFFFFFFFFFFFFFFFFFFFFFFFFF54
:206C6000FFFFFFFFFFFFFFFFFFFFFFFFFFFFFFFFFFFFFFFFFFFFFFFFFFFFFFFFFFFFFFFF34
:206C8000FFFFFFFFFFFFFFFFFFFFFFFFFFFFFFFFFFFFFFFFFFFFFFFFFFFFFFFFFFFFFFFF14
:206CA000FFFFFFFFFFFFFFFFFFFFFFFFFFFFFFFFFFFFFFFFFFFFFFFFFFFFFFFFFFFFFFFFF4
:206CC000FFFFFFFFFFFFFFFFFFFFFFFFFFFFFFFFFFFFFFFFFFFFFFFFFFFFFFFFFFFFFFFFD4
:206CE000FFFFFFFFFFFFFFFFFFFFFFFFFFFFFFFFFFFFFFFFFFFFFFFFFFFFFFFFFFFFFFFFB4
:206D0000FFFFFFFFFFFFFFFFFFFFFFFFFFFFFFFFFFFFFFFFFFFFFFFFFFFFFFFFFFFFFFFF93
:206D2000FFFFFFFFFFFFFFFFFFFFFFFFFFFFFFFFFFFFFFFFFFFFFFFFFFFFFFFFFFFFFFFF73
:206D4000FFFFFFFFFFFFFFFFFFFFFFFFFFFFFFFFFFFFFFFFFFFFFFFFFFFFFFFFFFFFFFFF53
:206D6000FFFFFFFFFFFFFFFFFFFFFFFFFFFFFFFFFFFFFFFFFFFFFFFFFFFFFFFFFFFFFFFF33
:206D8000FFFFFFFFFFFFFFFFFFFFFFFFFFFFFFFFFFFFFFFFFFFFFFFFFFFFFFFFFFFFFFFF13
:206DA000FFFFFFFFFFFFFFFFFFFFFFFFFFFFFFFFFFFFFFFFFFFFFFFFFFFFFFFFFFFFFFFFF3
:206DC000FFFFFFFFFFFFFFFFFFFFFFFFFFFFFFFFFFFFFFFFFFFFFFFFFFFFFFFFFFFFFFFFD3
:206DE000FFFFFFFFFFFFFFFFFFFFFFFFFFFFFFFFFFFFFFFFFFFFFFFFFFFFFFFFFFFFFFFFB3
:206E0000FFFFFFFFFFFFFFFFFFFFFFFFFFFFFFFFFFFFFFFFFFFFFFFFFFFFFFFFFFFFFFFF92
:206E2000FFFFFFFFFFFFFFFFFFFFFFFFFFFFFFFFFFFFFFFFFFFFFFFFFFFFFFFFFFFFFFFF72
:206E4000FFFFFFFFFFFFFFFFFFFFFFFFFFFFFFFFFFFFFFFFFFFFFFFFFFFFFFFFFFFFFFFF52
:206E6000FFFFFFFFFFFFFFFFFFFFFFFFFFFFFFFFFFFFFFFFFFFFFFFFFFFFFFFFFFFFFFFF32
:206E8000FFFFFFFFFFFFFFFFFFFFFFFFFFFFFFFFFFFFFFFFFFFFFFFFFFFFFFFFFFFFFFFF12
:206EA000FFFFFFFFFFFFFFFFFFFFFFFFFFFFFFFFFFFFFFFFFFFFFFFFFFFFFFFFFFFFFFFFF2
:206EC000FFFFFFFFFFFFFFFFFFFFFFFFFFFFFFFFFFFFFFFFFFFFFFFFFFFFFFFFFFFFFFFFD2
:206EE000FFFFFFFFFFFFFFFFFFFFFFFFFFFFFFFFFFFFFFFFFFFFFFFFFFFFFFFFFFFFFFFFB2
:206F0000FFFFFFFFFFFFFFFFFFFFFFFFFFFFFFFFFFFFFFFFFFFFFFFFFFFFFFFFFFFFFFFF91
:206F2000FFFFFFFFFFFFFFFFFFFFFFFFFFFFFFFFFFFFFFFFFFFFFFFFFFFFFFFFFFFFFFFF71
:206F4000FFFFFFFFFFFFFFFFFFFFFFFFFFFFFFFFFFFFFFFFFFFFFFFFFFFFFFFFFFFFFFFF51
:206F6000FFFFFFFFFFFFFFFFFFFFFFFFFFFFFFFFFFFFFFFFFFFFFFFFFFFFFFFFFFFFFFFF31
:206F8000FFFFFFFFFFFFFFFFFFFFFFFFFFFFFFFFFFFFFFFFFFFFFFFFFFFFFFFFFFFFFFFF11
:206FA000FFFFFFFFFFFFFFFFFFFFFFFFFFFFFFFFFFFFFFFFFFFFFFFFFFFFFFFFFFFFFFFFF1
:206FC000FFFFFFFFFFFFFFFFFFFFFFFFFFFFFFFFFFFFFFFFFFFFFFFFFFFFFFFFFFFFFFFFD1
:206FE000FFFFFFFFFFFFFFFFFFFFFFFFFFFFFFFFFFFFFFFFFFFFFFFFFFFFFFFFFFFFFFFFB1
:20700000FFFFFFFFFFFFFFFFFFFFFFFFFFFFFFFFFFFFFFFFFFFFFFFFFFFFFFFFFFFFFFFF90
:20702000FFFFFFFFFFFFFFFFFFFFFFFFFFFFFFFFFFFFFFFFFFFFFFFFFFFFFFFFFFFFFFFF70
:20704000FFFFFFFFFFFFFFFFFFFFFFFFFFFFFFFFFFFFFFFFFFFFFFFFFFFFFFFFFFFFFFFF50
:20706000FFFFFFFFFFFFFFFFFFFFFFFFFFFFFFFFFFFFFFFFFFFFFFFFFFFFFFFFFFFFFFFF30
:20708000FFFFFFFFFFFFFFFFFFFFFFFFFFFFFFFFFFFFFFFFFFFFFFFFFFFFFFFFFFFFFFFF10
:2070A000FFFFFFFFFFFFFFFFFFFFFFFFFFFFFFFFFFFFFFFFFFFFFFFFFFFFFFFFFFFFFFFFF0
:2070C000FFFFFFFFFFFFFFFFFFFFFFFFFFFFFFFFFFFFFFFFFFFFFFFFFFFFFFFFFFFFFFFFD0
:2070E000FFFFFFFFFFFFFFFFFFFFFFFFFFFFFFFFFFFFFFFFFFFFFFFFFFFFFFFFFFFFFFFFB0
:20710000FFFFFFFFFFFFFFFFFFFFFFFFFFFFFFFFFFFFFFFFFFFFFFFFFFFFFFFFFFFFFFFF8F
:20712000FFFFFFFFFFFFFFFFFFFFFFFFFFFFFFFFFFFFFFFFFFFFFFFFFFFFFFFFFFFFFFFF6F
:20714000FFFFFFFFFFFFFFFFFFFFFFFFFFFFFFFFFFFFFFFFFFFFFFFFFFFFFFFFFFFFFFFF4F
:20716000FFFFFFFFFFFFFFFFFFFFFFFFFFFFFFFFFFFFFFFFFFFFFFFFFFFFFFFFFFFFFFFF2F
:20718000FFFFFFFFFFFFFFFFFFFFFFFFFFFFFFFFFFFFFFFFFFFFFFFFFFFFFFFFFFFFFFFF0F
:2071A000FFFFFFFFFFFFFFFFFFFFFFFFFFFFFFFFFFFFFFFFFFFFFFFFFFFFFFFFFFFFFFFFEF
:2071C000FFFFFFFFFFFFFFFFFFFFFFFFFFFFFFFFFFFFFFFFFFFFFFFFFFFFFFFFFFFFFFFFCF
:2071E000FFFFFFFFFFFFFFFFFFFFFFFFFFFFFFFFFFFFFFFFFFFFFFFFFFFFFFFFFFFFFFFFAF
:20720000FFFFFFFFFFFFFFFFFFFFFFFFFFFFFFFFFFFFFFFFFFFFFFFFFFFFFFFFFFFFFFFF8E
:20722000FFFFFFFFFFFFFFFFFFFFFFFFFFFFFFFFFFFFFFFFFFFFFFFFFFFFFFFFFFFFFFFF6E
:20724000FFFFFFFFFFFFFFFFFFFFFFFFFFFFFFFFFFFFFFFFFFFFFFFFFFFFFFFFFFFFFFFF4E
:20726000FFFFFFFFFFFFFFFFFFFFFFFFFFFFFFFFFFFFFFFFFFFFFFFFFFFFFFFFFFFFFFFF2E
:20728000FFFFFFFFFFFFFFFFFFFFFFFFFFFFFFFFFFFFFFFFFFFFFFFFFFFFFFFFFFFFFFFF0E
:2072A000FFFFFFFFFFFFFFFFFFFFFFFFFFFFFFFFFFFFFFFFFFFFFFFFFFFFFFFFFFFFFFFFEE
:2072C000FFFFFFFFFFFFFFFFFFFFFFFFFFFFFFFFFFFFFFFFFFFFFFFFFFFFFFFFFFFFFFFFCE
:2072E000FFFFFFFFFFFFFFFFFFFFFFFFFFFFFFFFFFFFFFFFFFFFFFFFFFFFFFFFFFFFFFFFAE
:20730000FFFFFFFFFFFFFFFFFFFFFFFFFFFFFFFFFFFFFFFFFFFFFFFFFFFFFFFFFFFFFFFF8D
:20732000FFFFFFFFFFFFFFFFFFFFFFFFFFFFFFFFFFFFFFFFFFFFFFFFFFFFFFFFFFFFFFFF6D
:20734000FFFFFFFFFFFFFFFFFFFFFFFFFFFFFFFFFFFFFFFFFFFFFFFFFFFFFFFFFFFFFFFF4D
:20736000FFFFFFFFFFFFFFFFFFFFFFFFFFFFFFFFFFFFFFFFFFFFFFFFFFFFFFFFFFFFFFFF2D
:20738000FFFFFFFFFFFFFFFFFFFFFFFFFFFFFFFFFFFFFFFFFFFFFFFFFFFFFFFFFFFFFFFF0D
:2073A000FFFFFFFFFFFFFFFFFFFFFFFFFFFFFFFFFFFFFFFFFFFFFFFFFFFFFFFFFFFFFFFFED
:2073C000FFFFFFFFFFFFFFFFFFFFFFFFFFFFFFFFFFFFFFFFFFFFFFFFFFFFFFFFFFFFFFFFCD
:2073E000FFFFFFFFFFFFFFFFFFFFFFFFFFFFFFFFFFFFFFFFFFFFFFFFFFFFFFFFFFFFFFFFAD
:20740000FFFFFFFFFFFFFFFFFFFFFFFFFFFFFFFFFFFFFFFFFFFFFFFFFFFFFFFFFFFFFFFF8C
:20742000FFFFFFFFFFFFFFFFFFFFFFFFFFFFFFFFFFFFFFFFFFFFFFFFFFFFFFFFFFFFFFFF6C
:20744000FFFFFFFFFFFFFFFFFFFFFFFFFFFFFFFFFFFFFFFFFFFFFFFFFFFFFFFFFFFFFFFF4C
:20746000FFFFFFFFFFFFFFFFFFFFFFFFFFFFFFFFFFFFFFFFFFFFFFFFFFFFFFFFFFFFFFFF2C
:20748000FFFFFFFFFFFFFFFFFFFFFFFFFFFFFFFFFFFFFFFFFFFFFFFFFFFFFFFFFFFFFFFF0C
:2074A000FFFFFFFFFFFFFFFFFFFFFFFFFFFFFFFFFFFFFFFFFFFFFFFFFFFFFFFFFFFFFFFFEC
:2074C000FFFFFFFFFFFFFFFFFFFFFFFFFFFFFFFFFFFFFFFFFFFFFFFFFFFFFFFFFFFFFFFFCC
:2074E000FFFFFFFFFFFFFFFFFFFFFFFFFFFFFFFFFFFFFFFFFFFFFFFFFFFFFFFFFFFFFFFFAC
:20750000FFFFFFFFFFFFFFFFFFFFFFFFFFFFFFFFFFFFFFFFFFFFFFFFFFFFFFFFFFFFFFFF8B
:20752000FFFFFFFFFFFFFFFFFFFFFFFFFFFFFFFFFFFFFFFFFFFFFFFFFFFFFFFFFFFFFFFF6B
:20754000FFFFFFFFFFFFFFFFFFFFFFFFFFFFFFFFFFFFFFFFFFFFFFFFFFFFFFFFFFFFFFFF4B
:20756000FFFFFFFFFFFFFFFFFFFFFFFFFFFFFFFFFFFFFFFFFFFFFFFFFFFFFFFFFFFFFFFF2B
:20758000FFFFFFFFFFFFFFFFFFFFFFFFFFFFFFFFFFFFFFFFFFFFFFFFFFFFFFFFFFFFFFFF0B
:2075A000FFFFFFFFFFFFFFFFFFFFFFFFFFFFFFFFFFFFFFFFFFFFFFFFFFFFFFFFFFFFFFFFEB
:2075C000FFFFFFFFFFFFFFFFFFFFFFFFFFFFFFFFFFFFFFFFFFFFFFFFFFFFFFFFFFFFFFFFCB
:2075E000FFFFFFFFFFFFFFFFFFFFFFFFFFFFFFFFFFFFFFFFFFFFFFFFFFFFFFFFFFFFFFFFAB
:20760000FFFFFFFFFFFFFFFFFFFFFFFFFFFFFFFFFFFFFFFFFFFFFFFFFFFFFFFFFFFFFFFF8A
:20762000FFFFFFFFFFFFFFFFFFFFFFFFFFFFFFFFFFFFFFFFFFFFFFFFFFFFFFFFFFFFFFFF6A
:20764000FFFFFFFFFFFFFFFFFFFFFFFFFFFFFFFFFFFFFFFFFFFFFFFFFFFFFFFFFFFFFFFF4A
:20766000FFFFFFFFFFFFFFFFFFFFFFFFFFFFFFFFFFFFFFFFFFFFFFFFFFFFFFFFFFFFFFFF2A
:20768000FFFFFFFFFFFFFFFFFFFFFFFFFFFFFFFFFFFFFFFFFFFFFFFFFFFFFFFFFFFFFFFF0A
:2076A000FFFFFFFFFFFFFFFFFFFFFFFFFFFFFFFFFFFFFFFFFFFFFFFFFFFFFFFFFFFFFFFFEA
:2076C000FFFFFFFFFFFFFFFFFFFFFFFFFFFFFFFFFFFFFFFFFFFFFFFFFFFFFFFFFFFFFFFFCA
:2076E000FFFFFFFFFFFFFFFFFFFFFFFFFFFFFFFFFFFFFFFFFFFFFFFFFFFFFFFFFFFFFFFFAA
:20770000FFFFFFFFFFFFFFFFFFFFFFFFFFFFFFFFFFFFFFFFFFFFFFFFFFFFFFFFFFFFFFFF89
:20772000FFFFFFFFFFFFFFFFFFFFFFFFFFFFFFFFFFFFFFFFFFFFFFFFFFFFFFFFFFFFFFFF69
:20774000FFFFFFFFFFFFFFFFFFFFFFFFFFFFFFFFFFFFFFFFFFFFFFFFFFFFFFFFFFFFFFFF49
:20776000FFFFFFFFFFFFFFFFFFFFFFFFFFFFFFFFFFFFFFFFFFFFFFFFFFFFFFFFFFFFFFFF29
:20778000FFFFFFFFFFFFFFFFFFFFFFFFFFFFFFFFFFFFFFFFFFFFFFFFFFFFFFFFFFFFFFFF09
:2077A000FFFFFFFFFFFFFFFFFFFFFFFFFFFFFFFFFFFFFFFFFFFFFFFFFFFFFFFFFFFFFFFFE9
:2077C000FFFFFFFFFFFFFFFFFFFFFFFFFFFFFFFFFFFFFFFFFFFFFFFFFFFFFFFFFFFFFFFFC9
:2077E000FFFFFFFFFFFFFFFFFFFFFFFFFFFFFFFFFFFFFFFFFFFFFFFFFFFFFFFFFFFFFFFFA9
:20780000FFFFFFFFFFFFFFFFFFFFFFFFFFFFFFFFFFFFFFFFFFFFFFFFFFFFFFFFFFFFFFFF88
:20782000FFFFFFFFFFFFFFFFFFFFFFFFFFFFFFFFFFFFFFFFFFFFFFFFFFFFFFFFFFFFFFFF68
:20784000FFFFFFFFFFFFFFFFFFFFFFFFFFFFFFFFFFFFFFFFFFFFFFFFFFFFFFFFFFFFFFFF48
:20786000FFFFFFFFFFFFFFFFFFFFFFFFFFFFFFFFFFFFFFFFFFFFFFFFFFFFFFFFFFFFFFFF28
:20788000FFFFFFFFFFFFFFFFFFFFFFFFFFFFFFFFFFFFFFFFFFFFFFFFFFFFFFFFFFFFFFFF08
:2078A000FFFFFFFFFFFFFFFFFFFFFFFFFFFFFFFFFFFFFFFFFFFFFFFFFFFFFFFFFFFFFFFFE8
:2078C000FFFFFFFFFFFFFFFFFFFFFFFFFFFFFFFFFFFFFFFFFFFFFFFFFFFFFFFFFFFFFFFFC8
:2078E000FFFFFFFFFFFFFFFFFFFFFFFFFFFFFFFFFFFFFFFFFFFFFFFFFFFFFFFFFFFFFFFFA8
:20790000FFFFFFFFFFFFFFFFFFFFFFFFFFFFFFFFFFFFFFFFFFFFFFFFFFFFFFFFFFFFFFFF87
:20792000FFFFFFFFFFFFFFFFFFFFFFFFFFFFFFFFFFFFFFFFFFFFFFFFFFFFFFFFFFFFFFFF67
:20794000FFFFFFFFFFFFFFFFFFFFFFFFFFFFFFFFFFFFFFFFFFFFFFFFFFFFFFFFFFFFFFFF47
:20796000FFFFFFFFFFFFFFFFFFFFFFFFFFFFFFFFFFFFFFFFFFFFFFFFFFFFFFFFFFFFFFFF27
:20798000FFFFFFFFFFFFFFFFFFFFFFFFFFFFFFFFFFFFFFFFFFFFFFFFFFFFFFFFFFFFFFFF07
:2079A000FFFFFFFFFFFFFFFFFFFFFFFFFFFFFFFFFFFFFFFFFFFFFFFFFFFFFFFFFFFFFFFFE7
:2079C000FFFFFFFFFFFFFFFFFFFFFFFFFFFFFFFFFFFFFFFFFFFFFFFFFFFFFFFFFFFFFFFFC7
:2079E000FFFFFFFFFFFFFFFFFFFFFFFFFFFFFFFFFFFFFFFFFFFFFFFFFFFFFFFFFFFFFFFFA7
:207A0000FFFFFFFFFFFFFFFFFFFFFFFFFFFFFFFFFFFFFFFFFFFFFFFFFFFFFFFFFFFFFFFF86
:207A2000FFFFFFFFFFFFFFFFFFFFFFFFFFFFFFFFFFFFFFFFFFFFFFFFFFFFFFFFFFFFFFFF66
:207A4000FFFFFFFFFFFFFFFFFFFFFFFFFFFFFFFFFFFFFFFFFFFFFFFFFFFFFFFFFFFFFFFF46
:207A6000FFFFFFFFFFFFFFFFFFFFFFFFFFFFFFFFFFFFFFFFFFFFFFFFFFFFFFFFFFFFFFFF26
:207A8000FFFFFFFFFFFFFFFFFFFFFFFFFFFFFFFFFFFFFFFFFFFFFFFFFFFFFFFFFFFFFFFF06
:207AA000FFFFFFFFFFFFFFFFFFFFFFFFFFFFFFFFFFFFFFFFFFFFFFFFFFFFFFFFFFFFFFFFE6
:207AC000FFFFFFFFFFFFFFFFFFFFFFFFFFFFFFFFFFFFFFFFFFFFFFFFFFFFFFFFFFFFFFFFC6
:207AE000FFFFFFFFFFFFFFFFFFFFFFFFFFFFFFFFFFFFFFFFFFFFFFFFFFFFFFFFFFFFFFFFA6
:207B0000FFFFFFFFFFFFFFFFFFFFFFFFFFFFFFFFFFFFFFFFFFFFFFFFFFFFFFFFFFFFFFFF85
:207B2000FFFFFFFFFFFFFFFFFFFFFFFFFFFFFFFFFFFFFFFFFFFFFFFFFFFFFFFFFFFFFFFF65
:207B4000FFFFFFFFFFFFFFFFFFFFFFFFFFFFFFFFFFFFFFFFFFFFFFFFFFFFFFFFFFFFFFFF45
:207B6000FFFFFFFFFFFFFFFFFFFFFFFFFFFFFFFFFFFFFFFFFFFFFFFFFFFFFFFFFFFFFFFF25
:207B8000FFFFFFFFFFFFFFFFFFFFFFFFFFFFFFFFFFFFFFFFFFFFFFFFFFFFFFFFFFFFFFFF05
:207BA000FFFFFFFFFFFFFFFFFFFFFFFFFFFFFFFFFFFFFFFFFFFFFFFFFFFFFFFFFFFFFFFFE5
:207BC000FFFFFFFFFFFFFFFFFFFFFFFFFFFFFFFFFFFFFFFFFFFFFFFFFFFFFFFFFFFFFFFFC5
:207BE000FFFFFFFFFFFFFFFFFFFFFFFFFFFFFFFFFFFFFFFFFFFFFFFFFFFFFFFFFFFFFFFFA5
:207C0000FFFFFFFFFFFFFFFFFFFFFFFFFFFFFFFFFFFFFFFFFFFFFFFFFFFFFFFFFFFFFFFF84
:207C2000FFFFFFFFFFFFFFFFFFFFFFFFFFFFFFFFFFFFFFFFFFFFFFFFFFFFFFFFFFFFFFFF64
:207C4000FFFFFFFFFFFFFFFFFFFFFFFFFFFFFFFFFFFFFFFFFFFFFFFFFFFFFFFFFFFFFFFF44
:207C6000FFFFFFFFFFFFFFFFFFFFFFFFFFFFFFFFFFFFFFFFFFFFFFFFFFFFFFFFFFFFFFFF24
:207C8000FFFFFFFFFFFFFFFFFFFFFFFFFFFFFFFFFFFFFFFFFFFFFFFFFFFFFFFFFFFFFFFF04
:207CA000FFFFFFFFFFFFFFFFFFFFFFFFFFFFFFFFFFFFFFFFFFFFFFFFFFFFFFFFFFFFFFFFE4
:207CC000FFFFFFFFFFFFFFFFFFFFFFFFFFFFFFFFFFFFFFFFFFFFFFFFFFFFFFFFFFFFFFFFC4
:207CE000FFFFFFFFFFFFFFFFFFFFFFFFFFFFFFFFFFFFFFFFFFFFFFFFFFFFFFFFFFFFFFFFA4
:207D0000FFFFFFFFFFFFFFFFFFFFFFFFFFFFFFFFFFFFFFFFFFFFFFFFFFFFFFFFFFFFFFFF83
:207D2000FFFFFFFFFFFFFFFFFFFFFFFFFFFFFFFFFFFFFFFFFFFFFFFFFFFFFFFFFFFFFFFF63
:207D4000FFFFFFFFFFFFFFFFFFFFFFFFFFFFFFFFFFFFFFFFFFFFFFFFFFFFFFFFFFFFFFFF43
:207D6000FFFFFFFFFFFFFFFFFFFFFFFFFFFFFFFFFFFFFFFFFFFFFFFFFFFFFFFFFFFFFFFF23
:207D8000FFFFFFFFFFFFFFFFFFFFFFFFFFFFFFFFFFFFFFFFFFFFFFFFFFFFFFFFFFFFFFFF03
:207DA000FFFFFFFFFFFFFFFFFFFFFFFFFFFFFFFFFFFFFFFFFFFFFFFFFFFFFFFFFFFFFFFFE3
:207DC000FFFFFFFFFFFFFFFFFFFFFFFFFFFFFFFFFFFFFFFFFFFFFFFFFFFFFFFFFFFFFFFFC3
:207DE000FFFFFFFFFFFFFFFFFFFFFFFFFFFFFFFFFFFFFFFFFFFFFFFFFFFFFFFFFFFFFFFFA3
:207E0000FFFFFFFFFFFFFFFFFFFFFFFFFFFFFFFFFFFFFFFFFFFFFFFFFFFFFFFFFFFFFFFF82
:207E2000FFFFFFFFFFFFFFFFFFFFFFFFFFFFFFFFFFFFFFFFFFFFFFFFFFFFFFFFFFFFFFFF62
:207E4000FFFFFFFFFFFFFFFFFFFFFFFFFFFFFFFFFFFFFFFFFFFFFFFFFFFFFFFFFFFFFFFF42
:207E6000FFFFFFFFFFFFFFFFFFFFFFFFFFFFFFFFFFFFFFFFFFFFFFFFFFFFFFFFFFFFFFFF22
:207E8000FFFFFFFFFFFFFFFFFFFFFFFFFFFFFFFFFFFFFFFFFFFFFFFFFFFFFFFFFFFFFFFF02
:207EA000FFFFFFFFFFFFFFFFFFFFFFFFFFFFFFFFFFFFFFFFFFFFFFFFFFFFFFFFFFFFFFFFE2
:207EC000FFFFFFFFFFFFFFFFFFFFFFFFFFFFFFFFFFFFFFFFFFFFFFFFFFFFFFFFFFFFFFFFC2
:207EE000FFFFFFFFFFFFFFFFFFFFFFFFFFFFFFFFFFFFFFFFFFFFFFFFFFFFFFFFFFFFFFFFA2
:207F0000FFFFFFFFFFFFFFFFFFFFFFFFFFFFFFFFFFFFFFFFFFFFFFFFFFFFFFFFFFFFFFFF81
:207F2000FFFFFFFFFFFFFFFFFFFFFFFFFFFFFFFFFFFFFFFFFFFFFFFFFFFFFFFFFFFFFFFF61
:207F4000FFFFFFFFFFFFFFFFFFFFFFFFFFFFFFFFFFFFFFFFFFFFFFFFFFFFFFFFFFFFFFFF41
:207F6000FFFFFFFFFFFFFFFFFFFFFFFFFFFFFFFFFFFFFFFFFFFFFFFFFFFFFFFFFFFFFFFF21
:207F8000FFFFFFFFFFFFFFFFFFFFFFFFFFFFFFFFFFFFFFFFFFFFFFFFFFFFFFFFFFFFFFFF01
:207FA000FFFFFFFFFFFFFFFFFFFFFFFFFFFFFFFFFFFFFFFFFFFFFFFFFFFFFFFFFFFFFFFFE1
:207FC000FFFFFFFFFFFFFFFFFFFFFFFFFFFFFFFFFFFFFFFFFFFFFFFFFFFFFFFFFFFFFFFFC1
:207FE000FFFFFFFFFFFFFFFFFFFFFFFFFFFFFFFFFFFFFFFFFFFFFFFFFFFFFFFFFFFFFFFFA1
:20800000FFFFFFFFFFFFFFFFFFFFFFFFFFFFFFFFFFFFFFFFFFFFFFFFFFFFFFFFFFFFFFFF80
:20802000FFFFFFFFFFFFFFFFFFFFFFFFFFFFFFFFFFFFFFFFFFFFFFFFFFFFFFFFFFFFFFFF60
:20804000FFFFFFFFFFFFFFFFFFFFFFFFFFFFFFFFFFFFFFFFFFFFFFFFFFFFFFFFFFFFFFFF40
:20806000FFFFFFFFFFFFFFFFFFFFFFFFFFFFFFFFFFFFFFFFFFFFFFFFFFFFFFFFFFFFFFFF20
:20808000FFFFFFFFFFFFFFFFFFFFFFFFFFFFFFFFFFFFFFFFFFFFFFFFFFFFFFFFFFFFFFFF00
:2080A000FFFFFFFFFFFFFFFFFFFFFFFFFFFFFFFFFFFFFFFFFFFFFFFFFFFFFFFFFFFFFFFFE0
:2080C000FFFFFFFFFFFFFFFFFFFFFFFFFFFFFFFFFFFFFFFFFFFFFFFFFFFFFFFFFFFFFFFFC0
:2080E000FFFFFFFFFFFFFFFFFFFFFFFFFFFFFFFFFFFFFFFFFFFFFFFFFFFFFFFFFFFFFFFFA0
:20810000FFFFFFFFFFFFFFFFFFFFFFFFFFFFFFFFFFFFFFFFFFFFFFFFFFFFFFFFFFFFFFFF7F
:20812000FFFFFFFFFFFFFFFFFFFFFFFFFFFFFFFFFFFFFFFFFFFFFFFFFFFFFFFFFFFFFFFF5F
:20814000FFFFFFFFFFFFFFFFFFFFFFFFFFFFFFFFFFFFFFFFFFFFFFFFFFFFFFFFFFFFFFFF3F
:20816000FFFFFFFFFFFFFFFFFFFFFFFFFFFFFFFFFFFFFFFFFFFFFFFFFFFFFFFFFFFFFFFF1F
:20818000FFFFFFFFFFFFFFFFFFFFFFFFFFFFFFFFFFFFFFFFFFFFFFFFFFFFFFFFFFFFFFFFFF
:2081A000FFFFFFFFFFFFFFFFFFFFFFFFFFFFFFFFFFFFFFFFFFFFFFFFFFFFFFFFFFFFFFFFDF
:2081C000FFFFFFFFFFFFFFFFFFFFFFFFFFFFFFFFFFFFFFFFFFFFFFFFFFFFFFFFFFFFFFFFBF
:2081E000FFFFFFFFFFFFFFFFFFFFFFFFFFFFFFFFFFFFFFFFFFFFFFFFFFFFFFFFFFFFFFFF9F
:20820000FFFFFFFFFFFFFFFFFFFFFFFFFFFFFFFFFFFFFFFFFFFFFFFFFFFFFFFFFFFFFFFF7E
:20822000FFFFFFFFFFFFFFFFFFFFFFFFFFFFFFFFFFFFFFFFFFFFFFFFFFFFFFFFFFFFFFFF5E
:20824000FFFFFFFFFFFFFFFFFFFFFFFFFFFFFFFFFFFFFFFFFFFFFFFFFFFFFFFFFFFFFFFF3E
:20826000FFFFFFFFFFFFFFFFFFFFFFFFFFFFFFFFFFFFFFFFFFFFFFFFFFFFFFFFFFFFFFFF1E
:20828000FFFFFFFFFFFFFFFFFFFFFFFFFFFFFFFFFFFFFFFFFFFFFFFFFFFFFFFFFFFFFFFFFE
:2082A000FFFFFFFFFFFFFFFFFFFFFFFFFFFFFFFFFFFFFFFFFFFFFFFFFFFFFFFFFFFFFFFFDE
:2082C000FFFFFFFFFFFFFFFFFFFFFFFFFFFFFFFFFFFFFFFFFFFFFFFFFFFFFFFFFFFFFFFFBE
:2082E000FFFFFFFFFFFFFFFFFFFFFFFFFFFFFFFFFFFFFFFFFFFFFFFFFFFFFFFFFFFFFFFF9E
:20830000FFFFFFFFFFFFFFFFFFFFFFFFFFFFFFFFFFFFFFFFFFFFFFFFFFFFFFFFFFFFFFFF7D
:20832000FFFFFFFFFFFFFFFFFFFFFFFFFFFFFFFFFFFFFFFFFFFFFFFFFFFFFFFFFFFFFFFF5D
:20834000FFFFFFFFFFFFFFFFFFFFFFFFFFFFFFFFFFFFFFFFFFFFFFFFFFFFFFFFFFFFFFFF3D
:20836000FFFFFFFFFFFFFFFFFFFFFFFFFFFFFFFFFFFFFFFFFFFFFFFFFFFFFFFFFFFFFFFF1D
:20838000FFFFFFFFFFFFFFFFFFFFFFFFFFFFFFFFFFFFFFFFFFFFFFFFFFFFFFFFFFFFFFFFFD
:2083A000FFFFFFFFFFFFFFFFFFFFFFFFFFFFFFFFFFFFFFFFFFFFFFFFFFFFFFFFFFFFFFFFDD
:2083C000FFFFFFFFFFFFFFFFFFFFFFFFFFFFFFFFFFFFFFFFFFFFFFFFFFFFFFFFFFFFFFFFBD
:2083E000FFFFFFFFFFFFFFFFFFFFFFFFFFFFFFFFFFFFFFFFFFFFFFFFFFFFFFFFFFFFFFFF9D
:20840000FFFFFFFFFFFFFFFFFFFFFFFFFFFFFFFFFFFFFFFFFFFFFFFFFFFFFFFFFFFFFFFF7C
:20842000FFFFFFFFFFFFFFFFFFFFFFFFFFFFFFFFFFFFFFFFFFFFFFFFFFFFFFFFFFFFFFFF5C
:20844000FFFFFFFFFFFFFFFFFFFFFFFFFFFFFFFFFFFFFFFFFFFFFFFFFFFFFFFFFFFFFFFF3C
:20846000FFFFFFFFFFFFFFFFFFFFFFFFFFFFFFFFFFFFFFFFFFFFFFFFFFFFFFFFFFFFFFFF1C
:20848000FFFFFFFFFFFFFFFFFFFFFFFFFFFFFFFFFFFFFFFFFFFFFFFFFFFFFFFFFFFFFFFFFC
:2084A000FFFFFFFFFFFFFFFFFFFFFFFFFFFFFFFFFFFFFFFFFFFFFFFFFFFFFFFFFFFFFFFFDC
:2084C000FFFFFFFFFFFFFFFFFFFFFFFFFFFFFFFFFFFFFFFFFFFFFFFFFFFFFFFFFFFFFFFFBC
:2084E000FFFFFFFFFFFFFFFFFFFFFFFFFFFFFFFFFFFFFFFFFFFFFFFFFFFFFFFFFFFFFFFF9C
:20850000FFFFFFFFFFFFFFFFFFFFFFFFFFFFFFFFFFFFFFFFFFFFFFFFFFFFFFFFFFFFFFFF7B
:20852000FFFFFFFFFFFFFFFFFFFFFFFFFFFFFFFFFFFFFFFFFFFFFFFFFFFFFFFFFFFFFFFF5B
:20854000FFFFFFFFFFFFFFFFFFFFFFFFFFFFFFFFFFFFFFFFFFFFFFFFFFFFFFFFFFFFFFFF3B
:20856000FFFFFFFFFFFFFFFFFFFFFFFFFFFFFFFFFFFFFFFFFFFFFFFFFFFFFFFFFFFFFFFF1B
:20858000FFFFFFFFFFFFFFFFFFFFFFFFFFFFFFFFFFFFFFFFFFFFFFFFFFFFFFFFFFFFFFFFFB
:2085A000FFFFFFFFFFFFFFFFFFFFFFFFFFFFFFFFFFFFFFFFFFFFFFFFFFFFFFFFFFFFFFFFDB
:2085C000FFFFFFFFFFFFFFFFFFFFFFFFFFFFFFFFFFFFFFFFFFFFFFFFFFFFFFFFFFFFFFFFBB
:2085E000FFFFFFFFFFFFFFFFFFFFFFFFFFFFFFFFFFFFFFFFFFFFFFFFFFFFFFFFFFFFFFFF9B
:20860000FFFFFFFFFFFFFFFFFFFFFFFFFFFFFFFFFFFFFFFFFFFFFFFFFFFFFFFFFFFFFFFF7A
:20862000FFFFFFFFFFFFFFFFFFFFFFFFFFFFFFFFFFFFFFFFFFFFFFFFFFFFFFFFFFFFFFFF5A
:20864000FFFFFFFFFFFFFFFFFFFFFFFFFFFFFFFFFFFFFFFFFFFFFFFFFFFFFFFFFFFFFFFF3A
:20866000FFFFFFFFFFFFFFFFFFFFFFFFFFFFFFFFFFFFFFFFFFFFFFFFFFFFFFFFFFFFFFFF1A
:20868000FFFFFFFFFFFFFFFFFFFFFFFFFFFFFFFFFFFFFFFFFFFFFFFFFFFFFFFFFFFFFFFFFA
:2086A000FFFFFFFFFFFFFFFFFFFFFFFFFFFFFFFFFFFFFFFFFFFFFFFFFFFFFFFFFFFFFFFFDA
:2086C000FFFFFFFFFFFFFFFFFFFFFFFFFFFFFFFFFFFFFFFFFFFFFFFFFFFFFFFFFFFFFFFFBA
:2086E000FFFFFFFFFFFFFFFFFFFFFFFFFFFFFFFFFFFFFFFFFFFFFFFFFFFFFFFFFFFFFFFF9A
:20870000FFFFFFFFFFFFFFFFFFFFFFFFFFFFFFFFFFFFFFFFFFFFFFFFFFFFFFFFFFFFFFFF79
:20872000FFFFFFFFFFFFFFFFFFFFFFFFFFFFFFFFFFFFFFFFFFFFFFFFFFFFFFFFFFFFFFFF59
:20874000FFFFFFFFFFFFFFFFFFFFFFFFFFFFFFFFFFFFFFFFFFFFFFFFFFFFFFFFFFFFFFFF39
:20876000FFFFFFFFFFFFFFFFFFFFFFFFFFFFFFFFFFFFFFFFFFFFFFFFFFFFFFFFFFFFFFFF19
:20878000FFFFFFFFFFFFFFFFFFFFFFFFFFFFFFFFFFFFFFFFFFFFFFFFFFFFFFFFFFFFFFFFF9
:2087A000FFFFFFFFFFFFFFFFFFFFFFFFFFFFFFFFFFFFFFFFFFFFFFFFFFFFFFFFFFFFFFFFD9
:2087C000FFFFFFFFFFFFFFFFFFFFFFFFFFFFFFFFFFFFFFFFFFFFFFFFFFFFFFFFFFFFFFFFB9
:2087E000FFFFFFFFFFFFFFFFFFFFFFFFFFFFFFFFFFFFFFFFFFFFFFFFFFFFFFFFFFFFFFFF99
:20880000FFFFFFFFFFFFFFFFFFFFFFFFFFFFFFFFFFFFFFFFFFFFFFFFFFFFFFFFFFFFFFFF78
:20882000FFFFFFFFFFFFFFFFFFFFFFFFFFFFFFFFFFFFFFFFFFFFFFFFFFFFFFFFFFFFFFFF58
:20884000FFFFFFFFFFFFFFFFFFFFFFFFFFFFFFFFFFFFFFFFFFFFFFFFFFFFFFFFFFFFFFFF38
:20886000FFFFFFFFFFFFFFFFFFFFFFFFFFFFFFFFFFFFFFFFFFFFFFFFFFFFFFFFFFFFFFFF18
:20888000FFFFFFFFFFFFFFFFFFFFFFFFFFFFFFFFFFFFFFFFFFFFFFFFFFFFFFFFFFFFFFFFF8
:2088A000FFFFFFFFFFFFFFFFFFFFFFFFFFFFFFFFFFFFFFFFFFFFFFFFFFFFFFFFFFFFFFFFD8
:2088C000FFFFFFFFFFFFFFFFFFFFFFFFFFFFFFFFFFFFFFFFFFFFFFFFFFFFFFFFFFFFFFFFB8
:2088E000FFFFFFFFFFFFFFFFFFFFFFFFFFFFFFFFFFFFFFFFFFFFFFFFFFFFFFFFFFFFFFFF98
:20890000FFFFFFFFFFFFFFFFFFFFFFFFFFFFFFFFFFFFFFFFFFFFFFFFFFFFFFFFFFFFFFFF77
:20892000FFFFFFFFFFFFFFFFFFFFFFFFFFFFFFFFFFFFFFFFFFFFFFFFFFFFFFFFFFFFFFFF57
:20894000FFFFFFFFFFFFFFFFFFFFFFFFFFFFFFFFFFFFFFFFFFFFFFFFFFFFFFFFFFFFFFFF37
:20896000FFFFFFFFFFFFFFFFFFFFFFFFFFFFFFFFFFFFFFFFFFFFFFFFFFFFFFFFFFFFFFFF17
:20898000FFFFFFFFFFFFFFFFFFFFFFFFFFFFFFFFFFFFFFFFFFFFFFFFFFFFFFFFFFFFFFFFF7
:2089A000FFFFFFFFFFFFFFFFFFFFFFFFFFFFFFFFFFFFFFFFFFFFFFFFFFFFFFFFFFFFFFFFD7
:2089C000FFFFFFFFFFFFFFFFFFFFFFFFFFFFFFFFFFFFFFFFFFFFFFFFFFFFFFFFFFFFFFFFB7
:2089E000FFFFFFFFFFFFFFFFFFFFFFFFFFFFFFFFFFFFFFFFFFFFFFFFFFFFFFFFFFFFFFFF97
:208A0000FFFFFFFFFFFFFFFFFFFFFFFFFFFFFFFFFFFFFFFFFFFFFFFFFFFFFFFFFFFFFFFF76
:208A2000FFFFFFFFFFFFFFFFFFFFFFFFFFFFFFFFFFFFFFFFFFFFFFFFFFFFFFFFFFFFFFFF56
:208A4000FFFFFFFFFFFFFFFFFFFFFFFFFFFFFFFFFFFFFFFFFFFFFFFFFFFFFFFFFFFFFFFF36
:208A6000FFFFFFFFFFFFFFFFFFFFFFFFFFFFFFFFFFFFFFFFFFFFFFFFFFFFFFFFFFFFFFFF16
:208A8000FFFFFFFFFFFFFFFFFFFFFFFFFFFFFFFFFFFFFFFFFFFFFFFFFFFFFFFFFFFFFFFFF6
:208AA000FFFFFFFFFFFFFFFFFFFFFFFFFFFFFFFFFFFFFFFFFFFFFFFFFFFFFFFFFFFFFFFFD6
:208AC000FFFFFFFFFFFFFFFFFFFFFFFFFFFFFFFFFFFFFFFFFFFFFFFFFFFFFFFFFFFFFFFFB6
:208AE000FFFFFFFFFFFFFFFFFFFFFFFFFFFFFFFFFFFFFFFFFFFFFFFFFFFFFFFFFFFFFFFF96
:208B0000FFFFFFFFFFFFFFFFFFFFFFFFFFFFFFFFFFFFFFFFFFFFFFFFFFFFFFFFFFFFFFFF75
:208B2000FFFFFFFFFFFFFFFFFFFFFFFFFFFFFFFFFFFFFFFFFFFFFFFFFFFFFFFFFFFFFFFF55
:208B4000FFFFFFFFFFFFFFFFFFFFFFFFFFFFFFFFFFFFFFFFFFFFFFFFFFFFFFFFFFFFFFFF35
:208B6000FFFFFFFFFFFFFFFFFFFFFFFFFFFFFFFFFFFFFFFFFFFFFFFFFFFFFFFFFFFFFFFF15
:208B8000FFFFFFFFFFFFFFFFFFFFFFFFFFFFFFFFFFFFFFFFFFFFFFFFFFFFFFFFFFFFFFFFF5
:208BA000FFFFFFFFFFFFFFFFFFFFFFFFFFFFFFFFFFFFFFFFFFFFFFFFFFFFFFFFFFFFFFFFD5
:208BC000FFFFFFFFFFFFFFFFFFFFFFFFFFFFFFFFFFFFFFFFFFFFFFFFFFFFFFFFFFFFFFFFB5
:208BE000FFFFFFFFFFFFFFFFFFFFFFFFFFFFFFFFFFFFFFFFFFFFFFFFFFFFFFFFFFFFFFFF95
:208C0000FFFFFFFFFFFFFFFFFFFFFFFFFFFFFFFFFFFFFFFFFFFFFFFFFFFFFFFFFFFFFFFF74
:208C2000FFFFFFFFFFFFFFFFFFFFFFFFFFFFFFFFFFFFFFFFFFFFFFFFFFFFFFFFFFFFFFFF54
:208C4000FFFFFFFFFFFFFFFFFFFFFFFFFFFFFFFFFFFFFFFFFFFFFFFFFFFFFFFFFFFFFFFF34
:208C6000FFFFFFFFFFFFFFFFFFFFFFFFFFFFFFFFFFFFFFFFFFFFFFFFFFFFFFFFFFFFFFFF14
:208C8000FFFFFFFFFFFFFFFFFFFFFFFFFFFFFFFFFFFFFFFFFFFFFFFFFFFFFFFFFFFFFFFFF4
:208CA000FFFFFFFFFFFFFFFFFFFFFFFFFFFFFFFFFFFFFFFFFFFFFFFFFFFFFFFFFFFFFFFFD4
:208CC000FFFFFFFFFFFFFFFFFFFFFFFFFFFFFFFFFFFFFFFFFFFFFFFFFFFFFFFFFFFFFFFFB4
:208CE000FFFFFFFFFFFFFFFFFFFFFFFFFFFFFFFFFFFFFFFFFFFFFFFFFFFFFFFFFFFFFFFF94
:208D0000FFFFFFFFFFFFFFFFFFFFFFFFFFFFFFFFFFFFFFFFFFFFFFFFFFFFFFFFFFFFFFFF73
:208D2000FFFFFFFFFFFFFFFFFFFFFFFFFFFFFFFFFFFFFFFFFFFFFFFFFFFFFFFFFFFFFFFF53
:208D4000FFFFFFFFFFFFFFFFFFFFFFFFFFFFFFFFFFFFFFFFFFFFFFFFFFFFFFFFFFFFFFFF33
:208D6000FFFFFFFFFFFFFFFFFFFFFFFFFFFFFFFFFFFFFFFFFFFFFFFFFFFFFFFFFFFFFFFF13
:208D8000FFFFFFFFFFFFFFFFFFFFFFFFFFFFFFFFFFFFFFFFFFFFFFFFFFFFFFFFFFFFFFFFF3
:208DA000FFFFFFFFFFFFFFFFFFFFFFFFFFFFFFFFFFFFFFFFFFFFFFFFFFFFFFFFFFFFFFFFD3
:208DC000FFFFFFFFFFFFFFFFFFFFFFFFFFFFFFFFFFFFFFFFFFFFFFFFFFFFFFFFFFFFFFFFB3
:208DE000FFFFFFFFFFFFFFFFFFFFFFFFFFFFFFFFFFFFFFFFFFFFFFFFFFFFFFFFFFFFFFFF93
:208E0000FFFFFFFFFFFFFFFFFFFFFFFFFFFFFFFFFFFFFFFFFFFFFFFFFFFFFFFFFFFFFFFF72
:208E2000FFFFFFFFFFFFFFFFFFFFFFFFFFFFFFFFFFFFFFFFFFFFFFFFFFFFFFFFFFFFFFFF52
:208E4000FFFFFFFFFFFFFFFFFFFFFFFFFFFFFFFFFFFFFFFFFFFFFFFFFFFFFFFFFFFFFFFF32
:208E6000FFFFFFFFFFFFFFFFFFFFFFFFFFFFFFFFFFFFFFFFFFFFFFFFFFFFFFFFFFFFFFFF12
:208E8000FFFFFFFFFFFFFFFFFFFFFFFFFFFFFFFFFFFFFFFFFFFFFFFFFFFFFFFFFFFFFFFFF2
:208EA000FFFFFFFFFFFFFFFFFFFFFFFFFFFFFFFFFFFFFFFFFFFFFFFFFFFFFFFFFFFFFFFFD2
:208EC000FFFFFFFFFFFFFFFFFFFFFFFFFFFFFFFFFFFFFFFFFFFFFFFFFFFFFFFFFFFFFFFFB2
:208EE000FFFFFFFFFFFFFFFFFFFFFFFFFFFFFFFFFFFFFFFFFFFFFFFFFFFFFFFFFFFFFFFF92
:208F0000FFFFFFFFFFFFFFFFFFFFFFFFFFFFFFFFFFFFFFFFFFFFFFFFFFFFFFFFFFFFFFFF71
:208F2000FFFFFFFFFFFFFFFFFFFFFFFFFFFFFFFFFFFFFFFFFFFFFFFFFFFFFFFFFFFFFFFF51
:208F4000FFFFFFFFFFFFFFFFFFFFFFFFFFFFFFFFFFFFFFFFFFFFFFFFFFFFFFFFFFFFFFFF31
:208F6000FFFFFFFFFFFFFFFFFFFFFFFFFFFFFFFFFFFFFFFFFFFFFFFFFFFFFFFFFFFFFFFF11
:208F8000FFFFFFFFFFFFFFFFFFFFFFFFFFFFFFFFFFFFFFFFFFFFFFFFFFFFFFFFFFFFFFFFF1
:208FA000FFFFFFFFFFFFFFFFFFFFFFFFFFFFFFFFFFFFFFFFFFFFFFFFFFFFFFFFFFFFFFFFD1
:208FC000FFFFFFFFFFFFFFFFFFFFFFFFFFFFFFFFFFFFFFFFFFFFFFFFFFFFFFFFFFFFFFFFB1
:208FE000FFFFFFFFFFFFFFFFFFFFFFFFFFFFFFFFFFFFFFFFFFFFFFFFFFFFFFFFFFFFFFFF91
:20900000FFFFFFFFFFFFFFFFFFFFFFFFFFFFFFFFFFFFFFFFFFFFFFFFFFFFFFFFFFFFFFFF70
:20902000FFFFFFFFFFFFFFFFFFFFFFFFFFFFFFFFFFFFFFFFFFFFFFFFFFFFFFFFFFFFFFFF50
:20904000FFFFFFFFFFFFFFFFFFFFFFFFFFFFFFFFFFFFFFFFFFFFFFFFFFFFFFFFFFFFFFFF30
:20906000FFFFFFFFFFFFFFFFFFFFFFFFFFFFFFFFFFFFFFFFFFFFFFFFFFFFFFFFFFFFFFFF10
:20908000FFFFFFFFFFFFFFFFFFFFFFFFFFFFFFFFFFFFFFFFFFFFFFFFFFFFFFFFFFFFFFFFF0
:2090A000FFFFFFFFFFFFFFFFFFFFFFFFFFFFFFFFFFFFFFFFFFFFFFFFFFFFFFFFFFFFFFFFD0
:2090C000FFFFFFFFFFFFFFFFFFFFFFFFFFFFFFFFFFFFFFFFFFFFFFFFFFFFFFFFFFFFFFFFB0
:2090E000FFFFFFFFFFFFFFFFFFFFFFFFFFFFFFFFFFFFFFFFFFFFFFFFFFFFFFFFFFFFFFFF90
:20910000FFFFFFFFFFFFFFFFFFFFFFFFFFFFFFFFFFFFFFFFFFFFFFFFFFFFFFFFFFFFFFFF6F
:20912000FFFFFFFFFFFFFFFFFFFFFFFFFFFFFFFFFFFFFFFFFFFFFFFFFFFFFFFFFFFFFFFF4F
:20914000FFFFFFFFFFFFFFFFFFFFFFFFFFFFFFFFFFFFFFFFFFFFFFFFFFFFFFFFFFFFFFFF2F
:20916000FFFFFFFFFFFFFFFFFFFFFFFFFFFFFFFFFFFFFFFFFFFFFFFFFFFFFFFFFFFFFFFF0F
:20918000FFFFFFFFFFFFFFFFFFFFFFFFFFFFFFFFFFFFFFFFFFFFFFFFFFFFFFFFFFFFFFFFEF
:2091A000FFFFFFFFFFFFFFFFFFFFFFFFFFFFFFFFFFFFFFFFFFFFFFFFFFFFFFFFFFFFFFFFCF
:2091C000FFFFFFFFFFFFFFFFFFFFFFFFFFFFFFFFFFFFFFFFFFFFFFFFFFFFFFFFFFFFFFFFAF
:2091E000FFFFFFFFFFFFFFFFFFFFFFFFFFFFFFFFFFFFFFFFFFFFFFFFFFFFFFFFFFFFFFFF8F
:20920000FFFFFFFFFFFFFFFFFFFFFFFFFFFFFFFFFFFFFFFFFFFFFFFFFFFFFFFFFFFFFFFF6E
:20922000FFFFFFFFFFFFFFFFFFFFFFFFFFFFFFFFFFFFFFFFFFFFFFFFFFFFFFFFFFFFFFFF4E
:20924000FFFFFFFFFFFFFFFFFFFFFFFFFFFFFFFFFFFFFFFFFFFFFFFFFFFFFFFFFFFFFFFF2E
:20926000FFFFFFFFFFFFFFFFFFFFFFFFFFFFFFFFFFFFFFFFFFFFFFFFFFFFFFFFFFFFFFFF0E
:20928000FFFFFFFFFFFFFFFFFFFFFFFFFFFFFFFFFFFFFFFFFFFFFFFFFFFFFFFFFFFFFFFFEE
:2092A000FFFFFFFFFFFFFFFFFFFFFFFFFFFFFFFFFFFFFFFFFFFFFFFFFFFFFFFFFFFFFFFFCE
:2092C000FFFFFFFFFFFFFFFFFFFFFFFFFFFFFFFFFFFFFFFFFFFFFFFFFFFFFFFFFFFFFFFFAE
:2092E000FFFFFFFFFFFFFFFFFFFFFFFFFFFFFFFFFFFFFFFFFFFFFFFFFFFFFFFFFFFFFFFF8E
:20930000FFFFFFFFFFFFFFFFFFFFFFFFFFFFFFFFFFFFFFFFFFFFFFFFFFFFFFFFFFFFFFFF6D
:20932000FFFFFFFFFFFFFFFFFFFFFFFFFFFFFFFFFFFFFFFFFFFFFFFFFFFFFFFFFFFFFFFF4D
:20934000FFFFFFFFFFFFFFFFFFFFFFFFFFFFFFFFFFFFFFFFFFFFFFFFFFFFFFFFFFFFFFFF2D
:20936000FFFFFFFFFFFFFFFFFFFFFFFFFFFFFFFFFFFFFFFFFFFFFFFFFFFFFFFFFFFFFFFF0D
:20938000FFFFFFFFFFFFFFFFFFFFFFFFFFFFFFFFFFFFFFFFFFFFFFFFFFFFFFFFFFFFFFFFED
:2093A000FFFFFFFFFFFFFFFFFFFFFFFFFFFFFFFFFFFFFFFFFFFFFFFFFFFFFFFFFFFFFFFFCD
:2093C000FFFFFFFFFFFFFFFFFFFFFFFFFFFFFFFFFFFFFFFFFFFFFFFFFFFFFFFFFFFFFFFFAD
:2093E000FFFFFFFFFFFFFFFFFFFFFFFFFFFFFFFFFFFFFFFFFFFFFFFFFFFFFFFFFFFFFFFF8D
:20940000FFFFFFFFFFFFFFFFFFFFFFFFFFFFFFFFFFFFFFFFFFFFFFFFFFFFFFFFFFFFFFFF6C
:20942000FFFFFFFFFFFFFFFFFFFFFFFFFFFFFFFFFFFFFFFFFFFFFFFFFFFFFFFFFFFFFFFF4C
:20944000FFFFFFFFFFFFFFFFFFFFFFFFFFFFFFFFFFFFFFFFFFFFFFFFFFFFFFFFFFFFFFFF2C
:20946000FFFFFFFFFFFFFFFFFFFFFFFFFFFFFFFFFFFFFFFFFFFFFFFFFFFFFFFFFFFFFFFF0C
:20948000FFFFFFFFFFFFFFFFFFFFFFFFFFFFFFFFFFFFFFFFFFFFFFFFFFFFFFFFFFFFFFFFEC
:2094A000FFFFFFFFFFFFFFFFFFFFFFFFFFFFFFFFFFFFFFFFFFFFFFFFFFFFFFFFFFFFFFFFCC
:2094C000FFFFFFFFFFFFFFFFFFFFFFFFFFFFFFFFFFFFFFFFFFFFFFFFFFFFFFFFFFFFFFFFAC
:2094E000FFFFFFFFFFFFFFFFFFFFFFFFFFFFFFFFFFFFFFFFFFFFFFFFFFFFFFFFFFFFFFFF8C
:20950000FFFFFFFFFFFFFFFFFFFFFFFFFFFFFFFFFFFFFFFFFFFFFFFFFFFFFFFFFFFFFFFF6B
:20952000FFFFFFFFFFFFFFFFFFFFFFFFFFFFFFFFFFFFFFFFFFFFFFFFFFFFFFFFFFFFFFFF4B
:20954000FFFFFFFFFFFFFFFFFFFFFFFFFFFFFFFFFFFFFFFFFFFFFFFFFFFFFFFFFFFFFFFF2B
:20956000FFFFFFFFFFFFFFFFFFFFFFFFFFFFFFFFFFFFFFFFFFFFFFFFFFFFFFFFFFFFFFFF0B
:20958000FFFFFFFFFFFFFFFFFFFFFFFFFFFFFFFFFFFFFFFFFFFFFFFFFFFFFFFFFFFFFFFFEB
:2095A000FFFFFFFFFFFFFFFFFFFFFFFFFFFFFFFFFFFFFFFFFFFFFFFFFFFFFFFFFFFFFFFFCB
:2095C000FFFFFFFFFFFFFFFFFFFFFFFFFFFFFFFFFFFFFFFFFFFFFFFFFFFFFFFFFFFFFFFFAB
:2095E000FFFFFFFFFFFFFFFFFFFFFFFFFFFFFFFFFFFFFFFFFFFFFFFFFFFFFFFFFFFFFFFF8B
:20960000FFFFFFFFFFFFFFFFFFFFFFFFFFFFFFFFFFFFFFFFFFFFFFFFFFFFFFFFFFFFFFFF6A
:20962000FFFFFFFFFFFFFFFFFFFFFFFFFFFFFFFFFFFFFFFFFFFFFFFFFFFFFFFFFFFFFFFF4A
:20964000FFFFFFFFFFFFFFFFFFFFFFFFFFFFFFFFFFFFFFFFFFFFFFFFFFFFFFFFFFFFFFFF2A
:20966000FFFFFFFFFFFFFFFFFFFFFFFFFFFFFFFFFFFFFFFFFFFFFFFFFFFFFFFFFFFFFFFF0A
:20968000FFFFFFFFFFFFFFFFFFFFFFFFFFFFFFFFFFFFFFFFFFFFFFFFFFFFFFFFFFFFFFFFEA
:2096A000FFFFFFFFFFFFFFFFFFFFFFFFFFFFFFFFFFFFFFFFFFFFFFFFFFFFFFFFFFFFFFFFCA
:2096C000FFFFFFFFFFFFFFFFFFFFFFFFFFFFFFFFFFFFFFFFFFFFFFFFFFFFFFFFFFFFFFFFAA
:2096E000FFFFFFFFFFFFFFFFFFFFFFFFFFFFFFFFFFFFFFFFFFFFFFFFFFFFFFFFFFFFFFFF8A
:20970000FFFFFFFFFFFFFFFFFFFFFFFFFFFFFFFFFFFFFFFFFFFFFFFFFFFFFFFFFFFFFFFF69
:20972000FFFFFFFFFFFFFFFFFFFFFFFFFFFFFFFFFFFFFFFFFFFFFFFFFFFFFFFFFFFFFFFF49
:20974000FFFFFFFFFFFFFFFFFFFFFFFFFFFFFFFFFFFFFFFFFFFFFFFFFFFFFFFFFFFFFFFF29
:20976000FFFFFFFFFFFFFFFFFFFFFFFFFFFFFFFFFFFFFFFFFFFFFFFFFFFFFFFFFFFFFFFF09
:20978000FFFFFFFFFFFFFFFFFFFFFFFFFFFFFFFFFFFFFFFFFFFFFFFFFFFFFFFFFFFFFFFFE9
:2097A000FFFFFFFFFFFFFFFFFFFFFFFFFFFFFFFFFFFFFFFFFFFFFFFFFFFFFFFFFFFFFFFFC9
:2097C000FFFFFFFFFFFFFFFFFFFFFFFFFFFFFFFFFFFFFFFFFFFFFFFFFFFFFFFFFFFFFFFFA9
:2097E000FFFFFFFFFFFFFFFFFFFFFFFFFFFFFFFFFFFFFFFFFFFFFFFFFFFFFFFFFFFFFFFF89
:20980000FFFFFFFFFFFFFFFFFFFFFFFFFFFFFFFFFFFFFFFFFFFFFFFFFFFFFFFFFFFFFFFF68
:20982000FFFFFFFFFFFFFFFFFFFFFFFFFFFFFFFFFFFFFFFFFFFFFFFFFFFFFFFFFFFFFFFF48
:20984000FFFFFFFFFFFFFFFFFFFFFFFFFFFFFFFFFFFFFFFFFFFFFFFFFFFFFFFFFFFFFFFF28
:20986000FFFFFFFFFFFFFFFFFFFFFFFFFFFFFFFFFFFFFFFFFFFFFFFFFFFFFFFFFFFFFFFF08
:20988000FFFFFFFFFFFFFFFFFFFFFFFFFFFFFFFFFFFFFFFFFFFFFFFFFFFFFFFFFFFFFFFFE8
:2098A000FFFFFFFFFFFFFFFFFFFFFFFFFFFFFFFFFFFFFFFFFFFFFFFFFFFFFFFFFFFFFFFFC8
:2098C000FFFFFFFFFFFFFFFFFFFFFFFFFFFFFFFFFFFFFFFFFFFFFFFFFFFFFFFFFFFFFFFFA8
:2098E000FFFFFFFFFFFFFFFFFFFFFFFFFFFFFFFFFFFFFFFFFFFFFFFFFFFFFFFFFFFFFFFF88
:20990000FFFFFFFFFFFFFFFFFFFFFFFFFFFFFFFFFFFFFFFFFFFFFFFFFFFFFFFFFFFFFFFF67
:20992000FFFFFFFFFFFFFFFFFFFFFFFFFFFFFFFFFFFFFFFFFFFFFFFFFFFFFFFFFFFFFFFF47
:20994000FFFFFFFFFFFFFFFFFFFFFFFFFFFFFFFFFFFFFFFFFFFFFFFFFFFFFFFFFFFFFFFF27
:20996000FFFFFFFFFFFFFFFFFFFFFFFFFFFFFFFFFFFFFFFFFFFFFFFFFFFFFFFFFFFFFFFF07
:20998000FFFFFFFFFFFFFFFFFFFFFFFFFFFFFFFFFFFFFFFFFFFFFFFFFFFFFFFFFFFFFFFFE7
:2099A000FFFFFFFFFFFFFFFFFFFFFFFFFFFFFFFFFFFFFFFFFFFFFFFFFFFFFFFFFFFFFFFFC7
:2099C000FFFFFFFFFFFFFFFFFFFFFFFFFFFFFFFFFFFFFFFFFFFFFFFFFFFFFFFFFFFFFFFFA7
:2099E000FFFFFFFFFFFFFFFFFFFFFFFFFFFFFFFFFFFFFFFFFFFFFFFFFFFFFFFFFFFFFFFF87
:209A0000FFFFFFFFFFFFFFFFFFFFFFFFFFFFFFFFFFFFFFFFFFFFFFFFFFFFFFFFFFFFFFFF66
:209A2000FFFFFFFFFFFFFFFFFFFFFFFFFFFFFFFFFFFFFFFFFFFFFFFFFFFFFFFFFFFFFFFF46
:209A4000FFFFFFFFFFFFFFFFFFFFFFFFFFFFFFFFFFFFFFFFFFFFFFFFFFFFFFFFFFFFFFFF26
:209A6000FFFFFFFFFFFFFFFFFFFFFFFFFFFFFFFFFFFFFFFFFFFFFFFFFFFFFFFFFFFFFFFF06
:209A8000FFFFFFFFFFFFFFFFFFFFFFFFFFFFFFFFFFFFFFFFFFFFFFFFFFFFFFFFFFFFFFFFE6
:209AA000FFFFFFFFFFFFFFFFFFFFFFFFFFFFFFFFFFFFFFFFFFFFFFFFFFFFFFFFFFFFFFFFC6
:209AC000FFFFFFFFFFFFFFFFFFFFFFFFFFFFFFFFFFFFFFFFFFFFFFFFFFFFFFFFFFFFFFFFA6
:209AE000FFFFFFFFFFFFFFFFFFFFFFFFFFFFFFFFFFFFFFFFFFFFFFFFFFFFFFFFFFFFFFFF86
:209B0000FFFFFFFFFFFFFFFFFFFFFFFFFFFFFFFFFFFFFFFFFFFFFFFFFFFFFFFFFFFFFFFF65
:209B2000FFFFFFFFFFFFFFFFFFFFFFFFFFFFFFFFFFFFFFFFFFFFFFFFFFFFFFFFFFFFFFFF45
:209B4000FFFFFFFFFFFFFFFFFFFFFFFFFFFFFFFFFFFFFFFFFFFFFFFFFFFFFFFFFFFFFFFF25
:209B6000FFFFFFFFFFFFFFFFFFFFFFFFFFFFFFFFFFFFFFFFFFFFFFFFFFFFFFFFFFFFFFFF05
:209B8000FFFFFFFFFFFFFFFFFFFFFFFFFFFFFFFFFFFFFFFFFFFFFFFFFFFFFFFFFFFFFFFFE5
:209BA000FFFFFFFFFFFFFFFFFFFFFFFFFFFFFFFFFFFFFFFFFFFFFFFFFFFFFFFFFFFFFFFFC5
:209BC000FFFFFFFFFFFFFFFFFFFFFFFFFFFFFFFFFFFFFFFFFFFFFFFFFFFFFFFFFFFFFFFFA5
:209BE000FFFFFFFFFFFFFFFFFFFFFFFFFFFFFFFFFFFFFFFFFFFFFFFFFFFFFFFFFFFFFFFF85
:209C0000FFFFFFFFFFFFFFFFFFFFFFFFFFFFFFFFFFFFFFFFFFFFFFFFFFFFFFFFFFFFFFFF64
:209C2000FFFFFFFFFFFFFFFFFFFFFFFFFFFFFFFFFFFFFFFFFFFFFFFFFFFFFFFFFFFFFFFF44
:209C4000FFFFFFFFFFFFFFFFFFFFFFFFFFFFFFFFFFFFFFFFFFFFFFFFFFFFFFFFFFFFFFFF24
:209C6000FFFFFFFFFFFFFFFFFFFFFFFFFFFFFFFFFFFFFFFFFFFFFFFFFFFFFFFFFFFFFFFF04
:209C8000FFFFFFFFFFFFFFFFFFFFFFFFFFFFFFFFFFFFFFFFFFFFFFFFFFFFFFFFFFFFFFFFE4
:209CA000FFFFFFFFFFFFFFFFFFFFFFFFFFFFFFFFFFFFFFFFFFFFFFFFFFFFFFFFFFFFFFFFC4
:209CC000FFFFFFFFFFFFFFFFFFFFFFFFFFFFFFFFFFFFFFFFFFFFFFFFFFFFFFFFFFFFFFFFA4
:209CE000FFFFFFFFFFFFFFFFFFFFFFFFFFFFFFFFFFFFFFFFFFFFFFFFFFFFFFFFFFFFFFFF84
:209D0000FFFFFFFFFFFFFFFFFFFFFFFFFFFFFFFFFFFFFFFFFFFFFFFFFFFFFFFFFFFFFFFF63
:209D2000FFFFFFFFFFFFFFFFFFFFFFFFFFFFFFFFFFFFFFFFFFFFFFFFFFFFFFFFFFFFFFFF43
:209D4000FFFFFFFFFFFFFFFFFFFFFFFFFFFFFFFFFFFFFFFFFFFFFFFFFFFFFFFFFFFFFFFF23
:209D6000FFFFFFFFFFFFFFFFFFFFFFFFFFFFFFFFFFFFFFFFFFFFFFFFFFFFFFFFFFFFFFFF03
:209D8000FFFFFFFFFFFFFFFFFFFFFFFFFFFFFFFFFFFFFFFFFFFFFFFFFFFFFFFFFFFFFFFFE3
:209DA000FFFFFFFFFFFFFFFFFFFFFFFFFFFFFFFFFFFFFFFFFFFFFFFFFFFFFFFFFFFFFFFFC3
:209DC000FFFFFFFFFFFFFFFFFFFFFFFFFFFFFFFFFFFFFFFFFFFFFFFFFFFFFFFFFFFFFFFFA3
:209DE000FFFFFFFFFFFFFFFFFFFFFFFFFFFFFFFFFFFFFFFFFFFFFFFFFFFFFFFFFFFFFFFF83
:209E0000FFFFFFFFFFFFFFFFFFFFFFFFFFFFFFFFFFFFFFFFFFFFFFFFFFFFFFFFFFFFFFFF62
:209E2000FFFFFFFFFFFFFFFFFFFFFFFFFFFFFFFFFFFFFFFFFFFFFFFFFFFFFFFFFFFFFFFF42
:209E4000FFFFFFFFFFFFFFFFFFFFFFFFFFFFFFFFFFFFFFFFFFFFFFFFFFFFFFFFFFFFFFFF22
:209E6000FFFFFFFFFFFFFFFFFFFFFFFFFFFFFFFFFFFFFFFFFFFFFFFFFFFFFFFFFFFFFFFF02
:209E8000FFFFFFFFFFFFFFFFFFFFFFFFFFFFFFFFFFFFFFFFFFFFFFFFFFFFFFFFFFFFFFFFE2
:209EA000FFFFFFFFFFFFFFFFFFFFFFFFFFFFFFFFFFFFFFFFFFFFFFFFFFFFFFFFFFFFFFFFC2
:209EC000FFFFFFFFFFFFFFFFFFFFFFFFFFFFFFFFFFFFFFFFFFFFFFFFFFFFFFFFFFFFFFFFA2
:209EE000FFFFFFFFFFFFFFFFFFFFFFFFFFFFFFFFFFFFFFFFFFFFFFFFFFFFFFFFFFFFFFFF82
:209F0000FFFFFFFFFFFFFFFFFFFFFFFFFFFFFFFFFFFFFFFFFFFFFFFFFFFFFFFFFFFFFFFF61
:209F2000FFFFFFFFFFFFFFFFFFFFFFFFFFFFFFFFFFFFFFFFFFFFFFFFFFFFFFFFFFFFFFFF41
:209F4000FFFFFFFFFFFFFFFFFFFFFFFFFFFFFFFFFFFFFFFFFFFFFFFFFFFFFFFFFFFFFFFF21
:209F6000FFFFFFFFFFFFFFFFFFFFFFFFFFFFFFFFFFFFFFFFFFFFFFFFFFFFFFFFFFFFFFFF01
:209F8000FFFFFFFFFFFFFFFFFFFFFFFFFFFFFFFFFFFFFFFFFFFFFFFFFFFFFFFFFFFFFFFFE1
:209FA000FFFFFFFFFFFFFFFFFFFFFFFFFFFFFFFFFFFFFFFFFFFFFFFFFFFFFFFFFFFFFFFFC1
:209FC000FFFFFFFFFFFFFFFFFFFFFFFFFFFFFFFFFFFFFFFFFFFFFFFFFFFFFFFFFFFFFFFFA1
:209FE000FFFFFFFFFFFFFFFFFFFFFFFFFFFFFFFFFFFFFFFFFFFFFFFFFFFFFFFFFFFFFFFF81
:20A00000FFFFFFFFFFFFFFFFFFFFFFFFFFFFFFFFFFFFFFFFFFFFFFFFFFFFFFFFFFFFFFFF60
:20A02000FFFFFFFFFFFFFFFFFFFFFFFFFFFFFFFFFFFFFFFFFFFFFFFFFFFFFFFFFFFFFFFF40
:20A04000FFFFFFFFFFFFFFFFFFFFFFFFFFFFFFFFFFFFFFFFFFFFFFFFFFFFFFFFFFFFFFFF20
:20A06000FFFFFFFFFFFFFFFFFFFFFFFFFFFFFFFFFFFFFFFFFFFFFFFFFFFFFFFFFFFFFFFF00
:20A08000FFFFFFFFFFFFFFFFFFFFFFFFFFFFFFFFFFFFFFFFFFFFFFFFFFFFFFFFFFFFFFFFE0
:20A0A000FFFFFFFFFFFFFFFFFFFFFFFFFFFFFFFFFFFFFFFFFFFFFFFFFFFFFFFFFFFFFFFFC0
:20A0C000FFFFFFFFFFFFFFFFFFFFFFFFFFFFFFFFFFFFFFFFFFFFFFFFFFFFFFFFFFFFFFFFA0
:20A0E000FFFFFFFFFFFFFFFFFFFFFFFFFFFFFFFFFFFFFFFFFFFFFFFFFFFFFFFFFFFFFFFF80
:20A10000FFFFFFFFFFFFFFFFFFFFFFFFFFFFFFFFFFFFFFFFFFFFFFFFFFFFFFFFFFFFFFFF5F
:20A12000FFFFFFFFFFFFFFFFFFFFFFFFFFFFFFFFFFFFFFFFFFFFFFFFFFFFFFFFFFFFFFFF3F
:20A14000FFFFFFFFFFFFFFFFFFFFFFFFFFFFFFFFFFFFFFFFFFFFFFFFFFFFFFFFFFFFFFFF1F
:20A16000FFFFFFFFFFFFFFFFFFFFFFFFFFFFFFFFFFFFFFFFFFFFFFFFFFFFFFFFFFFFFFFFFF
:20A18000FFFFFFFFFFFFFFFFFFFFFFFFFFFFFFFFFFFFFFFFFFFFFFFFFFFFFFFFFFFFFFFFDF
:20A1A000FFFFFFFFFFFFFFFFFFFFFFFFFFFFFFFFFFFFFFFFFFFFFFFFFFFFFFFFFFFFFFFFBF
:20A1C000FFFFFFFFFFFFFFFFFFFFFFFFFFFFFFFFFFFFFFFFFFFFFFFFFFFFFFFFFFFFFFFF9F
:20A1E000FFFFFFFFFFFFFFFFFFFFFFFFFFFFFFFFFFFFFFFFFFFFFFFFFFFFFFFFFFFFFFFF7F
:20A20000FFFFFFFFFFFFFFFFFFFFFFFFFFFFFFFFFFFFFFFFFFFFFFFFFFFFFFFFFFFFFFFF5E
:20A22000FFFFFFFFFFFFFFFFFFFFFFFFFFFFFFFFFFFFFFFFFFFFFFFFFFFFFFFFFFFFFFFF3E
:20A24000FFFFFFFFFFFFFFFFFFFFFFFFFFFFFFFFFFFFFFFFFFFFFFFFFFFFFFFFFFFFFFFF1E
:20A26000FFFFFFFFFFFFFFFFFFFFFFFFFFFFFFFFFFFFFFFFFFFFFFFFFFFFFFFFFFFFFFFFFE
:20A28000FFFFFFFFFFFFFFFFFFFFFFFFFFFFFFFFFFFFFFFFFFFFFFFFFFFFFFFFFFFFFFFFDE
:20A2A000FFFFFFFFFFFFFFFFFFFFFFFFFFFFFFFFFFFFFFFFFFFFFFFFFFFFFFFFFFFFFFFFBE
:20A2C000FFFFFFFFFFFFFFFFFFFFFFFFFFFFFFFFFFFFFFFFFFFFFFFFFFFFFFFFFFFFFFFF9E
:20A2E000FFFFFFFFFFFFFFFFFFFFFFFFFFFFFFFFFFFFFFFFFFFFFFFFFFFFFFFFFFFFFFFF7E
:20A30000FFFFFFFFFFFFFFFFFFFFFFFFFFFFFFFFFFFFFFFFFFFFFFFFFFFFFFFFFFFFFFFF5D
:20A32000FFFFFFFFFFFFFFFFFFFFFFFFFFFFFFFFFFFFFFFFFFFFFFFFFFFFFFFFFFFFFFFF3D
:20A34000FFFFFFFFFFFFFFFFFFFFFFFFFFFFFFFFFFFFFFFFFFFFFFFFFFFFFFFFFFFFFFFF1D
:20A36000FFFFFFFFFFFFFFFFFFFFFFFFFFFFFFFFFFFFFFFFFFFFFFFFFFFFFFFFFFFFFFFFFD
:20A38000FFFFFFFFFFFFFFFFFFFFFFFFFFFFFFFFFFFFFFFFFFFFFFFFFFFFFFFFFFFFFFFFDD
:20A3A000FFFFFFFFFFFFFFFFFFFFFFFFFFFFFFFFFFFFFFFFFFFFFFFFFFFFFFFFFFFFFFFFBD
:20A3C000FFFFFFFFFFFFFFFFFFFFFFFFFFFFFFFFFFFFFFFFFFFFFFFFFFFFFFFFFFFFFFFF9D
:20A3E000FFFFFFFFFFFFFFFFFFFFFFFFFFFFFFFFFFFFFFFFFFFFFFFFFFFFFFFFFFFFFFFF7D
:20A40000FFFFFFFFFFFFFFFFFFFFFFFFFFFFFFFFFFFFFFFFFFFFFFFFFFFFFFFFFFFFFFFF5C
:20A42000FFFFFFFFFFFFFFFFFFFFFFFFFFFFFFFFFFFFFFFFFFFFFFFFFFFFFFFFFFFFFFFF3C
:20A44000FFFFFFFFFFFFFFFFFFFFFFFFFFFFFFFFFFFFFFFFFFFFFFFFFFFFFFFFFFFFFFFF1C
:20A46000FFFFFFFFFFFFFFFFFFFFFFFFFFFFFFFFFFFFFFFFFFFFFFFFFFFFFFFFFFFFFFFFFC
:20A48000FFFFFFFFFFFFFFFFFFFFFFFFFFFFFFFFFFFFFFFFFFFFFFFFFFFFFFFFFFFFFFFFDC
:20A4A000FFFFFFFFFFFFFFFFFFFFFFFFFFFFFFFFFFFFFFFFFFFFFFFFFFFFFFFFFFFFFFFFBC
:20A4C000FFFFFFFFFFFFFFFFFFFFFFFFFFFFFFFFFFFFFFFFFFFFFFFFFFFFFFFFFFFFFFFF9C
:20A4E000FFFFFFFFFFFFFFFFFFFFFFFFFFFFFFFFFFFFFFFFFFFFFFFFFFFFFFFFFFFFFFFF7C
:20A50000FFFFFFFFFFFFFFFFFFFFFFFFFFFFFFFFFFFFFFFFFFFFFFFFFFFFFFFFFFFFFFFF5B
:20A52000FFFFFFFFFFFFFFFFFFFFFFFFFFFFFFFFFFFFFFFFFFFFFFFFFFFFFFFFFFFFFFFF3B
:20A54000FFFFFFFFFFFFFFFFFFFFFFFFFFFFFFFFFFFFFFFFFFFFFFFFFFFFFFFFFFFFFFFF1B
:20A56000FFFFFFFFFFFFFFFFFFFFFFFFFFFFFFFFFFFFFFFFFFFFFFFFFFFFFFFFFFFFFFFFFB
:20A58000FFFFFFFFFFFFFFFFFFFFFFFFFFFFFFFFFFFFFFFFFFFFFFFFFFFFFFFFFFFFFFFFDB
:20A5A000FFFFFFFFFFFFFFFFFFFFFFFFFFFFFFFFFFFFFFFFFFFFFFFFFFFFFFFFFFFFFFFFBB
:20A5C000FFFFFFFFFFFFFFFFFFFFFFFFFFFFFFFFFFFFFFFFFFFFFFFFFFFFFFFFFFFFFFFF9B
:20A5E000FFFFFFFFFFFFFFFFFFFFFFFFFFFFFFFFFFFFFFFFFFFFFFFFFFFFFFFFFFFFFFFF7B
:20A60000FFFFFFFFFFFFFFFFFFFFFFFFFFFFFFFFFFFFFFFFFFFFFFFFFFFFFFFFFFFFFFFF5A
:20A62000FFFFFFFFFFFFFFFFFFFFFFFFFFFFFFFFFFFFFFFFFFFFFFFFFFFFFFFFFFFFFFFF3A
:20A64000FFFFFFFFFFFFFFFFFFFFFFFFFFFFFFFFFFFFFFFFFFFFFFFFFFFFFFFFFFFFFFFF1A
:20A66000FFFFFFFFFFFFFFFFFFFFFFFFFFFFFFFFFFFFFFFFFFFFFFFFFFFFFFFFFFFFFFFFFA
:20A68000FFFFFFFFFFFFFFFFFFFFFFFFFFFFFFFFFFFFFFFFFFFFFFFFFFFFFFFFFFFFFFFFDA
:20A6A000FFFFFFFFFFFFFFFFFFFFFFFFFFFFFFFFFFFFFFFFFFFFFFFFFFFFFFFFFFFFFFFFBA
:20A6C000FFFFFFFFFFFFFFFFFFFFFFFFFFFFFFFFFFFFFFFFFFFFFFFFFFFFFFFFFFFFFFFF9A
:20A6E000FFFFFFFFFFFFFFFFFFFFFFFFFFFFFFFFFFFFFFFFFFFFFFFFFFFFFFFFFFFFFFFF7A
:20A70000FFFFFFFFFFFFFFFFFFFFFFFFFFFFFFFFFFFFFFFFFFFFFFFFFFFFFFFFFFFFFFFF59
:20A72000FFFFFFFFFFFFFFFFFFFFFFFFFFFFFFFFFFFFFFFFFFFFFFFFFFFFFFFFFFFFFFFF39
:20A74000FFFFFFFFFFFFFFFFFFFFFFFFFFFFFFFFFFFFFFFFFFFFFFFFFFFFFFFFFFFFFFFF19
:20A76000FFFFFFFFFFFFFFFFFFFFFFFFFFFFFFFFFFFFFFFFFFFFFFFFFFFFFFFFFFFFFFFFF9
:20A78000FFFFFFFFFFFFFFFFFFFFFFFFFFFFFFFFFFFFFFFFFFFFFFFFFFFFFFFFFFFFFFFFD9
:20A7A000FFFFFFFFFFFFFFFFFFFFFFFFFFFFFFFFFFFFFFFFFFFFFFFFFFFFFFFFFFFFFFFFB9
:20A7C000FFFFFFFFFFFFFFFFFFFFFFFFFFFFFFFFFFFFFFFFFFFFFFFFFFFFFFFFFFFFFFFF99
:20A7E000FFFFFFFFFFFFFFFFFFFFFFFFFFFFFFFFFFFFFFFFFFFFFFFFFFFFFFFFFFFFFFFF79
:20A80000FFFFFFFFFFFFFFFFFFFFFFFFFFFFFFFFFFFFFFFFFFFFFFFFFFFFFFFFFFFFFFFF58
:20A82000FFFFFFFFFFFFFFFFFFFFFFFFFFFFFFFFFFFFFFFFFFFFFFFFFFFFFFFFFFFFFFFF38
:20A84000FFFFFFFFFFFFFFFFFFFFFFFFFFFFFFFFFFFFFFFFFFFFFFFFFFFFFFFFFFFFFFFF18
:20A86000FFFFFFFFFFFFFFFFFFFFFFFFFFFFFFFFFFFFFFFFFFFFFFFFFFFFFFFFFFFFFFFFF8
:20A88000FFFFFFFFFFFFFFFFFFFFFFFFFFFFFFFFFFFFFFFFFFFFFFFFFFFFFFFFFFFFFFFFD8
:20A8A000FFFFFFFFFFFFFFFFFFFFFFFFFFFFFFFFFFFFFFFFFFFFFFFFFFFFFFFFFFFFFFFFB8
:20A8C000FFFFFFFFFFFFFFFFFFFFFFFFFFFFFFFFFFFFFFFFFFFFFFFFFFFFFFFFFFFFFFFF98
:20A8E000FFFFFFFFFFFFFFFFFFFFFFFFFFFFFFFFFFFFFFFFFFFFFFFFFFFFFFFFFFFFFFFF78
:20A90000FFFFFFFFFFFFFFFFFFFFFFFFFFFFFFFFFFFFFFFFFFFFFFFFFFFFFFFFFFFFFFFF57
:20A92000FFFFFFFFFFFFFFFFFFFFFFFFFFFFFFFFFFFFFFFFFFFFFFFFFFFFFFFFFFFFFFFF37
:20A94000FFFFFFFFFFFFFFFFFFFFFFFFFFFFFFFFFFFFFFFFFFFFFFFFFFFFFFFFFFFFFFFF17
:20A96000FFFFFFFFFFFFFFFFFFFFFFFFFFFFFFFFFFFFFFFFFFFFFFFFFFFFFFFFFFFFFFFFF7
:20A98000FFFFFFFFFFFFFFFFFFFFFFFFFFFFFFFFFFFFFFFFFFFFFFFFFFFFFFFFFFFFFFFFD7
:20A9A000FFFFFFFFFFFFFFFFFFFFFFFFFFFFFFFFFFFFFFFFFFFFFFFFFFFFFFFFFFFFFFFFB7
:20A9C000FFFFFFFFFFFFFFFFFFFFFFFFFFFFFFFFFFFFFFFFFFFFFFFFFFFFFFFFFFFFFFFF97
:20A9E000FFFFFFFFFFFFFFFFFFFFFFFFFFFFFFFFFFFFFFFFFFFFFFFFFFFFFFFFFFFFFFFF77
:20AA0000FFFFFFFFFFFFFFFFFFFFFFFFFFFFFFFFFFFFFFFFFFFFFFFFFFFFFFFFFFFFFFFF56
:20AA2000FFFFFFFFFFFFFFFFFFFFFFFFFFFFFFFFFFFFFFFFFFFFFFFFFFFFFFFFFFFFFFFF36
:20AA4000FFFFFFFFFFFFFFFFFFFFFFFFFFFFFFFFFFFFFFFFFFFFFFFFFFFFFFFFFFFFFFFF16
:20AA6000FFFFFFFFFFFFFFFFFFFFFFFFFFFFFFFFFFFFFFFFFFFFFFFFFFFFFFFFFFFFFFFFF6
:20AA8000FFFFFFFFFFFFFFFFFFFFFFFFFFFFFFFFFFFFFFFFFFFFFFFFFFFFFFFFFFFFFFFFD6
:20AAA000FFFFFFFFFFFFFFFFFFFFFFFFFFFFFFFFFFFFFFFFFFFFFFFFFFFFFFFFFFFFFFFFB6
:20AAC000FFFFFFFFFFFFFFFFFFFFFFFFFFFFFFFFFFFFFFFFFFFFFFFFFFFFFFFFFFFFFFFF96
:20AAE000FFFFFFFFFFFFFFFFFFFFFFFFFFFFFFFFFFFFFFFFFFFFFFFFFFFFFFFFFFFFFFFF76
:20AB0000FFFFFFFFFFFFFFFFFFFFFFFFFFFFFFFFFFFFFFFFFFFFFFFFFFFFFFFFFFFFFFFF55
:20AB2000FFFFFFFFFFFFFFFFFFFFFFFFFFFFFFFFFFFFFFFFFFFFFFFFFFFFFFFFFFFFFFFF35
:20AB4000FFFFFFFFFFFFFFFFFFFFFFFFFFFFFFFFFFFFFFFFFFFFFFFFFFFFFFFFFFFFFFFF15
:20AB6000FFFFFFFFFFFFFFFFFFFFFFFFFFFFFFFFFFFFFFFFFFFFFFFFFFFFFFFFFFFFFFFFF5
:20AB8000FFFFFFFFFFFFFFFFFFFFFFFFFFFFFFFFFFFFFFFFFFFFFFFFFFFFFFFFFFFFFFFFD5
:20ABA000FFFFFFFFFFFFFFFFFFFFFFFFFFFFFFFFFFFFFFFFFFFFFFFFFFFFFFFFFFFFFFFFB5
:20ABC000FFFFFFFFFFFFFFFFFFFFFFFFFFFFFFFFFFFFFFFFFFFFFFFFFFFFFFFFFFFFFFFF95
:20ABE000FFFFFFFFFFFFFFFFFFFFFFFFFFFFFFFFFFFFFFFFFFFFFFFFFFFFFFFFFFFFFFFF75
:20AC0000FFFFFFFFFFFFFFFFFFFFFFFFFFFFFFFFFFFFFFFFFFFFFFFFFFFFFFFFFFFFFFFF54
:20AC2000FFFFFFFFFFFFFFFFFFFFFFFFFFFFFFFFFFFFFFFFFFFFFFFFFFFFFFFFFFFFFFFF34
:20AC4000FFFFFFFFFFFFFFFFFFFFFFFFFFFFFFFFFFFFFFFFFFFFFFFFFFFFFFFFFFFFFFFF14
:20AC6000FFFFFFFFFFFFFFFFFFFFFFFFFFFFFFFFFFFFFFFFFFFFFFFFFFFFFFFFFFFFFFFFF4
:20AC8000FFFFFFFFFFFFFFFFFFFFFFFFFFFFFFFFFFFFFFFFFFFFFFFFFFFFFFFFFFFFFFFFD4
:20ACA000FFFFFFFFFFFFFFFFFFFFFFFFFFFFFFFFFFFFFFFFFFFFFFFFFFFFFFFFFFFFFFFFB4
:20ACC000FFFFFFFFFFFFFFFFFFFFFFFFFFFFFFFFFFFFFFFFFFFFFFFFFFFFFFFFFFFFFFFF94
:20ACE000FFFFFFFFFFFFFFFFFFFFFFFFFFFFFFFFFFFFFFFFFFFFFFFFFFFFFFFFFFFFFFFF74
:20AD0000FFFFFFFFFFFFFFFFFFFFFFFFFFFFFFFFFFFFFFFFFFFFFFFFFFFFFFFFFFFFFFFF53
:20AD2000FFFFFFFFFFFFFFFFFFFFFFFFFFFFFFFFFFFFFFFFFFFFFFFFFFFFFFFFFFFFFFFF33
:20AD4000FFFFFFFFFFFFFFFFFFFFFFFFFFFFFFFFFFFFFFFFFFFFFFFFFFFFFFFFFFFFFFFF13
:20AD6000FFFFFFFFFFFFFFFFFFFFFFFFFFFFFFFFFFFFFFFFFFFFFFFFFFFFFFFFFFFFFFFFF3
:20AD8000FFFFFFFFFFFFFFFFFFFFFFFFFFFFFFFFFFFFFFFFFFFFFFFFFFFFFFFFFFFFFFFFD3
:20ADA000FFFFFFFFFFFFFFFFFFFFFFFFFFFFFFFFFFFFFFFFFFFFFFFFFFFFFFFFFFFFFFFFB3
:20ADC000FFFFFFFFFFFFFFFFFFFFFFFFFFFFFFFFFFFFFFFFFFFFFFFFFFFFFFFFFFFFFFFF93
:20ADE000FFFFFFFFFFFFFFFFFFFFFFFFFFFFFFFFFFFFFFFFFFFFFFFFFFFFFFFFFFFFFFFF73
:20AE0000FFFFFFFFFFFFFFFFFFFFFFFFFFFFFFFFFFFFFFFFFFFFFFFFFFFFFFFFFFFFFFFF52
:20AE2000FFFFFFFFFFFFFFFFFFFFFFFFFFFFFFFFFFFFFFFFFFFFFFFFFFFFFFFFFFFFFFFF32
:20AE4000FFFFFFFFFFFFFFFFFFFFFFFFFFFFFFFFFFFFFFFFFFFFFFFFFFFFFFFFFFFFFFFF12
:20AE6000FFFFFFFFFFFFFFFFFFFFFFFFFFFFFFFFFFFFFFFFFFFFFFFFFFFFFFFFFFFFFFFFF2
:20AE8000FFFFFFFFFFFFFFFFFFFFFFFFFFFFFFFFFFFFFFFFFFFFFFFFFFFFFFFFFFFFFFFFD2
:20AEA000FFFFFFFFFFFFFFFFFFFFFFFFFFFFFFFFFFFFFFFFFFFFFFFFFFFFFFFFFFFFFFFFB2
:20AEC000FFFFFFFFFFFFFFFFFFFFFFFFFFFFFFFFFFFFFFFFFFFFFFFFFFFFFFFFFFFFFFFF92
:20AEE000FFFFFFFFFFFFFFFFFFFFFFFFFFFFFFFFFFFFFFFFFFFFFFFFFFFFFFFFFFFFFFFF72
:20AF0000FFFFFFFFFFFFFFFFFFFFFFFFFFFFFFFFFFFFFFFFFFFFFFFFFFFFFFFFFFFFFFFF51
:20AF2000FFFFFFFFFFFFFFFFFFFFFFFFFFFFFFFFFFFFFFFFFFFFFFFFFFFFFFFFFFFFFFFF31
:20AF4000FFFFFFFFFFFFFFFFFFFFFFFFFFFFFFFFFFFFFFFFFFFFFFFFFFFFFFFFFFFFFFFF11
:20AF6000FFFFFFFFFFFFFFFFFFFFFFFFFFFFFFFFFFFFFFFFFFFFFFFFFFFFFFFFFFFFFFFFF1
:20AF8000FFFFFFFFFFFFFFFFFFFFFFFFFFFFFFFFFFFFFFFFFFFFFFFFFFFFFFFFFFFFFFFFD1
:20AFA000FFFFFFFFFFFFFFFFFFFFFFFFFFFFFFFFFFFFFFFFFFFFFFFFFFFFFFFFFFFFFFFFB1
:20AFC000FFFFFFFFFFFFFFFFFFFFFFFFFFFFFFFFFFFFFFFFFFFFFFFFFFFFFFFFFFFFFFFF91
:20AFE000FFFFFFFFFFFFFFFFFFFFFFFFFFFFFFFFFFFFFFFFFFFFFFFFFFFFFFFFFFFFFFFF71
:20B00000FFFFFFFFFFFFFFFFFFFFFFFFFFFFFFFFFFFFFFFFFFFFFFFFFFFFFFFFFFFFFFFF50
:20B02000FFFFFFFFFFFFFFFFFFFFFFFFFFFFFFFFFFFFFFFFFFFFFFFFFFFFFFFFFFFFFFFF30
:20B04000FFFFFFFFFFFFFFFFFFFFFFFFFFFFFFFFFFFFFFFFFFFFFFFFFFFFFFFFFFFFFFFF10
:20B06000FFFFFFFFFFFFFFFFFFFFFFFFFFFFFFFFFFFFFFFFFFFFFFFFFFFFFFFFFFFFFFFFF0
:20B08000FFFFFFFFFFFFFFFFFFFFFFFFFFFFFFFFFFFFFFFFFFFFFFFFFFFFFFFFFFFFFFFFD0
:20B0A000FFFFFFFFFFFFFFFFFFFFFFFFFFFFFFFFFFFFFFFFFFFFFFFFFFFFFFFFFFFFFFFFB0
:20B0C000FFFFFFFFFFFFFFFFFFFFFFFFFFFFFFFFFFFFFFFFFFFFFFFFFFFFFFFFFFFFFFFF90
:20B0E000FFFFFFFFFFFFFFFFFFFFFFFFFFFFFFFFFFFFFFFFFFFFFFFFFFFFFFFFFFFFFFFF70
:20B10000FFFFFFFFFFFFFFFFFFFFFFFFFFFFFFFFFFFFFFFFFFFFFFFFFFFFFFFFFFFFFFFF4F
:20B12000FFFFFFFFFFFFFFFFFFFFFFFFFFFFFFFFFFFFFFFFFFFFFFFFFFFFFFFFFFFFFFFF2F
:20B14000FFFFFFFFFFFFFFFFFFFFFFFFFFFFFFFFFFFFFFFFFFFFFFFFFFFFFFFFFFFFFFFF0F
:20B16000FFFFFFFFFFFFFFFFFFFFFFFFFFFFFFFFFFFFFFFFFFFFFFFFFFFFFFFFFFFFFFFFEF
:20B18000FFFFFFFFFFFFFFFFFFFFFFFFFFFFFFFFFFFFFFFFFFFFFFFFFFFFFFFFFFFFFFFFCF
:20B1A000FFFFFFFFFFFFFFFFFFFFFFFFFFFFFFFFFFFFFFFFFFFFFFFFFFFFFFFFFFFFFFFFAF
:20B1C000FFFFFFFFFFFFFFFFFFFFFFFFFFFFFFFFFFFFFFFFFFFFFFFFFFFFFFFFFFFFFFFF8F
:20B1E000FFFFFFFFFFFFFFFFFFFFFFFFFFFFFFFFFFFFFFFFFFFFFFFFFFFFFFFFFFFFFFFF6F
:20B20000FFFFFFFFFFFFFFFFFFFFFFFFFFFFFFFFFFFFFFFFFFFFFFFFFFFFFFFFFFFFFFFF4E
:20B22000FFFFFFFFFFFFFFFFFFFFFFFFFFFFFFFFFFFFFFFFFFFFFFFFFFFFFFFFFFFFFFFF2E
:20B24000FFFFFFFFFFFFFFFFFFFFFFFFFFFFFFFFFFFFFFFFFFFFFFFFFFFFFFFFFFFFFFFF0E
:20B26000FFFFFFFFFFFFFFFFFFFFFFFFFFFFFFFFFFFFFFFFFFFFFFFFFFFFFFFFFFFFFFFFEE
:20B28000FFFFFFFFFFFFFFFFFFFFFFFFFFFFFFFFFFFFFFFFFFFFFFFFFFFFFFFFFFFFFFFFCE
:20B2A000FFFFFFFFFFFFFFFFFFFFFFFFFFFFFFFFFFFFFFFFFFFFFFFFFFFFFFFFFFFFFFFFAE
:20B2C000FFFFFFFFFFFFFFFFFFFFFFFFFFFFFFFFFFFFFFFFFFFFFFFFFFFFFFFFFFFFFFFF8E
:20B2E000FFFFFFFFFFFFFFFFFFFFFFFFFFFFFFFFFFFFFFFFFFFFFFFFFFFFFFFFFFFFFFFF6E
:20B30000FFFFFFFFFFFFFFFFFFFFFFFFFFFFFFFFFFFFFFFFFFFFFFFFFFFFFFFFFFFFFFFF4D
:20B32000FFFFFFFFFFFFFFFFFFFFFFFFFFFFFFFFFFFFFFFFFFFFFFFFFFFFFFFFFFFFFFFF2D
:20B34000FFFFFFFFFFFFFFFFFFFFFFFFFFFFFFFFFFFFFFFFFFFFFFFFFFFFFFFFFFFFFFFF0D
:20B36000FFFFFFFFFFFFFFFFFFFFFFFFFFFFFFFFFFFFFFFFFFFFFFFFFFFFFFFFFFFFFFFFED
:20B38000FFFFFFFFFFFFFFFFFFFFFFFFFFFFFFFFFFFFFFFFFFFFFFFFFFFFFFFFFFFFFFFFCD
:20B3A000FFFFFFFFFFFFFFFFFFFFFFFFFFFFFFFFFFFFFFFFFFFFFFFFFFFFFFFFFFFFFFFFAD
:20B3C000FFFFFFFFFFFFFFFFFFFFFFFFFFFFFFFFFFFFFFFFFFFFFFFFFFFFFFFFFFFFFFFF8D
:20B3E000FFFFFFFFFFFFFFFFFFFFFFFFFFFFFFFFFFFFFFFFFFFFFFFFFFFFFFFFFFFFFFFF6D
:20B40000FFFFFFFFFFFFFFFFFFFFFFFFFFFFFFFFFFFFFFFFFFFFFFFFFFFFFFFFFFFFFFFF4C
:20B42000FFFFFFFFFFFFFFFFFFFFFFFFFFFFFFFFFFFFFFFFFFFFFFFFFFFFFFFFFFFFFFFF2C
:20B44000FFFFFFFFFFFFFFFFFFFFFFFFFFFFFFFFFFFFFFFFFFFFFFFFFFFFFFFFFFFFFFFF0C
:20B46000FFFFFFFFFFFFFFFFFFFFFFFFFFFFFFFFFFFFFFFFFFFFFFFFFFFFFFFFFFFFFFFFEC
:20B48000FFFFFFFFFFFFFFFFFFFFFFFFFFFFFFFFFFFFFFFFFFFFFFFFFFFFFFFFFFFFFFFFCC
:20B4A000FFFFFFFFFFFFFFFFFFFFFFFFFFFFFFFFFFFFFFFFFFFFFFFFFFFFFFFFFFFFFFFFAC
:20B4C000FFFFFFFFFFFFFFFFFFFFFFFFFFFFFFFFFFFFFFFFFFFFFFFFFFFFFFFFFFFFFFFF8C
:20B4E000FFFFFFFFFFFFFFFFFFFFFFFFFFFFFFFFFFFFFFFFFFFFFFFFFFFFFFFFFFFFFFFF6C
:20B50000FFFFFFFFFFFFFFFFFFFFFFFFFFFFFFFFFFFFFFFFFFFFFFFFFFFFFFFFFFFFFFFF4B
:20B52000FFFFFFFFFFFFFFFFFFFFFFFFFFFFFFFFFFFFFFFFFFFFFFFFFFFFFFFFFFFFFFFF2B
:20B54000FFFFFFFFFFFFFFFFFFFFFFFFFFFFFFFFFFFFFFFFFFFFFFFFFFFFFFFFFFFFFFFF0B
:20B56000FFFFFFFFFFFFFFFFFFFFFFFFFFFFFFFFFFFFFFFFFFFFFFFFFFFFFFFFFFFFFFFFEB
:20B58000FFFFFFFFFFFFFFFFFFFFFFFFFFFFFFFFFFFFFFFFFFFFFFFFFFFFFFFFFFFFFFFFCB
:20B5A000FFFFFFFFFFFFFFFFFFFFFFFFFFFFFFFFFFFFFFFFFFFFFFFFFFFFFFFFFFFFFFFFAB
:20B5C000FFFFFFFFFFFFFFFFFFFFFFFFFFFFFFFFFFFFFFFFFFFFFFFFFFFFFFFFFFFFFFFF8B
:20B5E000FFFFFFFFFFFFFFFFFFFFFFFFFFFFFFFFFFFFFFFFFFFFFFFFFFFFFFFFFFFFFFFF6B
:20B60000FFFFFFFFFFFFFFFFFFFFFFFFFFFFFFFFFFFFFFFFFFFFFFFFFFFFFFFFFFFFFFFF4A
:20B62000FFFFFFFFFFFFFFFFFFFFFFFFFFFFFFFFFFFFFFFFFFFFFFFFFFFFFFFFFFFFFFFF2A
:20B64000FFFFFFFFFFFFFFFFFFFFFFFFFFFFFFFFFFFFFFFFFFFFFFFFFFFFFFFFFFFFFFFF0A
:20B66000FFFFFFFFFFFFFFFFFFFFFFFFFFFFFFFFFFFFFFFFFFFFFFFFFFFFFFFFFFFFFFFFEA
:20B68000FFFFFFFFFFFFFFFFFFFFFFFFFFFFFFFFFFFFFFFFFFFFFFFFFFFFFFFFFFFFFFFFCA
:20B6A000FFFFFFFFFFFFFFFFFFFFFFFFFFFFFFFFFFFFFFFFFFFFFFFFFFFFFFFFFFFFFFFFAA
:20B6C000FFFFFFFFFFFFFFFFFFFFFFFFFFFFFFFFFFFFFFFFFFFFFFFFFFFFFFFFFFFFFFFF8A
:20B6E000FFFFFFFFFFFFFFFFFFFFFFFFFFFFFFFFFFFFFFFFFFFFFFFFFFFFFFFFFFFFFFFF6A
:20B70000FFFFFFFFFFFFFFFFFFFFFFFFFFFFFFFFFFFFFFFFFFFFFFFFFFFFFFFFFFFFFFFF49
:20B72000FFFFFFFFFFFFFFFFFFFFFFFFFFFFFFFFFFFFFFFFFFFFFFFFFFFFFFFFFFFFFFFF29
:20B74000FFFFFFFFFFFFFFFFFFFFFFFFFFFFFFFFFFFFFFFFFFFFFFFFFFFFFFFFFFFFFFFF09
:20B76000FFFFFFFFFFFFFFFFFFFFFFFFFFFFFFFFFFFFFFFFFFFFFFFFFFFFFFFFFFFFFFFFE9
:20B78000FFFFFFFFFFFFFFFFFFFFFFFFFFFFFFFFFFFFFFFFFFFFFFFFFFFFFFFFFFFFFFFFC9
:20B7A000FFFFFFFFFFFFFFFFFFFFFFFFFFFFFFFFFFFFFFFFFFFFFFFFFFFFFFFFFFFFFFFFA9
:20B7C000FFFFFFFFFFFFFFFFFFFFFFFFFFFFFFFFFFFFFFFFFFFFFFFFFFFFFFFFFFFFFFFF89
:20B7E000FFFFFFFFFFFFFFFFFFFFFFFFFFFFFFFFFFFFFFFFFFFFFFFFFFFFFFFFFFFFFFFF69
:20B80000FFFFFFFFFFFFFFFFFFFFFFFFFFFFFFFFFFFFFFFFFFFFFFFFFFFFFFFFFFFFFFFF48
:20B82000FFFFFFFFFFFFFFFFFFFFFFFFFFFFFFFFFFFFFFFFFFFFFFFFFFFFFFFFFFFFFFFF28
:20B84000FFFFFFFFFFFFFFFFFFFFFFFFFFFFFFFFFFFFFFFFFFFFFFFFFFFFFFFFFFFFFFFF08
:20B86000FFFFFFFFFFFFFFFFFFFFFFFFFFFFFFFFFFFFFFFFFFFFFFFFFFFFFFFFFFFFFFFFE8
:20B88000FFFFFFFFFFFFFFFFFFFFFFFFFFFFFFFFFFFFFFFFFFFFFFFFFFFFFFFFFFFFFFFFC8
:20B8A000FFFFFFFFFFFFFFFFFFFFFFFFFFFFFFFFFFFFFFFFFFFFFFFFFFFFFFFFFFFFFFFFA8
:20B8C000FFFFFFFFFFFFFFFFFFFFFFFFFFFFFFFFFFFFFFFFFFFFFFFFFFFFFFFFFFFFFFFF88
:20B8E000FFFFFFFFFFFFFFFFFFFFFFFFFFFFFFFFFFFFFFFFFFFFFFFFFFFFFFFFFFFFFFFF68
:20B90000FFFFFFFFFFFFFFFFFFFFFFFFFFFFFFFFFFFFFFFFFFFFFFFFFFFFFFFFFFFFFFFF47
:20B92000FFFFFFFFFFFFFFFFFFFFFFFFFFFFFFFFFFFFFFFFFFFFFFFFFFFFFFFFFFFFFFFF27
:20B94000FFFFFFFFFFFFFFFFFFFFFFFFFFFFFFFFFFFFFFFFFFFFFFFFFFFFFFFFFFFFFFFF07
:20B96000FFFFFFFFFFFFFFFFFFFFFFFFFFFFFFFFFFFFFFFFFFFFFFFFFFFFFFFFFFFFFFFFE7
:20B98000FFFFFFFFFFFFFFFFFFFFFFFFFFFFFFFFFFFFFFFFFFFFFFFFFFFFFFFFFFFFFFFFC7
:20B9A000FFFFFFFFFFFFFFFFFFFFFFFFFFFFFFFFFFFFFFFFFFFFFFFFFFFFFFFFFFFFFFFFA7
:20B9C000FFFFFFFFFFFFFFFFFFFFFFFFFFFFFFFFFFFFFFFFFFFFFFFFFFFFFFFFFFFFFFFF87
:20B9E000FFFFFFFFFFFFFFFFFFFFFFFFFFFFFFFFFFFFFFFFFFFFFFFFFFFFFFFFFFFFFFFF67
:20BA0000FFFFFFFFFFFFFFFFFFFFFFFFFFFFFFFFFFFFFFFFFFFFFFFFFFFFFFFFFFFFFFFF46
:20BA2000FFFFFFFFFFFFFFFFFFFFFFFFFFFFFFFFFFFFFFFFFFFFFFFFFFFFFFFFFFFFFFFF26
:20BA4000FFFFFFFFFFFFFFFFFFFFFFFFFFFFFFFFFFFFFFFFFFFFFFFFFFFFFFFFFFFFFFFF06
:20BA6000FFFFFFFFFFFFFFFFFFFFFFFFFFFFFFFFFFFFFFFFFFFFFFFFFFFFFFFFFFFFFFFFE6
:20BA8000FFFFFFFFFFFFFFFFFFFFFFFFFFFFFFFFFFFFFFFFFFFFFFFFFFFFFFFFFFFFFFFFC6
:20BAA000FFFFFFFFFFFFFFFFFFFFFFFFFFFFFFFFFFFFFFFFFFFFFFFFFFFFFFFFFFFFFFFFA6
:20BAC000FFFFFFFFFFFFFFFFFFFFFFFFFFFFFFFFFFFFFFFFFFFFFFFFFFFFFFFFFFFFFFFF86
:20BAE000FFFFFFFFFFFFFFFFFFFFFFFFFFFFFFFFFFFFFFFFFFFFFFFFFFFFFFFFFFFFFFFF66
:20BB0000FFFFFFFFFFFFFFFFFFFFFFFFFFFFFFFFFFFFFFFFFFFFFFFFFFFFFFFFFFFFFFFF45
:20BB2000FFFFFFFFFFFFFFFFFFFFFFFFFFFFFFFFFFFFFFFFFFFFFFFFFFFFFFFFFFFFFFFF25
:20BB4000FFFFFFFFFFFFFFFFFFFFFFFFFFFFFFFFFFFFFFFFFFFFFFFFFFFFFFFFFFFFFFFF05
:20BB6000FFFFFFFFFFFFFFFFFFFFFFFFFFFFFFFFFFFFFFFFFFFFFFFFFFFFFFFFFFFFFFFFE5
:20BB8000FFFFFFFFFFFFFFFFFFFFFFFFFFFFFFFFFFFFFFFFFFFFFFFFFFFFFFFFFFFFFFFFC5
:20BBA000FFFFFFFFFFFFFFFFFFFFFFFFFFFFFFFFFFFFFFFFFFFFFFFFFFFFFFFFFFFFFFFFA5
:20BBC000FFFFFFFFFFFFFFFFFFFFFFFFFFFFFFFFFFFFFFFFFFFFFFFFFFFFFFFFFFFFFFFF85
:20BBE000FFFFFFFFFFFFFFFFFFFFFFFFFFFFFFFFFFFFFFFFFFFFFFFFFFFFFFFFFFFFFFFF65
:20BC0000FFFFFFFFFFFFFFFFFFFFFFFFFFFFFFFFFFFFFFFFFFFFFFFFFFFFFFFFFFFFFFFF44
:20BC2000FFFFFFFFFFFFFFFFFFFFFFFFFFFFFFFFFFFFFFFFFFFFFFFFFFFFFFFFFFFFFFFF24
:20BC4000FFFFFFFFFFFFFFFFFFFFFFFFFFFFFFFFFFFFFFFFFFFFFFFFFFFFFFFFFFFFFFFF04
:20BC6000FFFFFFFFFFFFFFFFFFFFFFFFFFFFFFFFFFFFFFFFFFFFFFFFFFFFFFFFFFFFFFFFE4
:20BC8000FFFFFFFFFFFFFFFFFFFFFFFFFFFFFFFFFFFFFFFFFFFFFFFFFFFFFFFFFFFFFFFFC4
:20BCA000FFFFFFFFFFFFFFFFFFFFFFFFFFFFFFFFFFFFFFFFFFFFFFFFFFFFFFFFFFFFFFFFA4
:20BCC000FFFFFFFFFFFFFFFFFFFFFFFFFFFFFFFFFFFFFFFFFFFFFFFFFFFFFFFFFFFFFFFF84
:20BCE000FFFFFFFFFFFFFFFFFFFFFFFFFFFFFFFFFFFFFFFFFFFFFFFFFFFFFFFFFFFFFFFF64
:20BD0000FFFFFFFFFFFFFFFFFFFFFFFFFFFFFFFFFFFFFFFFFFFFFFFFFFFFFFFFFFFFFFFF43
:20BD2000FFFFFFFFFFFFFFFFFFFFFFFFFFFFFFFFFFFFFFFFFFFFFFFFFFFFFFFFFFFFFFFF23
:20BD4000FFFFFFFFFFFFFFFFFFFFFFFFFFFFFFFFFFFFFFFFFFFFFFFFFFFFFFFFFFFFFFFF03
:20BD6000FFFFFFFFFFFFFFFFFFFFFFFFFFFFFFFFFFFFFFFFFFFFFFFFFFFFFFFFFFFFFFFFE3
:20BD8000FFFFFFFFFFFFFFFFFFFFFFFFFFFFFFFFFFFFFFFFFFFFFFFFFFFFFFFFFFFFFFFFC3
:20BDA000FFFFFFFFFFFFFFFFFFFFFFFFFFFFFFFFFFFFFFFFFFFFFFFFFFFFFFFFFFFFFFFFA3
:20BDC000FFFFFFFFFFFFFFFFFFFFFFFFFFFFFFFFFFFFFFFFFFFFFFFFFFFFFFFFFFFFFFFF83
:20BDE000FFFFFFFFFFFFFFFFFFFFFFFFFFFFFFFFFFFFFFFFFFFFFFFFFFFFFFFFFFFFFFFF63
:20BE0000FFFFFFFFFFFFFFFFFFFFFFFFFFFFFFFFFFFFFFFFFFFFFFFFFFFFFFFFFFFFFFFF42
:20BE2000FFFFFFFFFFFFFFFFFFFFFFFFFFFFFFFFFFFFFFFFFFFFFFFFFFFFFFFFFFFFFFFF22
:20BE4000FFFFFFFFFFFFFFFFFFFFFFFFFFFFFFFFFFFFFFFFFFFFFFFFFFFFFFFFFFFFFFFF02
:20BE6000FFFFFFFFFFFFFFFFFFFFFFFFFFFFFFFFFFFFFFFFFFFFFFFFFFFFFFFFFFFFFFFFE2
:20BE8000FFFFFFFFFFFFFFFFFFFFFFFFFFFFFFFFFFFFFFFFFFFFFFFFFFFFFFFFFFFFFFFFC2
:20BEA000FFFFFFFFFFFFFFFFFFFFFFFFFFFFFFFFFFFFFFFFFFFFFFFFFFFFFFFFFFFFFFFFA2
:20BEC000FFFFFFFFFFFFFFFFFFFFFFFFFFFFFFFFFFFFFFFFFFFFFFFFFFFFFFFFFFFFFFFF82
:20BEE000FFFFFFFFFFFFFFFFFFFFFFFFFFFFFFFFFFFFFFFFFFFFFFFFFFFFFFFFFFFFFFFF62
:20BF0000FFFFFFFFFFFFFFFFFFFFFFFFFFFFFFFFFFFFFFFFFFFFFFFFFFFFFFFFFFFFFFFF41
:20BF2000FFFFFFFFFFFFFFFFFFFFFFFFFFFFFFFFFFFFFFFFFFFFFFFFFFFFFFFFFFFFFFFF21
:20BF4000FFFFFFFFFFFFFFFFFFFFFFFFFFFFFFFFFFFFFFFFFFFFFFFFFFFFFFFFFFFFFFFF01
:20BF6000FFFFFFFFFFFFFFFFFFFFFFFFFFFFFFFFFFFFFFFFFFFFFFFFFFFFFFFFFFFFFFFFE1
:20BF8000FFFFFFFFFFFFFFFFFFFFFFFFFFFFFFFFFFFFFFFFFFFFFFFFFFFFFFFFFFFFFFFFC1
:20BFA000FFFFFFFFFFFFFFFFFFFFFFFFFFFFFFFFFFFFFFFFFFFFFFFFFFFFFFFFFFFFFFFFA1
:20BFC000FFFFFFFFFFFFFFFFFFFFFFFFFFFFFFFFFFFFFFFFFFFFFFFFFFFFFFFFFFFFFFFF81
:20BFE000FFFFFFFFFFFFFFFFFFFFFFFFFFFFFFFFFFFFFFFFFFFFFFFFFFFFFFFFFFFFFFFF61
:20C00000FFFFFFFFFFFFFFFFFFFFFFFFFFFFFFFFFFFFFFFFFFFFFFFFFFFFFFFFFFFFFFFF40
:20C02000FFFFFFFFFFFFFFFFFFFFFFFFFFFFFFFFFFFFFFFFFFFFFFFFFFFFFFFFFFFFFFFF20
:20C04000FFFFFFFFFFFFFFFFFFFFFFFFFFFFFFFFFFFFFFFFFFFFFFFFFFFFFFFFFFFFFFFF00
:20C06000FFFFFFFFFFFFFFFFFFFFFFFFFFFFFFFFFFFFFFFFFFFFFFFFFFFFFFFFFFFFFFFFE0
:20C08000FFFFFFFFFFFFFFFFFFFFFFFFFFFFFFFFFFFFFFFFFFFFFFFFFFFFFFFFFFFFFFFFC0
:20C0A000FFFFFFFFFFFFFFFFFFFFFFFFFFFFFFFFFFFFFFFFFFFFFFFFFFFFFFFFFFFFFFFFA0
:20C0C000FFFFFFFFFFFFFFFFFFFFFFFFFFFFFFFFFFFFFFFFFFFFFFFFFFFFFFFFFFFFFFFF80
:20C0E000FFFFFFFFFFFFFFFFFFFFFFFFFFFFFFFFFFFFFFFFFFFFFFFFFFFFFFFFFFFFFFFF60
:20C10000FFFFFFFFFFFFFFFFFFFFFFFFFFFFFFFFFFFFFFFFFFFFFFFFFFFFFFFFFFFFFFFF3F
:20C12000FFFFFFFFFFFFFFFFFFFFFFFFFFFFFFFFFFFFFFFFFFFFFFFFFFFFFFFFFFFFFFFF1F
:20C14000FFFFFFFFFFFFFFFFFFFFFFFFFFFFFFFFFFFFFFFFFFFFFFFFFFFFFFFFFFFFFFFFFF
:20C16000FFFFFFFFFFFFFFFFFFFFFFFFFFFFFFFFFFFFFFFFFFFFFFFFFFFFFFFFFFFFFFFFDF
:20C18000FFFFFFFFFFFFFFFFFFFFFFFFFFFFFFFFFFFFFFFFFFFFFFFFFFFFFFFFFFFFFFFFBF
:20C1A000FFFFFFFFFFFFFFFFFFFFFFFFFFFFFFFFFFFFFFFFFFFFFFFFFFFFFFFFFFFFFFFF9F
:20C1C000FFFFFFFFFFFFFFFFFFFFFFFFFFFFFFFFFFFFFFFFFFFFFFFFFFFFFFFFFFFFFFFF7F
:20C1E000FFFFFFFFFFFFFFFFFFFFFFFFFFFFFFFFFFFFFFFFFFFFFFFFFFFFFFFFFFFFFFFF5F
:20C20000FFFFFFFFFFFFFFFFFFFFFFFFFFFFFFFFFFFFFFFFFFFFFFFFFFFFFFFFFFFFFFFF3E
:20C22000FFFFFFFFFFFFFFFFFFFFFFFFFFFFFFFFFFFFFFFFFFFFFFFFFFFFFFFFFFFFFFFF1E
:20C24000FFFFFFFFFFFFFFFFFFFFFFFFFFFFFFFFFFFFFFFFFFFFFFFFFFFFFFFFFFFFFFFFFE
:20C26000FFFFFFFFFFFFFFFFFFFFFFFFFFFFFFFFFFFFFFFFFFFFFFFFFFFFFFFFFFFFFFFFDE
:20C28000FFFFFFFFFFFFFFFFFFFFFFFFFFFFFFFFFFFFFFFFFFFFFFFFFFFFFFFFFFFFFFFFBE
:20C2A000FFFFFFFFFFFFFFFFFFFFFFFFFFFFFFFFFFFFFFFFFFFFFFFFFFFFFFFFFFFFFFFF9E
:20C2C000FFFFFFFFFFFFFFFFFFFFFFFFFFFFFFFFFFFFFFFFFFFFFFFFFFFFFFFFFFFFFFFF7E
:20C2E000FFFFFFFFFFFFFFFFFFFFFFFFFFFFFFFFFFFFFFFFFFFFFFFFFFFFFFFFFFFFFFFF5E
:20C30000FFFFFFFFFFFFFFFFFFFFFFFFFFFFFFFFFFFFFFFFFFFFFFFFFFFFFFFFFFFFFFFF3D
:20C32000FFFFFFFFFFFFFFFFFFFFFFFFFFFFFFFFFFFFFFFFFFFFFFFFFFFFFFFFFFFFFFFF1D
:20C34000FFFFFFFFFFFFFFFFFFFFFFFFFFFFFFFFFFFFFFFFFFFFFFFFFFFFFFFFFFFFFFFFFD
:20C36000FFFFFFFFFFFFFFFFFFFFFFFFFFFFFFFFFFFFFFFFFFFFFFFFFFFFFFFFFFFFFFFFDD
:20C38000FFFFFFFFFFFFFFFFFFFFFFFFFFFFFFFFFFFFFFFFFFFFFFFFFFFFFFFFFFFFFFFFBD
:20C3A000FFFFFFFFFFFFFFFFFFFFFFFFFFFFFFFFFFFFFFFFFFFFFFFFFFFFFFFFFFFFFFFF9D
:20C3C000FFFFFFFFFFFFFFFFFFFFFFFFFFFFFFFFFFFFFFFFFFFFFFFFFFFFFFFFFFFFFFFF7D
:20C3E000FFFFFFFFFFFFFFFFFFFFFFFFFFFFFFFFFFFFFFFFFFFFFFFFFFFFFFFFFFFFFFFF5D
:20C40000FFFFFFFFFFFFFFFFFFFFFFFFFFFFFFFFFFFFFFFFFFFFFFFFFFFFFFFFFFFFFFFF3C
:20C42000FFFFFFFFFFFFFFFFFFFFFFFFFFFFFFFFFFFFFFFFFFFFFFFFFFFFFFFFFFFFFFFF1C
:20C44000FFFFFFFFFFFFFFFFFFFFFFFFFFFFFFFFFFFFFFFFFFFFFFFFFFFFFFFFFFFFFFFFFC
:20C46000FFFFFFFFFFFFFFFFFFFFFFFFFFFFFFFFFFFFFFFFFFFFFFFFFFFFFFFFFFFFFFFFDC
:20C48000FFFFFFFFFFFFFFFFFFFFFFFFFFFFFFFFFFFFFFFFFFFFFFFFFFFFFFFFFFFFFFFFBC
:20C4A000FFFFFFFFFFFFFFFFFFFFFFFFFFFFFFFFFFFFFFFFFFFFFFFFFFFFFFFFFFFFFFFF9C
:20C4C000FFFFFFFFFFFFFFFFFFFFFFFFFFFFFFFFFFFFFFFFFFFFFFFFFFFFFFFFFFFFFFFF7C
:20C4E000FFFFFFFFFFFFFFFFFFFFFFFFFFFFFFFFFFFFFFFFFFFFFFFFFFFFFFFFFFFFFFFF5C
:20C50000FFFFFFFFFFFFFFFFFFFFFFFFFFFFFFFFFFFFFFFFFFFFFFFFFFFFFFFFFFFFFFFF3B
:20C52000FFFFFFFFFFFFFFFFFFFFFFFFFFFFFFFFFFFFFFFFFFFFFFFFFFFFFFFFFFFFFFFF1B
:20C54000FFFFFFFFFFFFFFFFFFFFFFFFFFFFFFFFFFFFFFFFFFFFFFFFFFFFFFFFFFFFFFFFFB
:20C56000FFFFFFFFFFFFFFFFFFFFFFFFFFFFFFFFFFFFFFFFFFFFFFFFFFFFFFFFFFFFFFFFDB
:20C58000FFFFFFFFFFFFFFFFFFFFFFFFFFFFFFFFFFFFFFFFFFFFFFFFFFFFFFFFFFFFFFFFBB
:20C5A000FFFFFFFFFFFFFFFFFFFFFFFFFFFFFFFFFFFFFFFFFFFFFFFFFFFFFFFFFFFFFFFF9B
:20C5C000FFFFFFFFFFFFFFFFFFFFFFFFFFFFFFFFFFFFFFFFFFFFFFFFFFFFFFFFFFFFFFFF7B
:20C5E000FFFFFFFFFFFFFFFFFFFFFFFFFFFFFFFFFFFFFFFFFFFFFFFFFFFFFFFFFFFFFFFF5B
:20C60000FFFFFFFFFFFFFFFFFFFFFFFFFFFFFFFFFFFFFFFFFFFFFFFFFFFFFFFFFFFFFFFF3A
:20C62000FFFFFFFFFFFFFFFFFFFFFFFFFFFFFFFFFFFFFFFFFFFFFFFFFFFFFFFFFFFFFFFF1A
:20C64000FFFFFFFFFFFFFFFFFFFFFFFFFFFFFFFFFFFFFFFFFFFFFFFFFFFFFFFFFFFFFFFFFA
:20C66000FFFFFFFFFFFFFFFFFFFFFFFFFFFFFFFFFFFFFFFFFFFFFFFFFFFFFFFFFFFFFFFFDA
:20C68000FFFFFFFFFFFFFFFFFFFFFFFFFFFFFFFFFFFFFFFFFFFFFFFFFFFFFFFFFFFFFFFFBA
:20C6A000FFFFFFFFFFFFFFFFFFFFFFFFFFFFFFFFFFFFFFFFFFFFFFFFFFFFFFFFFFFFFFFF9A
:20C6C000FFFFFFFFFFFFFFFFFFFFFFFFFFFFFFFFFFFFFFFFFFFFFFFFFFFFFFFFFFFFFFFF7A
:20C6E000FFFFFFFFFFFFFFFFFFFFFFFFFFFFFFFFFFFFFFFFFFFFFFFFFFFFFFFFFFFFFFFF5A
:20C70000FFFFFFFFFFFFFFFFFFFFFFFFFFFFFFFFFFFFFFFFFFFFFFFFFFFFFFFFFFFFFFFF39
:20C72000FFFFFFFFFFFFFFFFFFFFFFFFFFFFFFFFFFFFFFFFFFFFFFFFFFFFFFFFFFFFFFFF19
:20C74000FFFFFFFFFFFFFFFFFFFFFFFFFFFFFFFFFFFFFFFFFFFFFFFFFFFFFFFFFFFFFFFFF9
:20C76000FFFFFFFFFFFFFFFFFFFFFFFFFFFFFFFFFFFFFFFFFFFFFFFFFFFFFFFFFFFFFFFFD9
:20C78000FFFFFFFFFFFFFFFFFFFFFFFFFFFFFFFFFFFFFFFFFFFFFFFFFFFFFFFFFFFFFFFFB9
:20C7A000FFFFFFFFFFFFFFFFFFFFFFFFFFFFFFFFFFFFFFFFFFFFFFFFFFFFFFFFFFFFFFFF99
:20C7C000FFFFFFFFFFFFFFFFFFFFFFFFFFFFFFFFFFFFFFFFFFFFFFFFFFFFFFFFFFFFFFFF79
:20C7E000FFFFFFFFFFFFFFFFFFFFFFFFFFFFFFFFFFFFFFFFFFFFFFFFFFFFFFFFFFFFFFFF59
:20C80000FFFFFFFFFFFFFFFFFFFFFFFFFFFFFFFFFFFFFFFFFFFFFFFFFFFFFFFFFFFFFFFF38
:20C82000FFFFFFFFFFFFFFFFFFFFFFFFFFFFFFFFFFFFFFFFFFFFFFFFFFFFFFFFFFFFFFFF18
:20C84000FFFFFFFFFFFFFFFFFFFFFFFFFFFFFFFFFFFFFFFFFFFFFFFFFFFFFFFFFFFFFFFFF8
:20C86000FFFFFFFFFFFFFFFFFFFFFFFFFFFFFFFFFFFFFFFFFFFFFFFFFFFFFFFFFFFFFFFFD8
:20C88000FFFFFFFFFFFFFFFFFFFFFFFFFFFFFFFFFFFFFFFFFFFFFFFFFFFFFFFFFFFFFFFFB8
:20C8A000FFFFFFFFFFFFFFFFFFFFFFFFFFFFFFFFFFFFFFFFFFFFFFFFFFFFFFFFFFFFFFFF98
:20C8C000FFFFFFFFFFFFFFFFFFFFFFFFFFFFFFFFFFFFFFFFFFFFFFFFFFFFFFFFFFFFFFFF78
:20C8E000FFFFFFFFFFFFFFFFFFFFFFFFFFFFFFFFFFFFFFFFFFFFFFFFFFFFFFFFFFFFFFFF58
:20C90000FFFFFFFFFFFFFFFFFFFFFFFFFFFFFFFFFFFFFFFFFFFFFFFFFFFFFFFFFFFFFFFF37
:20C92000FFFFFFFFFFFFFFFFFFFFFFFFFFFFFFFFFFFFFFFFFFFFFFFFFFFFFFFFFFFFFFFF17
:20C94000FFFFFFFFFFFFFFFFFFFFFFFFFFFFFFFFFFFFFFFFFFFFFFFFFFFFFFFFFFFFFFFFF7
:20C96000FFFFFFFFFFFFFFFFFFFFFFFFFFFFFFFFFFFFFFFFFFFFFFFFFFFFFFFFFFFFFFFFD7
:20C98000FFFFFFFFFFFFFFFFFFFFFFFFFFFFFFFFFFFFFFFFFFFFFFFFFFFFFFFFFFFFFFFFB7
:20C9A000FFFFFFFFFFFFFFFFFFFFFFFFFFFFFFFFFFFFFFFFFFFFFFFFFFFFFFFFFFFFFFFF97
:20C9C000FFFFFFFFFFFFFFFFFFFFFFFFFFFFFFFFFFFFFFFFFFFFFFFFFFFFFFFFFFFFFFFF77
:20C9E000FFFFFFFFFFFFFFFFFFFFFFFFFFFFFFFFFFFFFFFFFFFFFFFFFFFFFFFFFFFFFFFF57
:20CA0000FFFFFFFFFFFFFFFFFFFFFFFFFFFFFFFFFFFFFFFFFFFFFFFFFFFFFFFFFFFFFFFF36
:20CA2000FFFFFFFFFFFFFFFFFFFFFFFFFFFFFFFFFFFFFFFFFFFFFFFFFFFFFFFFFFFFFFFF16
:20CA4000FFFFFFFFFFFFFFFFFFFFFFFFFFFFFFFFFFFFFFFFFFFFFFFFFFFFFFFFFFFFFFFFF6
:20CA6000FFFFFFFFFFFFFFFFFFFFFFFFFFFFFFFFFFFFFFFFFFFFFFFFFFFFFFFFFFFFFFFFD6
:20CA8000FFFFFFFFFFFFFFFFFFFFFFFFFFFFFFFFFFFFFFFFFFFFFFFFFFFFFFFFFFFFFFFFB6
:20CAA000FFFFFFFFFFFFFFFFFFFFFFFFFFFFFFFFFFFFFFFFFFFFFFFFFFFFFFFFFFFFFFFF96
:20CAC000FFFFFFFFFFFFFFFFFFFFFFFFFFFFFFFFFFFFFFFFFFFFFFFFFFFFFFFFFFFFFFFF76
:20CAE000FFFFFFFFFFFFFFFFFFFFFFFFFFFFFFFFFFFFFFFFFFFFFFFFFFFFFFFFFFFFFFFF56
:20CB0000FFFFFFFFFFFFFFFFFFFFFFFFFFFFFFFFFFFFFFFFFFFFFFFFFFFFFFFFFFFFFFFF35
:20CB2000FFFFFFFFFFFFFFFFFFFFFFFFFFFFFFFFFFFFFFFFFFFFFFFFFFFFFFFFFFFFFFFF15
:20CB4000FFFFFFFFFFFFFFFFFFFFFFFFFFFFFFFFFFFFFFFFFFFFFFFFFFFFFFFFFFFFFFFFF5
:20CB6000FFFFFFFFFFFFFFFFFFFFFFFFFFFFFFFFFFFFFFFFFFFFFFFFFFFFFFFFFFFFFFFFD5
:20CB8000FFFFFFFFFFFFFFFFFFFFFFFFFFFFFFFFFFFFFFFFFFFFFFFFFFFFFFFFFFFFFFFFB5
:20CBA000FFFFFFFFFFFFFFFFFFFFFFFFFFFFFFFFFFFFFFFFFFFFFFFFFFFFFFFFFFFFFFFF95
:20CBC000FFFFFFFFFFFFFFFFFFFFFFFFFFFFFFFFFFFFFFFFFFFFFFFFFFFFFFFFFFFFFFFF75
:20CBE000FFFFFFFFFFFFFFFFFFFFFFFFFFFFFFFFFFFFFFFFFFFFFFFFFFFFFFFFFFFFFFFF55
:20CC0000FFFFFFFFFFFFFFFFFFFFFFFFFFFFFFFFFFFFFFFFFFFFFFFFFFFFFFFFFFFFFFFF34
:20CC2000FFFFFFFFFFFFFFFFFFFFFFFFFFFFFFFFFFFFFFFFFFFFFFFFFFFFFFFFFFFFFFFF14
:20CC4000FFFFFFFFFFFFFFFFFFFFFFFFFFFFFFFFFFFFFFFFFFFFFFFFFFFFFFFFFFFFFFFFF4
:20CC6000FFFFFFFFFFFFFFFFFFFFFFFFFFFFFFFFFFFFFFFFFFFFFFFFFFFFFFFFFFFFFFFFD4
:20CC8000FFFFFFFFFFFFFFFFFFFFFFFFFFFFFFFFFFFFFFFFFFFFFFFFFFFFFFFFFFFFFFFFB4
:20CCA000FFFFFFFFFFFFFFFFFFFFFFFFFFFFFFFFFFFFFFFFFFFFFFFFFFFFFFFFFFFFFFFF94
:20CCC000FFFFFFFFFFFFFFFFFFFFFFFFFFFFFFFFFFFFFFFFFFFFFFFFFFFFFFFFFFFFFFFF74
:20CCE000FFFFFFFFFFFFFFFFFFFFFFFFFFFFFFFFFFFFFFFFFFFFFFFFFFFFFFFFFFFFFFFF54
:20CD0000FFFFFFFFFFFFFFFFFFFFFFFFFFFFFFFFFFFFFFFFFFFFFFFFFFFFFFFFFFFFFFFF33
:20CD2000FFFFFFFFFFFFFFFFFFFFFFFFFFFFFFFFFFFFFFFFFFFFFFFFFFFFFFFFFFFFFFFF13
:20CD4000FFFFFFFFFFFFFFFFFFFFFFFFFFFFFFFFFFFFFFFFFFFFFFFFFFFFFFFFFFFFFFFFF3
:20CD6000FFFFFFFFFFFFFFFFFFFFFFFFFFFFFFFFFFFFFFFFFFFFFFFFFFFFFFFFFFFFFFFFD3
:20CD8000FFFFFFFFFFFFFFFFFFFFFFFFFFFFFFFFFFFFFFFFFFFFFFFFFFFFFFFFFFFFFFFFB3
:20CDA000FFFFFFFFFFFFFFFFFFFFFFFFFFFFFFFFFFFFFFFFFFFFFFFFFFFFFFFFFFFFFFFF93
:20CDC000FFFFFFFFFFFFFFFFFFFFFFFFFFFFFFFFFFFFFFFFFFFFFFFFFFFFFFFFFFFFFFFF73
:20CDE000FFFFFFFFFFFFFFFFFFFFFFFFFFFFFFFFFFFFFFFFFFFFFFFFFFFFFFFFFFFFFFFF53
:20CE0000FFFFFFFFFFFFFFFFFFFFFFFFFFFFFFFFFFFFFFFFFFFFFFFFFFFFFFFFFFFFFFFF32
:20CE2000FFFFFFFFFFFFFFFFFFFFFFFFFFFFFFFFFFFFFFFFFFFFFFFFFFFFFFFFFFFFFFFF12
:20CE4000FFFFFFFFFFFFFFFFFFFFFFFFFFFFFFFFFFFFFFFFFFFFFFFFFFFFFFFFFFFFFFFFF2
:20CE6000FFFFFFFFFFFFFFFFFFFFFFFFFFFFFFFFFFFFFFFFFFFFFFFFFFFFFFFFFFFFFFFFD2
:20CE8000FFFFFFFFFFFFFFFFFFFFFFFFFFFFFFFFFFFFFFFFFFFFFFFFFFFFFFFFFFFFFFFFB2
:20CEA000FFFFFFFFFFFFFFFFFFFFFFFFFFFFFFFFFFFFFFFFFFFFFFFFFFFFFFFFFFFFFFFF92
:20CEC000FFFFFFFFFFFFFFFFFFFFFFFFFFFFFFFFFFFFFFFFFFFFFFFFFFFFFFFFFFFFFFFF72
:20CEE000FFFFFFFFFFFFFFFFFFFFFFFFFFFFFFFFFFFFFFFFFFFFFFFFFFFFFFFFFFFFFFFF52
:20CF0000FFFFFFFFFFFFFFFFFFFFFFFFFFFFFFFFFFFFFFFFFFFFFFFFFFFFFFFFFFFFFFFF31
:20CF2000FFFFFFFFFFFFFFFFFFFFFFFFFFFFFFFFFFFFFFFFFFFFFFFFFFFFFFFFFFFFFFFF11
:20CF4000FFFFFFFFFFFFFFFFFFFFFFFFFFFFFFFFFFFFFFFFFFFFFFFFFFFFFFFFFFFFFFFFF1
:20CF6000FFFFFFFFFFFFFFFFFFFFFFFFFFFFFFFFFFFFFFFFFFFFFFFFFFFFFFFFFFFFFFFFD1
:20CF8000FFFFFFFFFFFFFFFFFFFFFFFFFFFFFFFFFFFFFFFFFFFFFFFFFFFFFFFFFFFFFFFFB1
:20CFA000FFFFFFFFFFFFFFFFFFFFFFFFFFFFFFFFFFFFFFFFFFFFFFFFFFFFFFFFFFFFFFFF91
:20CFC000FFFFFFFFFFFFFFFFFFFFFFFFFFFFFFFFFFFFFFFFFFFFFFFFFFFFFFFFFFFFFFFF71
:20CFE000FFFFFFFFFFFFFFFFFFFFFFFFFFFFFFFFFFFFFFFFFFFFFFFFFFFFFFFFFFFFFFFF51
:20D00000FFFFFFFFFFFFFFFFFFFFFFFFFFFFFFFFFFFFFFFFFFFFFFFFFFFFFFFFFFFFFFFF30
:20D02000FFFFFFFFFFFFFFFFFFFFFFFFFFFFFFFFFFFFFFFFFFFFFFFFFFFFFFFFFFFFFFFF10
:20D04000FFFFFFFFFFFFFFFFFFFFFFFFFFFFFFFFFFFFFFFFFFFFFFFFFFFFFFFFFFFFFFFFF0
:20D06000FFFFFFFFFFFFFFFFFFFFFFFFFFFFFFFFFFFFFFFFFFFFFFFFFFFFFFFFFFFFFFFFD0
:20D08000FFFFFFFFFFFFFFFFFFFFFFFFFFFFFFFFFFFFFFFFFFFFFFFFFFFFFFFFFFFFFFFFB0
:20D0A000FFFFFFFFFFFFFFFFFFFFFFFFFFFFFFFFFFFFFFFFFFFFFFFFFFFFFFFFFFFFFFFF90
:20D0C000FFFFFFFFFFFFFFFFFFFFFFFFFFFFFFFFFFFFFFFFFFFFFFFFFFFFFFFFFFFFFFFF70
:20D0E000FFFFFFFFFFFFFFFFFFFFFFFFFFFFFFFFFFFFFFFFFFFFFFFFFFFFFFFFFFFFFFFF50
:20D10000FFFFFFFFFFFFFFFFFFFFFFFFFFFFFFFFFFFFFFFFFFFFFFFFFFFFFFFFFFFFFFFF2F
:20D12000FFFFFFFFFFFFFFFFFFFFFFFFFFFFFFFFFFFFFFFFFFFFFFFFFFFFFFFFFFFFFFFF0F
:20D14000FFFFFFFFFFFFFFFFFFFFFFFFFFFFFFFFFFFFFFFFFFFFFFFFFFFFFFFFFFFFFFFFEF
:20D16000FFFFFFFFFFFFFFFFFFFFFFFFFFFFFFFFFFFFFFFFFFFFFFFFFFFFFFFFFFFFFFFFCF
:20D18000FFFFFFFFFFFFFFFFFFFFFFFFFFFFFFFFFFFFFFFFFFFFFFFFFFFFFFFFFFFFFFFFAF
:20D1A000FFFFFFFFFFFFFFFFFFFFFFFFFFFFFFFFFFFFFFFFFFFFFFFFFFFFFFFFFFFFFFFF8F
:20D1C000FFFFFFFFFFFFFFFFFFFFFFFFFFFFFFFFFFFFFFFFFFFFFFFFFFFFFFFFFFFFFFFF6F
:20D1E000FFFFFFFFFFFFFFFFFFFFFFFFFFFFFFFFFFFFFFFFFFFFFFFFFFFFFFFFFFFFFFFF4F
:20D20000FFFFFFFFFFFFFFFFFFFFFFFFFFFFFFFFFFFFFFFFFFFFFFFFFFFFFFFFFFFFFFFF2E
:20D22000FFFFFFFFFFFFFFFFFFFFFFFFFFFFFFFFFFFFFFFFFFFFFFFFFFFFFFFFFFFFFFFF0E
:20D24000FFFFFFFFFFFFFFFFFFFFFFFFFFFFFFFFFFFFFFFFFFFFFFFFFFFFFFFFFFFFFFFFEE
:20D26000FFFFFFFFFFFFFFFFFFFFFFFFFFFFFFFFFFFFFFFFFFFFFFFFFFFFFFFFFFFFFFFFCE
:20D28000FFFFFFFFFFFFFFFFFFFFFFFFFFFFFFFFFFFFFFFFFFFFFFFFFFFFFFFFFFFFFFFFAE
:20D2A000FFFFFFFFFFFFFFFFFFFFFFFFFFFFFFFFFFFFFFFFFFFFFFFFFFFFFFFFFFFFFFFF8E
:20D2C000FFFFFFFFFFFFFFFFFFFFFFFFFFFFFFFFFFFFFFFFFFFFFFFFFFFFFFFFFFFFFFFF6E
:20D2E000FFFFFFFFFFFFFFFFFFFFFFFFFFFFFFFFFFFFFFFFFFFFFFFFFFFFFFFFFFFFFFFF4E
:20D30000FFFFFFFFFFFFFFFFFFFFFFFFFFFFFFFFFFFFFFFFFFFFFFFFFFFFFFFFFFFFFFFF2D
:20D32000FFFFFFFFFFFFFFFFFFFFFFFFFFFFFFFFFFFFFFFFFFFFFFFFFFFFFFFFFFFFFFFF0D
:20D34000FFFFFFFFFFFFFFFFFFFFFFFFFFFFFFFFFFFFFFFFFFFFFFFFFFFFFFFFFFFFFFFFED
:20D36000FFFFFFFFFFFFFFFFFFFFFFFFFFFFFFFFFFFFFFFFFFFFFFFFFFFFFFFFFFFFFFFFCD
:20D38000FFFFFFFFFFFFFFFFFFFFFFFFFFFFFFFFFFFFFFFFFFFFFFFFFFFFFFFFFFFFFFFFAD
:20D3A000FFFFFFFFFFFFFFFFFFFFFFFFFFFFFFFFFFFFFFFFFFFFFFFFFFFFFFFFFFFFFFFF8D
:20D3C000FFFFFFFFFFFFFFFFFFFFFFFFFFFFFFFFFFFFFFFFFFFFFFFFFFFFFFFFFFFFFFFF6D
:20D3E000FFFFFFFFFFFFFFFFFFFFFFFFFFFFFFFFFFFFFFFFFFFFFFFFFFFFFFFFFFFFFFFF4D
:20D40000FFFFFFFFFFFFFFFFFFFFFFFFFFFFFFFFFFFFFFFFFFFFFFFFFFFFFFFFFFFFFFFF2C
:20D42000FFFFFFFFFFFFFFFFFFFFFFFFFFFFFFFFFFFFFFFFFFFFFFFFFFFFFFFFFFFFFFFF0C
:20D44000FFFFFFFFFFFFFFFFFFFFFFFFFFFFFFFFFFFFFFFFFFFFFFFFFFFFFFFFFFFFFFFFEC
:20D46000FFFFFFFFFFFFFFFFFFFFFFFFFFFFFFFFFFFFFFFFFFFFFFFFFFFFFFFFFFFFFFFFCC
:20D48000FFFFFFFFFFFFFFFFFFFFFFFFFFFFFFFFFFFFFFFFFFFFFFFFFFFFFFFFFFFFFFFFAC
:20D4A000FFFFFFFFFFFFFFFFFFFFFFFFFFFFFFFFFFFFFFFFFFFFFFFFFFFFFFFFFFFFFFFF8C
:20D4C000FFFFFFFFFFFFFFFFFFFFFFFFFFFFFFFFFFFFFFFFFFFFFFFFFFFFFFFFFFFFFFFF6C
:20D4E000FFFFFFFFFFFFFFFFFFFFFFFFFFFFFFFFFFFFFFFFFFFFFFFFFFFFFFFFFFFFFFFF4C
:20D50000FFFFFFFFFFFFFFFFFFFFFFFFFFFFFFFFFFFFFFFFFFFFFFFFFFFFFFFFFFFFFFFF2B
:20D52000FFFFFFFFFFFFFFFFFFFFFFFFFFFFFFFFFFFFFFFFFFFFFFFFFFFFFFFFFFFFFFFF0B
:20D54000FFFFFFFFFFFFFFFFFFFFFFFFFFFFFFFFFFFFFFFFFFFFFFFFFFFFFFFFFFFFFFFFEB
:20D56000FFFFFFFFFFFFFFFFFFFFFFFFFFFFFFFFFFFFFFFFFFFFFFFFFFFFFFFFFFFFFFFFCB
:20D58000FFFFFFFFFFFFFFFFFFFFFFFFFFFFFFFFFFFFFFFFFFFFFFFFFFFFFFFFFFFFFFFFAB
:20D5A000FFFFFFFFFFFFFFFFFFFFFFFFFFFFFFFFFFFFFFFFFFFFFFFFFFFFFFFFFFFFFFFF8B
:20D5C000FFFFFFFFFFFFFFFFFFFFFFFFFFFFFFFFFFFFFFFFFFFFFFFFFFFFFFFFFFFFFFFF6B
:20D5E000FFFFFFFFFFFFFFFFFFFFFFFFFFFFFFFFFFFFFFFFFFFFFFFFFFFFFFFFFFFFFFFF4B
:20D60000FFFFFFFFFFFFFFFFFFFFFFFFFFFFFFFFFFFFFFFFFFFFFFFFFFFFFFFFFFFFFFFF2A
:20D62000FFFFFFFFFFFFFFFFFFFFFFFFFFFFFFFFFFFFFFFFFFFFFFFFFFFFFFFFFFFFFFFF0A
:20D64000FFFFFFFFFFFFFFFFFFFFFFFFFFFFFFFFFFFFFFFFFFFFFFFFFFFFFFFFFFFFFFFFEA
:20D66000FFFFFFFFFFFFFFFFFFFFFFFFFFFFFFFFFFFFFFFFFFFFFFFFFFFFFFFFFFFFFFFFCA
:20D68000FFFFFFFFFFFFFFFFFFFFFFFFFFFFFFFFFFFFFFFFFFFFFFFFFFFFFFFFFFFFFFFFAA
:20D6A000FFFFFFFFFFFFFFFFFFFFFFFFFFFFFFFFFFFFFFFFFFFFFFFFFFFFFFFFFFFFFFFF8A
:20D6C000FFFFFFFFFFFFFFFFFFFFFFFFFFFFFFFFFFFFFFFFFFFFFFFFFFFFFFFFFFFFFFFF6A
:20D6E000FFFFFFFFFFFFFFFFFFFFFFFFFFFFFFFFFFFFFFFFFFFFFFFFFFFFFFFFFFFFFFFF4A
:20D70000FFFFFFFFFFFFFFFFFFFFFFFFFFFFFFFFFFFFFFFFFFFFFFFFFFFFFFFFFFFFFFFF29
:20D72000FFFFFFFFFFFFFFFFFFFFFFFFFFFFFFFFFFFFFFFFFFFFFFFFFFFFFFFFFFFFFFFF09
:20D74000FFFFFFFFFFFFFFFFFFFFFFFFFFFFFFFFFFFFFFFFFFFFFFFFFFFFFFFFFFFFFFFFE9
:20D76000FFFFFFFFFFFFFFFFFFFFFFFFFFFFFFFFFFFFFFFFFFFFFFFFFFFFFFFFFFFFFFFFC9
:20D78000FFFFFFFFFFFFFFFFFFFFFFFFFFFFFFFFFFFFFFFFFFFFFFFFFFFFFFFFFFFFFFFFA9
:20D7A000FFFFFFFFFFFFFFFFFFFFFFFFFFFFFFFFFFFFFFFFFFFFFFFFFFFFFFFFFFFFFFFF89
:20D7C000FFFFFFFFFFFFFFFFFFFFFFFFFFFFFFFFFFFFFFFFFFFFFFFFFFFFFFFFFFFFFFFF69
:20D7E000FFFFFFFFFFFFFFFFFFFFFFFFFFFFFFFFFFFFFFFFFFFFFFFFFFFFFFFFFFFFFFFF49
:20D80000FFFFFFFFFFFFFFFFFFFFFFFFFFFFFFFFFFFFFFFFFFFFFFFFFFFFFFFFFFFFFFFF28
:20D82000FFFFFFFFFFFFFFFFFFFFFFFFFFFFFFFFFFFFFFFFFFFFFFFFFFFFFFFFFFFFFFFF08
:20D84000FFFFFFFFFFFFFFFFFFFFFFFFFFFFFFFFFFFFFFFFFFFFFFFFFFFFFFFFFFFFFFFFE8
:20D86000FFFFFFFFFFFFFFFFFFFFFFFFFFFFFFFFFFFFFFFFFFFFFFFFFFFFFFFFFFFFFFFFC8
:20D88000FFFFFFFFFFFFFFFFFFFFFFFFFFFFFFFFFFFFFFFFFFFFFFFFFFFFFFFFFFFFFFFFA8
:20D8A000FFFFFFFFFFFFFFFFFFFFFFFFFFFFFFFFFFFFFFFFFFFFFFFFFFFFFFFFFFFFFFFF88
:20D8C000FFFFFFFFFFFFFFFFFFFFFFFFFFFFFFFFFFFFFFFFFFFFFFFFFFFFFFFFFFFFFFFF68
:20D8E000FFFFFFFFFFFFFFFFFFFFFFFFFFFFFFFFFFFFFFFFFFFFFFFFFFFFFFFFFFFFFFFF48
:20D90000FFFFFFFFFFFFFFFFFFFFFFFFFFFFFFFFFFFFFFFFFFFFFFFFFFFFFFFFFFFFFFFF27
:20D92000FFFFFFFFFFFFFFFFFFFFFFFFFFFFFFFFFFFFFFFFFFFFFFFFFFFFFFFFFFFFFFFF07
:20D94000FFFFFFFFFFFFFFFFFFFFFFFFFFFFFFFFFFFFFFFFFFFFFFFFFFFFFFFFFFFFFFFFE7
:20D96000FFFFFFFFFFFFFFFFFFFFFFFFFFFFFFFFFFFFFFFFFFFFFFFFFFFFFFFFFFFFFFFFC7
:20D98000FFFFFFFFFFFFFFFFFFFFFFFFFFFFFFFFFFFFFFFFFFFFFFFFFFFFFFFFFFFFFFFFA7
:20D9A000FFFFFFFFFFFFFFFFFFFFFFFFFFFFFFFFFFFFFFFFFFFFFFFFFFFFFFFFFFFFFFFF87
:20D9C000FFFFFFFFFFFFFFFFFFFFFFFFFFFFFFFFFFFFFFFFFFFFFFFFFFFFFFFFFFFFFFFF67
:20D9E000FFFFFFFFFFFFFFFFFFFFFFFFFFFFFFFFFFFFFFFFFFFFFFFFFFFFFFFFFFFFFFFF47
:20DA0000FFFFFFFFFFFFFFFFFFFFFFFFFFFFFFFFFFFFFFFFFFFFFFFFFFFFFFFFFFFFFFFF26
:20DA2000FFFFFFFFFFFFFFFFFFFFFFFFFFFFFFFFFFFFFFFFFFFFFFFFFFFFFFFFFFFFFFFF06
:20DA4000FFFFFFFFFFFFFFFFFFFFFFFFFFFFFFFFFFFFFFFFFFFFFFFFFFFFFFFFFFFFFFFFE6
:20DA6000FFFFFFFFFFFFFFFFFFFFFFFFFFFFFFFFFFFFFFFFFFFFFFFFFFFFFFFFFFFFFFFFC6
:20DA8000FFFFFFFFFFFFFFFFFFFFFFFFFFFFFFFFFFFFFFFFFFFFFFFFFFFFFFFFFFFFFFFFA6
:20DAA000FFFFFFFFFFFFFFFFFFFFFFFFFFFFFFFFFFFFFFFFFFFFFFFFFFFFFFFFFFFFFFFF86
:20DAC000FFFFFFFFFFFFFFFFFFFFFFFFFFFFFFFFFFFFFFFFFFFFFFFFFFFFFFFFFFFFFFFF66
:20DAE000FFFFFFFFFFFFFFFFFFFFFFFFFFFFFFFFFFFFFFFFFFFFFFFFFFFFFFFFFFFFFFFF46
:20DB0000FFFFFFFFFFFFFFFFFFFFFFFFFFFFFFFFFFFFFFFFFFFFFFFFFFFFFFFFFFFFFFFF25
:20DB2000FFFFFFFFFFFFFFFFFFFFFFFFFFFFFFFFFFFFFFFFFFFFFFFFFFFFFFFFFFFFFFFF05
:20DB4000FFFFFFFFFFFFFFFFFFFFFFFFFFFFFFFFFFFFFFFFFFFFFFFFFFFFFFFFFFFFFFFFE5
:20DB6000FFFFFFFFFFFFFFFFFFFFFFFFFFFFFFFFFFFFFFFFFFFFFFFFFFFFFFFFFFFFFFFFC5
:20DB8000FFFFFFFFFFFFFFFFFFFFFFFFFFFFFFFFFFFFFFFFFFFFFFFFFFFFFFFFFFFFFFFFA5
:20DBA000FFFFFFFFFFFFFFFFFFFFFFFFFFFFFFFFFFFFFFFFFFFFFFFFFFFFFFFFFFFFFFFF85
:20DBC000FFFFFFFFFFFFFFFFFFFFFFFFFFFFFFFFFFFFFFFFFFFFFFFFFFFFFFFFFFFFFFFF65
:20DBE000FFFFFFFFFFFFFFFFFFFFFFFFFFFFFFFFFFFFFFFFFFFFFFFFFFFFFFFFFFFFFFFF45
:20DC0000FFFFFFFFFFFFFFFFFFFFFFFFFFFFFFFFFFFFFFFFFFFFFFFFFFFFFFFFFFFFFFFF24
:20DC2000FFFFFFFFFFFFFFFFFFFFFFFFFFFFFFFFFFFFFFFFFFFFFFFFFFFFFFFFFFFFFFFF04
:20DC4000FFFFFFFFFFFFFFFFFFFFFFFFFFFFFFFFFFFFFFFFFFFFFFFFFFFFFFFFFFFFFFFFE4
:20DC6000FFFFFFFFFFFFFFFFFFFFFFFFFFFFFFFFFFFFFFFFFFFFFFFFFFFFFFFFFFFFFFFFC4
:20DC8000FFFFFFFFFFFFFFFFFFFFFFFFFFFFFFFFFFFFFFFFFFFFFFFFFFFFFFFFFFFFFFFFA4
:20DCA000FFFFFFFFFFFFFFFFFFFFFFFFFFFFFFFFFFFFFFFFFFFFFFFFFFFFFFFFFFFFFFFF84
:20DCC000FFFFFFFFFFFFFFFFFFFFFFFFFFFFFFFFFFFFFFFFFFFFFFFFFFFFFFFFFFFFFFFF64
:20DCE000FFFFFFFFFFFFFFFFFFFFFFFFFFFFFFFFFFFFFFFFFFFFFFFFFFFFFFFFFFFFFFFF44
:20DD0000FFFFFFFFFFFFFFFFFFFFFFFFFFFFFFFFFFFFFFFFFFFFFFFFFFFFFFFFFFFFFFFF23
:20DD2000FFFFFFFFFFFFFFFFFFFFFFFFFFFFFFFFFFFFFFFFFFFFFFFFFFFFFFFFFFFFFFFF03
:20DD4000FFFFFFFFFFFFFFFFFFFFFFFFFFFFFFFFFFFFFFFFFFFFFFFFFFFFFFFFFFFFFFFFE3
:20DD6000FFFFFFFFFFFFFFFFFFFFFFFFFFFFFFFFFFFFFFFFFFFFFFFFFFFFFFFFFFFFFFFFC3
:20DD8000FFFFFFFFFFFFFFFFFFFFFFFFFFFFFFFFFFFFFFFFFFFFFFFFFFFFFFFFFFFFFFFFA3
:20DDA000FFFFFFFFFFFFFFFFFFFFFFFFFFFFFFFFFFFFFFFFFFFFFFFFFFFFFFFFFFFFFFFF83
:20DDC000FFFFFFFFFFFFFFFFFFFFFFFFFFFFFFFFFFFFFFFFFFFFFFFFFFFFFFFFFFFFFFFF63
:20DDE000FFFFFFFFFFFFFFFFFFFFFFFFFFFFFFFFFFFFFFFFFFFFFFFFFFFFFFFFFFFFFFFF43
:20DE0000FFFFFFFFFFFFFFFFFFFFFFFFFFFFFFFFFFFFFFFFFFFFFFFFFFFFFFFFFFFFFFFF22
:20DE2000FFFFFFFFFFFFFFFFFFFFFFFFFFFFFFFFFFFFFFFFFFFFFFFFFFFFFFFFFFFFFFFF02
:20DE4000FFFFFFFFFFFFFFFFFFFFFFFFFFFFFFFFFFFFFFFFFFFFFFFFFFFFFFFFFFFFFFFFE2
:20DE6000FFFFFFFFFFFFFFFFFFFFFFFFFFFFFFFFFFFFFFFFFFFFFFFFFFFFFFFFFFFFFFFFC2
:20DE8000FFFFFFFFFFFFFFFFFFFFFFFFFFFFFFFFFFFFFFFFFFFFFFFFFFFFFFFFFFFFFFFFA2
:20DEA000FFFFFFFFFFFFFFFFFFFFFFFFFFFFFFFFFFFFFFFFFFFFFFFFFFFFFFFFFFFFFFFF82
:20DEC000FFFFFFFFFFFFFFFFFFFFFFFFFFFFFFFFFFFFFFFFFFFFFFFFFFFFFFFFFFFFFFFF62
:20DEE000FFFFFFFFFFFFFFFFFFFFFFFFFFFFFFFFFFFFFFFFFFFFFFFFFFFFFFFFFFFFFFFF42
:20DF0000FFFFFFFFFFFFFFFFFFFFFFFFFFFFFFFFFFFFFFFFFFFFFFFFFFFFFFFFFFFFFFFF21
:20DF2000FFFFFFFFFFFFFFFFFFFFFFFFFFFFFFFFFFFFFFFFFFFFFFFFFFFFFFFFFFFFFFFF01
:20DF4000FFFFFFFFFFFFFFFFFFFFFFFFFFFFFFFFFFFFFFFFFFFFFFFFFFFFFFFFFFFFFFFFE1
:20DF6000FFFFFFFFFFFFFFFFFFFFFFFFFFFFFFFFFFFFFFFFFFFFFFFFFFFFFFFFFFFFFFFFC1
:20DF8000FFFFFFFFFFFFFFFFFFFFFFFFFFFFFFFFFFFFFFFFFFFFFFFFFFFFFFFFFFFFFFFFA1
:20DFA000FFFFFFFFFFFFFFFFFFFFFFFFFFFFFFFFFFFFFFFFFFFFFFFFFFFFFFFFFFFFFFFF81
:20DFC000FFFFFFFFFFFFFFFFFFFFFFFFFFFFFFFFFFFFFFFFFFFFFFFFFFFFFFFFFFFFFFFF61
:20DFE000FFFFFFFFFFFFFFFFFFFFFFFFFFFFFFFFFFFFFFFFFFFFFFFFFFFFFFFFFFFFFFFF41
:20E00000FFFFFFFFFFFFFFFFFFFFFFFFFFFFFFFFFFFFFFFFFFFFFFFFFFFFFFFFFFFFFFFF20
:20E02000FFFFFFFFFFFFFFFFFFFFFFFFFFFFFFFFFFFFFFFFFFFFFFFFFFFFFFFFFFFFFFFF00
:20E04000FFFFFFFFFFFFFFFFFFFFFFFFFFFFFFFFFFFFFFFFFFFFFFFFFFFFFFFFFFFFFFFFE0
:20E06000FFFFFFFFFFFFFFFFFFFFFFFFFFFFFFFFFFFFFFFFFFFFFFFFFFFFFFFFFFFFFFFFC0
:20E08000FFFFFFFFFFFFFFFFFFFFFFFFFFFFFFFFFFFFFFFFFFFFFFFFFFFFFFFFFFFFFFFFA0
:20E0A000FFFFFFFFFFFFFFFFFFFFFFFFFFFFFFFFFFFFFFFFFFFFFFFFFFFFFFFFFFFFFFFF80
:20E0C000FFFFFFFFFFFFFFFFFFFFFFFFFFFFFFFFFFFFFFFFFFFFFFFFFFFFFFFFFFFFFFFF60
:20E0E000FFFFFFFFFFFFFFFFFFFFFFFFFFFFFFFFFFFFFFFFFFFFFFFFFFFFFFFFFFFFFFFF40
:20E10000FFFFFFFFFFFFFFFFFFFFFFFFFFFFFFFFFFFFFFFFFFFFFFFFFFFFFFFFFFFFFFFF1F
:20E12000FFFFFFFFFFFFFFFFFFFFFFFFFFFFFFFFFFFFFFFFFFFFFFFFFFFFFFFFFFFFFFFFFF
:20E14000FFFFFFFFFFFFFFFFFFFFFFFFFFFFFFFFFFFFFFFFFFFFFFFFFFFFFFFFFFFFFFFFDF
:20E16000FFFFFFFFFFFFFFFFFFFFFFFFFFFFFFFFFFFFFFFFFFFFFFFFFFFFFFFFFFFFFFFFBF
:20E18000FFFFFFFFFFFFFFFFFFFFFFFFFFFFFFFFFFFFFFFFFFFFFFFFFFFFFFFFFFFFFFFF9F
:20E1A000FFFFFFFFFFFFFFFFFFFFFFFFFFFFFFFFFFFFFFFFFFFFFFFFFFFFFFFFFFFFFFFF7F
:20E1C000FFFFFFFFFFFFFFFFFFFFFFFFFFFFFFFFFFFFFFFFFFFFFFFFFFFFFFFFFFFFFFFF5F
:20E1E000FFFFFFFFFFFFFFFFFFFFFFFFFFFFFFFFFFFFFFFFFFFFFFFFFFFFFFFFFFFFFFFF3F
:20E20000FFFFFFFFFFFFFFFFFFFFFFFFFFFFFFFFFFFFFFFFFFFFFFFFFFFFFFFFFFFFFFFF1E
:20E22000FFFFFFFFFFFFFFFFFFFFFFFFFFFFFFFFFFFFFFFFFFFFFFFFFFFFFFFFFFFFFFFFFE
:20E24000FFFFFFFFFFFFFFFFFFFFFFFFFFFFFFFFFFFFFFFFFFFFFFFFFFFFFFFFFFFFFFFFDE
:20E26000FFFFFFFFFFFFFFFFFFFFFFFFFFFFFFFFFFFFFFFFFFFFFFFFFFFFFFFFFFFFFFFFBE
:20E28000FFFFFFFFFFFFFFFFFFFFFFFFFFFFFFFFFFFFFFFFFFFFFFFFFFFFFFFFFFFFFFFF9E
:20E2A000FFFFFFFFFFFFFFFFFFFFFFFFFFFFFFFFFFFFFFFFFFFFFFFFFFFFFFFFFFFFFFFF7E
:20E2C000FFFFFFFFFFFFFFFFFFFFFFFFFFFFFFFFFFFFFFFFFFFFFFFFFFFFFFFFFFFFFFFF5E
:20E2E000FFFFFFFFFFFFFFFFFFFFFFFFFFFFFFFFFFFFFFFFFFFFFFFFFFFFFFFFFFFFFFFF3E
:20E30000FFFFFFFFFFFFFFFFFFFFFFFFFFFFFFFFFFFFFFFFFFFFFFFFFFFFFFFFFFFFFFFF1D
:20E32000FFFFFFFFFFFFFFFFFFFFFFFFFFFFFFFFFFFFFFFFFFFFFFFFFFFFFFFFFFFFFFFFFD
:20E34000FFFFFFFFFFFFFFFFFFFFFFFFFFFFFFFFFFFFFFFFFFFFFFFFFFFFFFFFFFFFFFFFDD
:20E36000FFFFFFFFFFFFFFFFFFFFFFFFFFFFFFFFFFFFFFFFFFFFFFFFFFFFFFFFFFFFFFFFBD
:20E38000FFFFFFFFFFFFFFFFFFFFFFFFFFFFFFFFFFFFFFFFFFFFFFFFFFFFFFFFFFFFFFFF9D
:20E3A000FFFFFFFFFFFFFFFFFFFFFFFFFFFFFFFFFFFFFFFFFFFFFFFFFFFFFFFFFFFFFFFF7D
:20E3C000FFFFFFFFFFFFFFFFFFFFFFFFFFFFFFFFFFFFFFFFFFFFFFFFFFFFFFFFFFFFFFFF5D
:20E3E000FFFFFFFFFFFFFFFFFFFFFFFFFFFFFFFFFFFFFFFFFFFFFFFFFFFFFFFFFFFFFFFF3D
:20E40000FFFFFFFFFFFFFFFFFFFFFFFFFFFFFFFFFFFFFFFFFFFFFFFFFFFFFFFFFFFFFFFF1C
:20E42000FFFFFFFFFFFFFFFFFFFFFFFFFFFFFFFFFFFFFFFFFFFFFFFFFFFFFFFFFFFFFFFFFC
:20E44000FFFFFFFFFFFFFFFFFFFFFFFFFFFFFFFFFFFFFFFFFFFFFFFFFFFFFFFFFFFFFFFFDC
:20E46000FFFFFFFFFFFFFFFFFFFFFFFFFFFFFFFFFFFFFFFFFFFFFFFFFFFFFFFFFFFFFFFFBC
:20E48000FFFFFFFFFFFFFFFFFFFFFFFFFFFFFFFFFFFFFFFFFFFFFFFFFFFFFFFFFFFFFFFF9C
:20E4A000FFFFFFFFFFFFFFFFFFFFFFFFFFFFFFFFFFFFFFFFFFFFFFFFFFFFFFFFFFFFFFFF7C
:20E4C000FFFFFFFFFFFFFFFFFFFFFFFFFFFFFFFFFFFFFFFFFFFFFFFFFFFFFFFFFFFFFFFF5C
:20E4E000FFFFFFFFFFFFFFFFFFFFFFFFFFFFFFFFFFFFFFFFFFFFFFFFFFFFFFFFFFFFFFFF3C
:20E50000FFFFFFFFFFFFFFFFFFFFFFFFFFFFFFFFFFFFFFFFFFFFFFFFFFFFFFFFFFFFFFFF1B
:20E52000FFFFFFFFFFFFFFFFFFFFFFFFFFFFFFFFFFFFFFFFFFFFFFFFFFFFFFFFFFFFFFFFFB
:20E54000FFFFFFFFFFFFFFFFFFFFFFFFFFFFFFFFFFFFFFFFFFFFFFFFFFFFFFFFFFFFFFFFDB
:20E56000FFFFFFFFFFFFFFFFFFFFFFFFFFFFFFFFFFFFFFFFFFFFFFFFFFFFFFFFFFFFFFFFBB
:20E58000FFFFFFFFFFFFFFFFFFFFFFFFFFFFFFFFFFFFFFFFFFFFFFFFFFFFFFFFFFFFFFFF9B
:20E5A000FFFFFFFFFFFFFFFFFFFFFFFFFFFFFFFFFFFFFFFFFFFFFFFFFFFFFFFFFFFFFFFF7B
:20E5C000FFFFFFFFFFFFFFFFFFFFFFFFFFFFFFFFFFFFFFFFFFFFFFFFFFFFFFFFFFFFFFFF5B
:20E5E000FFFFFFFFFFFFFFFFFFFFFFFFFFFFFFFFFFFFFFFFFFFFFFFFFFFFFFFFFFFFFFFF3B
:20E60000FFFFFFFFFFFFFFFFFFFFFFFFFFFFFFFFFFFFFFFFFFFFFFFFFFFFFFFFFFFFFFFF1A
:20E62000FFFFFFFFFFFFFFFFFFFFFFFFFFFFFFFFFFFFFFFFFFFFFFFFFFFFFFFFFFFFFFFFFA
:20E64000FFFFFFFFFFFFFFFFFFFFFFFFFFFFFFFFFFFFFFFFFFFFFFFFFFFFFFFFFFFFFFFFDA
:20E66000FFFFFFFFFFFFFFFFFFFFFFFFFFFFFFFFFFFFFFFFFFFFFFFFFFFFFFFFFFFFFFFFBA
:20E68000FFFFFFFFFFFFFFFFFFFFFFFFFFFFFFFFFFFFFFFFFFFFFFFFFFFFFFFFFFFFFFFF9A
:20E6A000FFFFFFFFFFFFFFFFFFFFFFFFFFFFFFFFFFFFFFFFFFFFFFFFFFFFFFFFFFFFFFFF7A
:20E6C000FFFFFFFFFFFFFFFFFFFFFFFFFFFFFFFFFFFFFFFFFFFFFFFFFFFFFFFFFFFFFFFF5A
:20E6E000FFFFFFFFFFFFFFFFFFFFFFFFFFFFFFFFFFFFFFFFFFFFFFFFFFFFFFFFFFFFFFFF3A
:20E70000FFFFFFFFFFFFFFFFFFFFFFFFFFFFFFFFFFFFFFFFFFFFFFFFFFFFFFFFFFFFFFFF19
:20E72000FFFFFFFFFFFFFFFFFFFFFFFFFFFFFFFFFFFFFFFFFFFFFFFFFFFFFFFFFFFFFFFFF9
:20E74000FFFFFFFFFFFFFFFFFFFFFFFFFFFFFFFFFFFFFFFFFFFFFFFFFFFFFFFFFFFFFFFFD9
:20E76000FFFFFFFFFFFFFFFFFFFFFFFFFFFFFFFFFFFFFFFFFFFFFFFFFFFFFFFFFFFFFFFFB9
:20E78000FFFFFFFFFFFFFFFFFFFFFFFFFFFFFFFFFFFFFFFFFFFFFFFFFFFFFFFFFFFFFFFF99
:20E7A000FFFFFFFFFFFFFFFFFFFFFFFFFFFFFFFFFFFFFFFFFFFFFFFFFFFFFFFFFFFFFFFF79
:20E7C000FFFFFFFFFFFFFFFFFFFFFFFFFFFFFFFFFFFFFFFFFFFFFFFFFFFFFFFFFFFFFFFF59
:20E7E000FFFFFFFFFFFFFFFFFFFFFFFFFFFFFFFFFFFFFFFFFFFFFFFFFFFFFFFFFFFFFFFF39
:20E80000FFFFFFFFFFFFFFFFFFFFFFFFFFFFFFFFFFFFFFFFFFFFFFFFFFFFFFFFFFFFFFFF18
:20E82000FFFFFFFFFFFFFFFFFFFFFFFFFFFFFFFFFFFFFFFFFFFFFFFFFFFFFFFFFFFFFFFFF8
:20E84000FFFFFFFFFFFFFFFFFFFFFFFFFFFFFFFFFFFFFFFFFFFFFFFFFFFFFFFFFFFFFFFFD8
:20E86000FFFFFFFFFFFFFFFFFFFFFFFFFFFFFFFFFFFFFFFFFFFFFFFFFFFFFFFFFFFFFFFFB8
:20E88000FFFFFFFFFFFFFFFFFFFFFFFFFFFFFFFFFFFFFFFFFFFFFFFFFFFFFFFFFFFFFFFF98
:20E8A000FFFFFFFFFFFFFFFFFFFFFFFFFFFFFFFFFFFFFFFFFFFFFFFFFFFFFFFFFFFFFFFF78
:20E8C000FFFFFFFFFFFFFFFFFFFFFFFFFFFFFFFFFFFFFFFFFFFFFFFFFFFFFFFFFFFFFFFF58
:20E8E000FFFFFFFFFFFFFFFFFFFFFFFFFFFFFFFFFFFFFFFFFFFFFFFFFFFFFFFFFFFFFFFF38
:20E90000FFFFFFFFFFFFFFFFFFFFFFFFFFFFFFFFFFFFFFFFFFFFFFFFFFFFFFFFFFFFFFFF17
:20E92000FFFFFFFFFFFFFFFFFFFFFFFFFFFFFFFFFFFFFFFFFFFFFFFFFFFFFFFFFFFFFFFFF7
:20E94000FFFFFFFFFFFFFFFFFFFFFFFFFFFFFFFFFFFFFFFFFFFFFFFFFFFFFFFFFFFFFFFFD7
:20E96000FFFFFFFFFFFFFFFFFFFFFFFFFFFFFFFFFFFFFFFFFFFFFFFFFFFFFFFFFFFFFFFFB7
:20E98000FFFFFFFFFFFFFFFFFFFFFFFFFFFFFFFFFFFFFFFFFFFFFFFFFFFFFFFFFFFFFFFF97
:20E9A000FFFFFFFFFFFFFFFFFFFFFFFFFFFFFFFFFFFFFFFFFFFFFFFFFFFFFFFFFFFFFFFF77
:20E9C000FFFFFFFFFFFFFFFFFFFFFFFFFFFFFFFFFFFFFFFFFFFFFFFFFFFFFFFFFFFFFFFF57
:20E9E000FFFFFFFFFFFFFFFFFFFFFFFFFFFFFFFFFFFFFFFFFFFFFFFFFFFFFFFFFFFFFFFF37
:20EA0000FFFFFFFFFFFFFFFFFFFFFFFFFFFFFFFFFFFFFFFFFFFFFFFFFFFFFFFFFFFFFFFF16
:20EA2000FFFFFFFFFFFFFFFFFFFFFFFFFFFFFFFFFFFFFFFFFFFFFFFFFFFFFFFFFFFFFFFFF6
:20EA4000FFFFFFFFFFFFFFFFFFFFFFFFFFFFFFFFFFFFFFFFFFFFFFFFFFFFFFFFFFFFFFFFD6
:20EA6000FFFFFFFFFFFFFFFFFFFFFFFFFFFFFFFFFFFFFFFFFFFFFFFFFFFFFFFFFFFFFFFFB6
:20EA8000FFFFFFFFFFFFFFFFFFFFFFFFFFFFFFFFFFFFFFFFFFFFFFFFFFFFFFFFFFFFFFFF96
:20EAA000FFFFFFFFFFFFFFFFFFFFFFFFFFFFFFFFFFFFFFFFFFFFFFFFFFFFFFFFFFFFFFFF76
:20EAC000FFFFFFFFFFFFFFFFFFFFFFFFFFFFFFFFFFFFFFFFFFFFFFFFFFFFFFFFFFFFFFFF56
:20EAE000FFFFFFFFFFFFFFFFFFFFFFFFFFFFFFFFFFFFFFFFFFFFFFFFFFFFFFFFFFFFFFFF36
:20EB0000FFFFFFFFFFFFFFFFFFFFFFFFFFFFFFFFFFFFFFFFFFFFFFFFFFFFFFFFFFFFFFFF15
:20EB2000FFFFFFFFFFFFFFFFFFFFFFFFFFFFFFFFFFFFFFFFFFFFFFFFFFFFFFFFFFFFFFFFF5
:20EB4000FFFFFFFFFFFFFFFFFFFFFFFFFFFFFFFFFFFFFFFFFFFFFFFFFFFFFFFFFFFFFFFFD5
:20EB6000FFFFFFFFFFFFFFFFFFFFFFFFFFFFFFFFFFFFFFFFFFFFFFFFFFFFFFFFFFFFFFFFB5
:20EB8000FFFFFFFFFFFFFFFFFFFFFFFFFFFFFFFFFFFFFFFFFFFFFFFFFFFFFFFFFFFFFFFF95
:20EBA000FFFFFFFFFFFFFFFFFFFFFFFFFFFFFFFFFFFFFFFFFFFFFFFFFFFFFFFFFFFFFFFF75
:20EBC000FFFFFFFFFFFFFFFFFFFFFFFFFFFFFFFFFFFFFFFFFFFFFFFFFFFFFFFFFFFFFFFF55
:20EBE000FFFFFFFFFFFFFFFFFFFFFFFFFFFFFFFFFFFFFFFFFFFFFFFFFFFFFFFFFFFFFFFF35
:20EC0000FFFFFFFFFFFFFFFFFFFFFFFFFFFFFFFFFFFFFFFFFFFFFFFFFFFFFFFFFFFFFFFF14
:20EC2000FFFFFFFFFFFFFFFFFFFFFFFFFFFFFFFFFFFFFFFFFFFFFFFFFFFFFFFFFFFFFFFFF4
:20EC4000FFFFFFFFFFFFFFFFFFFFFFFFFFFFFFFFFFFFFFFFFFFFFFFFFFFFFFFFFFFFFFFFD4
:20EC6000FFFFFFFFFFFFFFFFFFFFFFFFFFFFFFFFFFFFFFFFFFFFFFFFFFFFFFFFFFFFFFFFB4
:20EC8000FFFFFFFFFFFFFFFFFFFFFFFFFFFFFFFFFFFFFFFFFFFFFFFFFFFFFFFFFFFFFFFF94
:20ECA000FFFFFFFFFFFFFFFFFFFFFFFFFFFFFFFFFFFFFFFFFFFFFFFFFFFFFFFFFFFFFFFF74
:20ECC000FFFFFFFFFFFFFFFFFFFFFFFFFFFFFFFFFFFFFFFFFFFFFFFFFFFFFFFFFFFFFFFF54
:20ECE000FFFFFFFFFFFFFFFFFFFFFFFFFFFFFFFFFFFFFFFFFFFFFFFFFFFFFFFFFFFFFFFF34
:20ED0000FFFFFFFFFFFFFFFFFFFFFFFFFFFFFFFFFFFFFFFFFFFFFFFFFFFFFFFFFFFFFFFF13
:20ED2000FFFFFFFFFFFFFFFFFFFFFFFFFFFFFFFFFFFFFFFFFFFFFFFFFFFFFFFFFFFFFFFFF3
:20ED4000FFFFFFFFFFFFFFFFFFFFFFFFFFFFFFFFFFFFFFFFFFFFFFFFFFFFFFFFFFFFFFFFD3
:20ED6000FFFFFFFFFFFFFFFFFFFFFFFFFFFFFFFFFFFFFFFFFFFFFFFFFFFFFFFFFFFFFFFFB3
:20ED8000FFFFFFFFFFFFFFFFFFFFFFFFFFFFFFFFFFFFFFFFFFFFFFFFFFFFFFFFFFFFFFFF93
:20EDA000FFFFFFFFFFFFFFFFFFFFFFFFFFFFFFFFFFFFFFFFFFFFFFFFFFFFFFFFFFFFFFFF73
:20EDC000FFFFFFFFFFFFFFFFFFFFFFFFFFFFFFFFFFFFFFFFFFFFFFFFFFFFFFFFFFFFFFFF53
:20EDE000FFFFFFFFFFFFFFFFFFFFFFFFFFFFFFFFFFFFFFFFFFFFFFFFFFFFFFFFFFFFFFFF33
:20EE0000FFFFFFFFFFFFFFFFFFFFFFFFFFFFFFFFFFFFFFFFFFFFFFFFFFFFFFFFFFFFFFFF12
:20EE2000FFFFFFFFFFFFFFFFFFFFFFFFFFFFFFFFFFFFFFFFFFFFFFFFFFFFFFFFFFFFFFFFF2
:20EE4000FFFFFFFFFFFFFFFFFFFFFFFFFFFFFFFFFFFFFFFFFFFFFFFFFFFFFFFFFFFFFFFFD2
:20EE6000FFFFFFFFFFFFFFFFFFFFFFFFFFFFFFFFFFFFFFFFFFFFFFFFFFFFFFFFFFFFFFFFB2
:20EE8000FFFFFFFFFFFFFFFFFFFFFFFFFFFFFFFFFFFFFFFFFFFFFFFFFFFFFFFFFFFFFFFF92
:20EEA000FFFFFFFFFFFFFFFFFFFFFFFFFFFFFFFFFFFFFFFFFFFFFFFFFFFFFFFFFFFFFFFF72
:20EEC000FFFFFFFFFFFFFFFFFFFFFFFFFFFFFFFFFFFFFFFFFFFFFFFFFFFFFFFFFFFFFFFF52
:20EEE000FFFFFFFFFFFFFFFFFFFFFFFFFFFFFFFFFFFFFFFFFFFFFFFFFFFFFFFFFFFFFFFF32
:20EF0000FFFFFFFFFFFFFFFFFFFFFFFFFFFFFFFFFFFFFFFFFFFFFFFFFFFFFFFFFFFFFFFF11
:20EF2000FFFFFFFFFFFFFFFFFFFFFFFFFFFFFFFFFFFFFFFFFFFFFFFFFFFFFFFFFFFFFFFFF1
:20EF4000FFFFFFFFFFFFFFFFFFFFFFFFFFFFFFFFFFFFFFFFFFFFFFFFFFFFFFFFFFFFFFFFD1
:20EF6000FFFFFFFFFFFFFFFFFFFFFFFFFFFFFFFFFFFFFFFFFFFFFFFFFFFFFFFFFFFFFFFFB1
:20EF8000FFFFFFFFFFFFFFFFFFFFFFFFFFFFFFFFFFFFFFFFFFFFFFFFFFFFFFFFFFFFFFFF91
:20EFA000FFFFFFFFFFFFFFFFFFFFFFFFFFFFFFFFFFFFFFFFFFFFFFFFFFFFFFFFFFFFFFFF71
:20EFC000FFFFFFFFFFFFFFFFFFFFFFFFFFFFFFFFFFFFFFFFFFFFFFFFFFFFFFFFFFFFFFFF51
:20EFE000FFFFFFFFFFFFFFFFFFFFFFFFFFFFFFFFFFFFFFFFFFFFFFFFFFFFFFFFFFFFFFFF31
:20F00000FFFFFFFFFFFFFFFFFFFFFFFFFFFFFFFFFFFFFFFFFFFFFFFFFFFFFFFFFFFFFFFF10
:20F02000FFFFFFFFFFFFFFFFFFFFFFFFFFFFFFFFFFFFFFFFFFFFFFFFFFFFFFFFFFFFFFFFF0
:20F04000FFFFFFFFFFFFFFFFFFFFFFFFFFFFFFFFFFFFFFFFFFFFFFFFFFFFFFFFFFFFFFFFD0
:20F06000FFFFFFFFFFFFFFFFFFFFFFFFFFFFFFFFFFFFFFFFFFFFFFFFFFFFFFFFFFFFFFFFB0
:20F08000FFFFFFFFFFFFFFFFFFFFFFFFFFFFFFFFFFFFFFFFFFFFFFFFFFFFFFFFFFFFFFFF90
:20F0A000FFFFFFFFFFFFFFFFFFFFFFFFFFFFFFFFFFFFFFFFFFFFFFFFFFFFFFFFFFFFFFFF70
:20F0C000FFFFFFFFFFFFFFFFFFFFFFFFFFFFFFFFFFFFFFFFFFFFFFFFFFFFFFFFFFFFFFFF50
:20F0E000FFFFFFFFFFFFFFFFFFFFFFFFFFFFFFFFFFFFFFFFFFFFFFFFFFFFFFFFFFFFFFFF30
:20F10000FFFFFFFFFFFFFFFFFFFFFFFFFFFFFFFFFFFFFFFFFFFFFFFFFFFFFFFFFFFFFFFF0F
:20F12000FFFFFFFFFFFFFFFFFFFFFFFFFFFFFFFFFFFFFFFFFFFFFFFFFFFFFFFFFFFFFFFFEF
:20F14000FFFFFFFFFFFFFFFFFFFFFFFFFFFFFFFFFFFFFFFFFFFFFFFFFFFFFFFFFFFFFFFFCF
:20F16000FFFFFFFFFFFFFFFFFFFFFFFFFFFFFFFFFFFFFFFFFFFFFFFFFFFFFFFFFFFFFFFFAF
:20F18000FFFFFFFFFFFFFFFFFFFFFFFFFFFFFFFFFFFFFFFFFFFFFFFFFFFFFFFFFFFFFFFF8F
:20F1A000FFFFFFFFFFFFFFFFFFFFFFFFFFFFFFFFFFFFFFFFFFFFFFFFFFFFFFFFFFFFFFFF6F
:20F1C000FFFFFFFFFFFFFFFFFFFFFFFFFFFFFFFFFFFFFFFFFFFFFFFFFFFFFFFFFFFFFFFF4F
:20F1E000FFFFFFFFFFFFFFFFFFFFFFFFFFFFFFFFFFFFFFFFFFFFFFFFFFFFFFFFFFFFFFFF2F
:20F20000FFFFFFFFFFFFFFFFFFFFFFFFFFFFFFFFFFFFFFFFFFFFFFFFFFFFFFFFFFFFFFFF0E
:20F22000FFFFFFFFFFFFFFFFFFFFFFFFFFFFFFFFFFFFFFFFFFFFFFFFFFFFFFFFFFFFFFFFEE
:20F24000FFFFFFFFFFFFFFFFFFFFFFFFFFFFFFFFFFFFFFFFFFFFFFFFFFFFFFFFFFFFFFFFCE
:20F26000FFFFFFFFFFFFFFFFFFFFFFFFFFFFFFFFFFFFFFFFFFFFFFFFFFFFFFFFFFFFFFFFAE
:20F28000FFFFFFFFFFFFFFFFFFFFFFFFFFFFFFFFFFFFFFFFFFFFFFFFFFFFFFFFFFFFFFFF8E
:20F2A000FFFFFFFFFFFFFFFFFFFFFFFFFFFFFFFFFFFFFFFFFFFFFFFFFFFFFFFFFFFFFFFF6E
:20F2C000FFFFFFFFFFFFFFFFFFFFFFFFFFFFFFFFFFFFFFFFFFFFFFFFFFFFFFFFFFFFFFFF4E
:20F2E000FFFFFFFFFFFFFFFFFFFFFFFFFFFFFFFFFFFFFFFFFFFFFFFFFFFFFFFFFFFFFFFF2E
:20F30000FFFFFFFFFFFFFFFFFFFFFFFFFFFFFFFFFFFFFFFFFFFFFFFFFFFFFFFFFFFFFFFF0D
:20F32000FFFFFFFFFFFFFFFFFFFFFFFFFFFFFFFFFFFFFFFFFFFFFFFFFFFFFFFFFFFFFFFFED
:20F34000FFFFFFFFFFFFFFFFFFFFFFFFFFFFFFFFFFFFFFFFFFFFFFFFFFFFFFFFFFFFFFFFCD
:20F36000FFFFFFFFFFFFFFFFFFFFFFFFFFFFFFFFFFFFFFFFFFFFFFFFFFFFFFFFFFFFFFFFAD
:20F38000FFFFFFFFFFFFFFFFFFFFFFFFFFFFFFFFFFFFFFFFFFFFFFFFFFFFFFFFFFFFFFFF8D
:20F3A000FFFFFFFFFFFFFFFFFFFFFFFFFFFFFFFFFFFFFFFFFFFFFFFFFFFFFFFFFFFFFFFF6D
:20F3C000FFFFFFFFFFFFFFFFFFFFFFFFFFFFFFFFFFFFFFFFFFFFFFFFFFFFFFFFFFFFFFFF4D
:20F3E000FFFFFFFFFFFFFFFFFFFFFFFFFFFFFFFFFFFFFFFFFFFFFFFFFFFFFFFFFFFFFFFF2D
:20F40000FFFFFFFFFFFFFFFFFFFFFFFFFFFFFFFFFFFFFFFFFFFFFFFFFFFFFFFFFFFFFFFF0C
:20F42000FFFFFFFFFFFFFFFFFFFFFFFFFFFFFFFFFFFFFFFFFFFFFFFFFFFFFFFFFFFFFFFFEC
:20F44000FFFFFFFFFFFFFFFFFFFFFFFFFFFFFFFFFFFFFFFFFFFFFFFFFFFFFFFFFFFFFFFFCC
:20F46000FFFFFFFFFFFFFFFFFFFFFFFFFFFFFFFFFFFFFFFFFFFFFFFFFFFFFFFFFFFFFFFFAC
:20F48000FFFFFFFFFFFFFFFFFFFFFFFFFFFFFFFFFFFFFFFFFFFFFFFFFFFFFFFFFFFFFFFF8C
:20F4A000FFFFFFFFFFFFFFFFFFFFFFFFFFFFFFFFFFFFFFFFFFFFFFFFFFFFFFFFFFFFFFFF6C
:20F4C000FFFFFFFFFFFFFFFFFFFFFFFFFFFFFFFFFFFFFFFFFFFFFFFFFFFFFFFFFFFFFFFF4C
:20F4E000FFFFFFFFFFFFFFFFFFFFFFFFFFFFFFFFFFFFFFFFFFFFFFFFFFFFFFFFFFFFFFFF2C
:20F50000FFFFFFFFFFFFFFFFFFFFFFFFFFFFFFFFFFFFFFFFFFFFFFFFFFFFFFFFFFFFFFFF0B
:20F52000FFFFFFFFFFFFFFFFFFFFFFFFFFFFFFFFFFFFFFFFFFFFFFFFFFFFFFFFFFFFFFFFEB
:20F54000FFFFFFFFFFFFFFFFFFFFFFFFFFFFFFFFFFFFFFFFFFFFFFFFFFFFFFFFFFFFFFFFCB
:20F56000FFFFFFFFFFFFFFFFFFFFFFFFFFFFFFFFFFFFFFFFFFFFFFFFFFFFFFFFFFFFFFFFAB
:20F58000FFFFFFFFFFFFFFFFFFFFFFFFFFFFFFFFFFFFFFFFFFFFFFFFFFFFFFFFFFFFFFFF8B
:20F5A000FFFFFFFFFFFFFFFFFFFFFFFFFFFFFFFFFFFFFFFFFFFFFFFFFFFFFFFFFFFFFFFF6B
:20F5C000FFFFFFFFFFFFFFFFFFFFFFFFFFFFFFFFFFFFFFFFFFFFFFFFFFFFFFFFFFFFFFFF4B
:20F5E000FFFFFFFFFFFFFFFFFFFFFFFFFFFFFFFFFFFFFFFFFFFFFFFFFFFFFFFFFFFFFFFF2B
:20F60000FFFFFFFFFFFFFFFFFFFFFFFFFFFFFFFFFFFFFFFFFFFFFFFFFFFFFFFFFFFFFFFF0A
:20F62000FFFFFFFFFFFFFFFFFFFFFFFFFFFFFFFFFFFFFFFFFFFFFFFFFFFFFFFFFFFFFFFFEA
:20F64000FFFFFFFFFFFFFFFFFFFFFFFFFFFFFFFFFFFFFFFFFFFFFFFFFFFFFFFFFFFFFFFFCA
:20F66000FFFFFFFFFFFFFFFFFFFFFFFFFFFFFFFFFFFFFFFFFFFFFFFFFFFFFFFFFFFFFFFFAA
:20F68000FFFFFFFFFFFFFFFFFFFFFFFFFFFFFFFFFFFFFFFFFFFFFFFFFFFFFFFFFFFFFFFF8A
:20F6A000FFFFFFFFFFFFFFFFFFFFFFFFFFFFFFFFFFFFFFFFFFFFFFFFFFFFFFFFFFFFFFFF6A
:20F6C000FFFFFFFFFFFFFFFFFFFFFFFFFFFFFFFFFFFFFFFFFFFFFFFFFFFFFFFFFFFFFFFF4A
:20F6E000FFFFFFFFFFFFFFFFFFFFFFFFFFFFFFFFFFFFFFFFFFFFFFFFFFFFFFFFFFFFFFFF2A
:20F70000FFFFFFFFFFFFFFFFFFFFFFFFFFFFFFFFFFFFFFFFFFFFFFFFFFFFFFFFFFFFFFFF09
:20F72000FFFFFFFFFFFFFFFFFFFFFFFFFFFFFFFFFFFFFFFFFFFFFFFFFFFFFFFFFFFFFFFFE9
:20F74000FFFFFFFFFFFFFFFFFFFFFFFFFFFFFFFFFFFFFFFFFFFFFFFFFFFFFFFFFFFFFFFFC9
:20F76000FFFFFFFFFFFFFFFFFFFFFFFFFFFFFFFFFFFFFFFFFFFFFFFFFFFFFFFFFFFFFFFFA9
:20F78000FFFFFFFFFFFFFFFFFFFFFFFFFFFFFFFFFFFFFFFFFFFFFFFFFFFFFFFFFFFFFFFF89
:20F7A000FFFFFFFFFFFFFFFFFFFFFFFFFFFFFFFFFFFFFFFFFFFFFFFFFFFFFFFFFFFFFFFF69
:20F7C000FFFFFFFFFFFFFFFFFFFFFFFFFFFFFFFFFFFFFFFFFFFFFFFFFFFFFFFFFFFFFFFF49
:20F7E000FFFFFFFFFFFFFFFFFFFFFFFFFFFFFFFFFFFFFFFFFFFFFFFFFFFFFFFFFFFFFFFF29
:20F80000FFFFFFFFFFFFFFFFFFFFFFFFFFFFFFFFFFFFFFFFFFFFFFFFFFFFFFFFFFFFFFFF08
:20F82000FFFFFFFFFFFFFFFFFFFFFFFFFFFFFFFFFFFFFFFFFFFFFFFFFFFFFFFFFFFFFFFFE8
:20F84000FFFFFFFFFFFFFFFFFFFFFFFFFFFFFFFFFFFFFFFFFFFFFFFFFFFFFFFFFFFFFFFFC8
:20F86000FFFFFFFFFFFFFFFFFFFFFFFFFFFFFFFFFFFFFFFFFFFFFFFFFFFFFFFFFFFFFFFFA8
:20F88000FFFFFFFFFFFFFFFFFFFFFFFFFFFFFFFFFFFFFFFFFFFFFFFFFFFFFFFFFFFFFFFF88
:20F8A000FFFFFFFFFFFFFFFFFFFFFFFFFFFFFFFFFFFFFFFFFFFFFFFFFFFFFFFFFFFFFFFF68
:20F8C000FFFFFFFFFFFFFFFFFFFFFFFFFFFFFFFFFFFFFFFFFFFFFFFFFFFFFFFFFFFFFFFF48
:20F8E000FFFFFFFFFFFFFFFFFFFFFFFFFFFFFFFFFFFFFFFFFFFFFFFFFFFFFFFFFFFFFFFF28
:20F90000FFFFFFFFFFFFFFFFFFFFFFFFFFFFFFFFFFFFFFFFFFFFFFFFFFFFFFFFFFFFFFFF07
:20F92000FFFFFFFFFFFFFFFFFFFFFFFFFFFFFFFFFFFFFFFFFFFFFFFFFFFFFFFFFFFFFFFFE7
:20F94000FFFFFFFFFFFFFFFFFFFFFFFFFFFFFFFFFFFFFFFFFFFFFFFFFFFFFFFFFFFFFFFFC7
:20F96000FFFFFFFFFFFFFFFFFFFFFFFFFFFFFFFFFFFFFFFFFFFFFFFFFFFFFFFFFFFFFFFFA7
:20F98000FFFFFFFFFFFFFFFFFFFFFFFFFFFFFFFFFFFFFFFFFFFFFFFFFFFFFFFFFFFFFFFF87
:20F9A000FFFFFFFFFFFFFFFFFFFFFFFFFFFFFFFFFFFFFFFFFFFFFFFFFFFFFFFFFFFFFFFF67
:20F9C000FFFFFFFFFFFFFFFFFFFFFFFFFFFFFFFFFFFFFFFFFFFFFFFFFFFFFFFFFFFFFFFF47
:20F9E000FFFFFFFFFFFFFFFFFFFFFFFFFFFFFFFFFFFFFFFFFFFFFFFFFFFFFFFFFFFFFFFF27
:20FA0000FFFFFFFFFFFFFFFFFFFFFFFFFFFFFFFFFFFFFFFFFFFFFFFFFFFFFFFFFFFFFFFF06
:20FA2000FFFFFFFFFFFFFFFFFFFFFFFFFFFFFFFFFFFFFFFFFFFFFFFFFFFFFFFFFFFFFFFFE6
:20FA4000FFFFFFFFFFFFFFFFFFFFFFFFFFFFFFFFFFFFFFFFFFFFFFFFFFFFFFFFFFFFFFFFC6
:20FA6000FFFFFFFFFFFFFFFFFFFFFFFFFFFFFFFFFFFFFFFFFFFFFFFFFFFFFFFFFFFFFFFFA6
:20FA8000FFFFFFFFFFFFFFFFFFFFFFFFFFFFFFFFFFFFFFFFFFFFFFFFFFFFFFFFFFFFFFFF86
:20FAA000FFFFFFFFFFFFFFFFFFFFFFFFFFFFFFFFFFFFFFFFFFFFFFFFFFFFFFFFFFFFFFFF66
:20FAC000FFFFFFFFFFFFFFFFFFFFFFFFFFFFFFFFFFFFFFFFFFFFFFFFFFFFFFFFFFFFFFFF46
:20FAE000FFFFFFFFFFFFFFFFFFFFFFFFFFFFFFFFFFFFFFFFFFFFFFFFFFFFFFFFFFFFFFFF26
:20FB0000FFFFFFFFFFFFFFFFFFFFFFFFFFFFFFFFFFFFFFFFFFFFFFFFFFFFFFFFFFFFFFFF05
:20FB2000FFFFFFFFFFFFFFFFFFFFFFFFFFFFFFFFFFFFFFFFFFFFFFFFFFFFFFFFFFFFFFFFE5
:20FB4000FFFFFFFFFFFFFFFFFFFFFFFFFFFFFFFFFFFFFFFFFFFFFFFFFFFFFFFFFFFFFFFFC5
:20FB6000FFFFFFFFFFFFFFFFFFFFFFFFFFFFFFFFFFFFFFFFFFFFFFFFFFFFFFFFFFFFFFFFA5
:20FB8000FFFFFFFFFFFFFFFFFFFFFFFFFFFFFFFFFFFFFFFFFFFFFFFFFFFFFFFFFFFFFFFF85
:20FBA000FFFFFFFFFFFFFFFFFFFFFFFFFFFFFFFFFFFFFFFFFFFFFFFFFFFFFFFFFFFFFFFF65
:20FBC000FFFFFFFFFFFFFFFFFFFFFFFFFFFFFFFFFFFFFFFFFFFFFFFFFFFFFFFFFFFFFFFF45
:20FBE000FFFFFFFFFFFFFFFFFFFFFFFFFFFFFFFFFFFFFFFFFFFFFFFFFFFFFFFFFFFFFFFF25
:20FC0000FFFFFFFFFFFFFFFFFFFFFFFFFFFFFFFFFFFFFFFFFFFFFFFFFFFFFFFFFFFFFFFF04
:20FC2000FFFFFFFFFFFFFFFFFFFFFFFFFFFFFFFFFFFFFFFFFFFFFFFFFFFFFFFFFFFFFFFFE4
:20FC4000FFFFFFFFFFFFFFFFFFFFFFFFFFFFFFFFFFFFFFFFFFFFFFFFFFFFFFFFFFFFFFFFC4
:20FC6000FFFFFFFFFFFFFFFFFFFFFFFFFFFFFFFFFFFFFFFFFFFFFFFFFFFFFFFFFFFFFFFFA4
:20FC8000FFFFFFFFFFFFFFFFFFFFFFFFFFFFFFFFFFFFFFFFFFFFFFFFFFFFFFFFFFFFFFFF84
:20FCA000FFFFFFFFFFFFFFFFFFFFFFFFFFFFFFFFFFFFFFFFFFFFFFFFFFFFFFFFFFFFFFFF64
:20FCC000FFFFFFFFFFFFFFFFFFFFFFFFFFFFFFFFFFFFFFFFFFFFFFFFFFFFFFFFFFFFFFFF44
:20FCE000FFFFFFFFFFFFFFFFFFFFFFFFFFFFFFFFFFFFFFFFFFFFFFFFFFFFFFFFFFFFFFFF24
:20FD0000FFFFFFFFFFFFFFFFFFFFFFFFFFFFFFFFFFFFFFFFFFFFFFFFFFFFFFFFFFFFFFFF03
:20FD2000FFFFFFFFFFFFFFFFFFFFFFFFFFFFFFFFFFFFFFFFFFFFFFFFFFFFFFFFFFFFFFFFE3
:20FD4000FFFFFFFFFFFFFFFFFFFFFFFFFFFFFFFFFFFFFFFFFFFFFFFFFFFFFFFFFFFFFFFFC3
:20FD6000FFFFFFFFFFFFFFFFFFFFFFFFFFFFFFFFFFFFFFFFFFFFFFFFFFFFFFFFFFFFFFFFA3
:20FD8000FFFFFFFFFFFFFFFFFFFFFFFFFFFFFFFFFFFFFFFFFFFFFFFFFFFFFFFFFFFFFFFF83
:20FDA000FFFFFFFFFFFFFFFFFFFFFFFFFFFFFFFFFFFFFFFFFFFFFFFFFFFFFFFFFFFFFFFF63
:20FDC000FFFFFFFFFFFFFFFFFFFFFFFFFFFFFFFFFFFFFFFFFFFFFFFFFFFFFFFFFFFFFFFF43
:20FDE000FFFFFFFFFFFFFFFFFFFFFFFFFFFFFFFFFFFFFFFFFFFFFFFFFFFFFFFFFFFFFFFF23
:20FE0000FFFFFFFFFFFFFFFFFFFFFFFFFFFFFFFFFFFFFFFFFFFFFFFFFFFFFFFFFFFFFFFF02
:20FE2000FFFFFFFFFFFFFFFFFFFFFFFFFFFFFFFFFFFFFFFFFFFFFFFFFFFFFFFFFFFFFFFFE2
:20FE4000FFFFFFFFFFFFFFFFFFFFFFFFFFFFFFFFFFFFFFFFFFFFFFFFFFFFFFFFFFFFFFFFC2
:20FE6000FFFFFFFFFFFFFFFFFFFFFFFFFFFFFFFFFFFFFFFFFFFFFFFFFFFFFFFFFFFFFFFFA2
:20FE8000FFFFFFFFFFFFFFFFFFFFFFFFFFFFFFFFFFFFFFFFFFFFFFFFFFFFFFFFFFFFFFFF82
:20FEA000FFFFFFFFFFFFFFFFFFFFFFFFFFFFFFFFFFFFFFFFFFFFFFFFFFFFFFFFFFFFFFFF62
:20FEC000FFFFFFFFFFFFFFFFFFFFFFFFFFFFFFFFFFFFFFFFFFFFFFFFFFFFFFFFFFFFFFFF42
:20FEE000FFFFFFFFFFFFFFFFFFFFFFFFFFFFFFFFFFFFFFFFFFFFFFFFFFFFFFFFFFFFFFFF22
:20FF0000FFFFFFFFFFFFFFFFFFFFFFFFFFFFFFFFFFFFFFFFFFFFFFFFFFFFFFFFFFFFFFFF01
:20FF2000FFFFFFFFFFFFFFFFFFFFFFFFFFFFFFFFFFFFFFFFFFFFFFFFFFFFFFFFFFFFFFFFE1
:20FF4000FFFFFFFFFFFFFFFFFFFFFFFFFFFFFFFFFFFFFFFFFFFFFFFFFFFFFFFFFFFFFFFFC1
:20FF6000FFFFFFFFFFFFFFFFFFFFFFFFFFFFFFFFFFFFFFFFFFFFFFFFFFFFFFFFFFFFFFFFA1
:20FF8000FFFFFFFFFFFFFFFFFFFFFFFFFFFFFFFFFFFFFFFFFFFFFFFFFFFFFFFFFFFFFFFF81
:20FFA000FFFFFFFFFFFFFFFFFFFFFFFFFFFFFFFFFFFFFFFFFFFFFFFFFFFFFFFFFFFFFFFF61
:20FFC000FFFFFFFFFFFFFFFFFFFFFFFFFFFFFFFFFFFFFFFFFFFFFFFFFFFFFFFFFFFFFFFF41
:20FFE000FFFFFFFFFFFFFFFFFFFFFFFFFFFFFFFFFFFFFFFFFFFFFFFFFFFFFFFFFFFFFFFF21
:020000040802F0
:200000007663755F6F74615F62696E0000000000323032343036303631353531323500FE92
:20002000312E3400583601007265736572766564000000000000000000000000729EF26DCF
:20004000108C00204521000801B20008FD7F0008FDAA0008916E000821E300080000000075
:2000600000000000000000000000000025D30008AD7E00080000000041C700081DD6000842
:200080005F2100085F2100085F2100085F2100085F2100085F210008D98200085F21000845
:2000A0005F2100085F2100085F2100085F2100085F2100085F2100085F2100085F21000800
:2000C0005F2100085F2100085F2100085F21000891DF00085F2100085F2100085F210008F0
:2000E0005F2100085F2100085F2100085F210008FDD600085F2100085F2100085F2100086D
:200100005F2100085F2100085F2100085F2100085F21000879DE0008D1DE000831DF000809
:200120005F2100085F2100085F2100085F2100085F2100085F2100085F2100085F2100087F
:200140005F2100085F2100085F2100085F210008B9DD000819DE00085F2100085F210008D2
:200160005F2100085F2100085F2100085F210008DFF80CD000F04CFC0048004769FA00087A
:20018000108C00200648804706480047FEE7FEE7FEE7FEE7FEE7FEE7FEE7FEE7FEE7FEE707
:2001A00029D600083121000840EA01039B0703D009E008C9121F08C0042AFAD203E011F8A2
:2001C000013B00F8013B521EF9D27047D2B201E000F8012B491EFBD270470022F6E710B585
:2001E00013460A4604461946FFF7F0FF204610BD30B505462A460B4612F8010B13F8014B37
:2002000008B1A042F8D01CB1002802D06D1CF1E7284630BD421C10F8011B0029FBD1801AE7
:20022000704710B5002200E0521C835C8C5CA34201D1002BF8D1D8B2E1B2401A10BD70B5F7
:2002400006460CF0B3F8046805460A220021304600F0E2FA2C6070BD70B506460CF0A6F8A1
:20026000046805460A220021304600F0D5FA2C6070BD2DE9FE4F804681EA0300C00F0C46D4
:20028000009021F0004123F00045B8EB0200A94105D24046214690461C460B46024623F0ED
:2002A0000040104347D0270DC7F30A00C3F30A510290401A019040286BDAC3F3130040F464
:2002C000801B0098924620B10023D2EB030A63EB0B0B01985946C0F14002504600F01DFA29
:2002E00006460D4650465946019A00F035FA10EB08006141002487EA115284EAE7731A43AE
:2003000040D0009A62B3019A012A4FEA075215DC001B61EB02014FF0004202EA0752CDE9EF
:200320000042001C41F5801132462B4600F0F2FA03B0BDE8F08F40462146F9E7001B61EBC8
:200340000201001C41F5801300185B412018A2F5001747EB030140EAD570B6196D4111E008
:200360006D084FEA360645EAC0754FEA0752001B61EB0201001C41F5801149084FEA300096
:200380000019514132462B4603B0BDE8F04F00F0B2BA0098012240000023D0EB020263EBAB
:2003A000E073009821464FEAE074B8EB000061EB0401E9E783F000435BE781F0004158E7B1
:2003C0002DE9FE4F81EA030404F0004421F0004100944FF0000B23F0004350EA01045ED01D
:2003E00052EA03045BD0C3F30A54C1F30A552C44A4F2F3340194A0FB0254C1F3130141F4B8
:200400008011C3F3130343F4801301FB024400FB034E840A970A44EA815447EA8357A4FB4B
:20042000076802958D0A05FB07854FEA932C04FB0C542705029D4FEA065847EA1637B5EBBC
:2004400008056EEB070C870E920E47EA811742EA8312A7FB0201B6EB0B0164EB00042B0D87
:2004600043EA0C335E1844EB1C50DA465146E7FB0201C5F313044FEA0B3343EA14534FEA50
:200480000432019C43EA0603A4F10C040294009CCDE900B400F03EFA03B0BDE8F08F0020F3
:2004A0000146F9E72DE9F04D81EA030404F0004B21F0004514464FF0000A23F0004150EA8A
:2004C000050220D054EA01021DD0C5F30A570246C5F31303C1F31300C1F30A5640F4801524
:2004E00043F48013A7EB0608101BD64608F2FD3873EB050002D308F1010801E092185B41BB
:20050000B8F1000F03DA00200146BDE8F08D00204FF48011064684460EE0171B73EB050729
:2005200005D3121B63EB050306434CEA010C49084FEA300092185B4150EA0107EDD152EA98
:20054000030012D082EA040083EA0501084305D0101BAB4106D20122002306E000224FF037
:20056000004302E06FF0010253101AEB06004CEB085110EB0A0041EB0B01BDE8F04D00F0E7
:20058000BAB90EB5C10F80EAE0700844CA07002140F233438DE80E000A460B4600F0BAF9EE
:2005A00003B000BD0EB540F2334102910021CDE900110A460B4600F0ADF903B000BD70B51B
:2005C000C1F30A5201F000450024C1F3130140F2FF3341F480119A4201DA002070BD40F289
:2005E00033439A42A2F2334203DC524200F0A4F800E090402C43F1D0404270BDC1F30A5202
:2006000010B5C1F3130140F2FF3341F480119A4201DA002010BD40F233439A42A2F23342F2
:2006200003DC524200F088F810BD904010BD00F0004230F000400AD0C10D01F56071C0F3B9
:20064000160042EA0151C20840071143704700200146704701F0004330B421F0004150EA28
:20066000010206D00A0DA2F56072C1F31301002A02DC30BC00207047440F44EAC104C10087
:20068000E01830BC00EBC25000F0FEB830B50B46014600202022012409E021FA02F59D42F5
:2006A00005D303FA02F5491B04FA02F52844151EA2F10102F1DC30BD2DE9F05F0546002056
:2006C00092469B4688460646814640241BE0284641464746224600F02FF853465A46C01A0D
:2006E000914110D311461846224600F016F82D1A67EB01084F4622460120002100F00DF854
:2007000017EB00094E41201EA4F10104DFDC484631462A464346BDE8F09F202A04DB203AF7
:2007200000FA02F1002070479140C2F1200320FA03F3194390407047202A04DB203A21FABD
:2007400002F00021704721FA02F3D040C2F120029140084319467047202A06DBCB17203A41
:2007600041FA02F043EAE07306E041FA02F3D040C2F1200291400843194670470FB40023B9
:2007800000B589B00CA900910B996FF00042CB601E4B06931E4B07930423CDE901321D4A39
:2007A000089202466B46002000F0D2F909B05DF814FB70B586B006464FF0FF300091CDE952
:2007C0000101002015460C4604903246694604A8FFF7D4FF03460498211825B108B10A461D
:2007E00000E022462A6000280DD0002B02DD0098884208D0081B0094CDE901043246694645
:2008000004A8FFF7BBFF06B070BD0000492D0008672D0008FD2900082DE9F04791460F46D8
:2008200080460446002614F8015B2DB100F002F90068405DC007F6D12B2D02D02D2D18D052
:20084000641E4A463946204600F0BEFA27B13968A14201D1C7F8008071054FF002040BD5F1
:200860004042002803DD0BF0A1FD0460A007BDE8F08746F48066E4E70028F8DA0BF096FDBB
:2008800004606FF00040F2E70029A8BF7047401C490008BF20F00100704710B4B0FA80FC17
:2008A00000FA0CF050EA010404BF10BC704749B1CCF1200421FA04F411FA0CF118BF0121CE
:2008C00021430843A3EB0C01CB1D4FEA00614FEA102042BF002010BC704700EBC3501044ED
:2008E0000029A4BF10BC7047401C490008BF20F0010010BC704710B5141E73F1000408DAA8
:20090000401C41F1000192185B411A4301D120F0010010BD2DE9F04D92469B4611B1B1FA7C
:2009200081F202E0B0FA80F220329046FFF7F5FE04460F4640EA0A0041EA0B0153465A46F2
:20094000084313D0114653EA010019D0C8F140025046FFF7F1FE05460E4650465946424619
:20096000FFF7DBFE084305D0012004E020463946BDE8F08D0020054346EAE0762C433743A5
:200980000A986305E40AA0EB08000022FD0A44EA47540A3002D500200146E9E70105101963
:2009A0006941DDE9084500196941BDE8F04DA2E7C1F30A52C1F3130140F2FF3341F480114A
:2009C0009A4202DA00200146704740F233439A42A2F2334202DC5242FFF7AEBEFFF79DBE8F
:2009E00030B5041E71F1000404DB4FF00044404264EB0101141E73F1000405DB1C464FF03A
:200A00000043524263EB0403994208BF904230BD064C074D06E0E06840F0010394E80700BE
:200A200098471034AC42F6D3FFF7A6FB94530108B4530108004870477C42010810B5044670
:200A4000FFF7F8FF0068005D00F0010010BD00002DE9FF4F087881B09946FF2805D0491CD1
:200A60002D2804D00024002308E000230BE00124F9E703EB830300EB4303491C0878FF285A
:200A8000F7D104B15B4200200090147801462D2C01D02B2C04D1521C2D2C12D00024009402
:200AA00000251678FF2E0ED00A24A0FB04C801FB0481002700FB0711521C16EB0C00694103
:200AC000EFE70124EBE7994450EA01020ED00024AA4D2646DFF8A88200F0D3F982468B4674
:200AE000B9F1000009DAC9F100071BE001980021C0E9001105B0BDE8F08F074612E0F80722
:200B000007D022462B4630464146FFF759FC0646884622462B4610461946FFF751FC0446A8
:200B20000D467F10002FEAD1B9F1000F324643465046594602DAFFF7B5FC01E0FFF740FC64
:200B4000009A0AB181F00041019AC2E90001D1E72DE9FF4F1F468DB0D7E901464FF0FF380C
:200B60002E2045464FF000090B90B9696D1C0E988847396A824688470028F6D1BAF1FF3F87
:200B80000AD024F4D064002E11DDBAF12B0F08D0BAF12D0F0BD102E0404611B0ABE744F4A0
:200BA0008064B9696D1C0E9888478246761E6946600501D52D2000E02B208DF8000001F1FC
:200BC000010B0DF1200809E0B9696D1C0E98884782460F9844F40074761E0560002E02DDB9
:200BE000BAF1300FF0D00B998A453ED144F0800406E00F99681CA9F1010944F40074086047
:200C0000B9696D1C761E0E98884782463028F0D02BE00B998A4505D1200603D444F0800437
:200C2000761E18E050460BF093FC08B30DF11301761E44F400748B4508D2AAF130000BF883
:200C4000010B200607D5A9F1010003E0200602D409F101008146A00502D50F99681C08603A
:200C6000B9696D1C0E9888478246002ED1DC53E0002E51DDBAF1650F02D0BAF1450F4BD116
:200C8000A00549D5B9696D1C24F44074761E0E9888478246002E0CDD2B2804D0BAF12D0F24
:200CA00007D144F48074B9696D1C0E9888478246761EE00501D52D2100E02B2108F8011B63
:200CC000CDF82C8021E00DF12901761E44F4007488450CD2AAF1300010F0FF0088F8000045
:200CE00002D10B99884509D908F1010806E0E00501D5244801E042F20F708146B9696D1CB9
:200D00000E98884782460F980560002E04DD50460BF01EFC0028D6D1F9690E988847FF200B
:200D20008BF8000088F800000020069007904B466A4608A906A8FFF78BFEA00502D46FF06A
:200D400001002AE714F0240F0AD0E00714D1DDE906123868031D3B600068C0E900120BE05D
:200D6000DDE90601FFF776FC0146E00704D13868021D3A600068016028460EE70000244052
:200D80000000F03FF1D8FFFF426842B1016811F8013B23B1521EC0E90012184670470121DC
:200DA000C160881E704742685AB1C368016843B983688B4205D0491E521CC0E90012002033
:200DC00070474FF0FF3070472DE9F05F82460078002715468B460AF10104B946302801D017
:200DE0009DB113E014F8010B0127782803D0582801D045B10AE00DB1102D07D1002710259F
:200E000014F8010B02E0082500E00A250026B0460EE005FB080005FB06F1012701EB104629
:200E20001FFA80F8B6F5803F00D3B94614F8010B294600F018F80028EBDABBF1000F05D0E1
:200E40000FB1641E00E05446CBF80040B9F1000F06D00BF0ABFA02210160C81EBDE8F09F06
:200E600048EA0640FAE73A2800D2303820F02002412A01D3A2F13700884201D34FF0FF3036
:200E800070470EB540F2334202920022CDE900221346FFF73FFD03B000BD70B58C1810F8D7
:200EA000015B15F0070301D110F8013B2A1106D110F8012B03E010F8016B01F8016B5B1E36
:200EC000F9D12B0705D40023521E0DD401F8013BFAE710F8013BCB1A921C03E013F8015B92
:200EE00001F8015B521EF9D5A142D8D3002070BD10B5002400BF20E0C4EBC40101EB442117
:200F0000144A02EB810040F61C01FFF766F9C4EBC40101EB44210F4B03EB810204EB440199
:200F20004FF4806303EB812040F61C0105F060F8052007F045F9601CC4B2082CDCDB0548D8
:200F40000068401C20B944F2E0010248FFF745F910BD0000E01900202DE9F0438BB00026CF
:200F600000200A90099015200AF0D4FC002873D015200AF0ABFCF948D0F86C02002862D00D
:200F8000F7480088401CF649088008460088B0F5616F58DB202101A8FFF71FF9F148008830
:200FA000C0EBC00101EB4020EF4901EB8007202101A8FFF712F9EB49098801EB41014FF4AD
:200FC000806202EB8121E94A1288881801AA202105F00EF8E5480088074400240FE001A890
:200FE000005D395D884208D0022007F0E9F83A462021480105F068F903E0601C84B2202C21
:20100000EDD300BFD94800882030D84908800846008840F61C01884214D30020D349088011
:20102000D0480088401CCF490880CC48D0F86C020988884206D80020CC490880C94908803A
:20104000C749088000BF00241FE202274FF000084FF0000900BF3DE01FE24FF000082EE02A
:2010600000200790089007AA4146384605F022FE08B304EB4402BE4901EB420007A9FFF78B
:20108000B7F8C0B100200A900990032F08D1B8F1040F05D10AAA4146384605F07FFD07E02F
:2010A00009AA4146384605F079FDBDF824000A904FF0010907E008F1010000F0FF08AD4884
:2010C000C05D4045CCDC00BFB9F1000F00D003E0781CC7B2052FC0DB00BFA74800EB041012
:2010E00000683C2814D3C4EBC40101EB44219E4A02EB81003B210AF005F9C4EBC40101EB6E
:201100004421994A02EB81010A98C1F8EC0012E0994800EB041000683C21B0FBF1F201FBB0
:201120001200C4EBC40101EB44218F4A02EB81010A9A41F82020904800EB04100068401CD8
:201140008D4901EB041108608B4800EB0410006800287DD0884800EB041000683C21B0FB62
:20116000F1F201FB1200002872D1002600250BE0C4EBC40000EB44207B4901EB800050F8A3
:2011800025000644681C85B23C2DF1DB7A4800EB041040683C2818D3C4EBC40101EB442173
:2011A000714A02EB810101F1F0003B210AF0AAF83C20B6FBF0F1C4EBC40000EB44206A4AC7
:2011C00002EB8000C0F8DC1115E03C20B6FBF0F1694800EB041040683C22B0FBF2F302FBD7
:2011E0001302C4EBC40000EB44205F4B03EB8000F03040F82210604800EB04104068401CCB
:201200005D4901EB041148605B4800EB0410406800289ED0584800EB041040683C21B0FB50
:20122000F1F201FB120000289ED1002600250CE0C4EBC40000EB44204B4901EB8000F0300D
:2012400050F825000644681C85B23C2DF0DB00E0C2E0494800EB04108068182818D3C4EB14
:20126000C40101EB4421404A02EB810101F5F07017210AF047F83C20B6FBF0F1C4EBC40037
:2012800000EB4420384A02EB8000C0F83C1216E03C20B6FBF0F1384800EB04108068182285
:2012A000B0FBF2F302FB1302C4EBC40000EB44202D4B03EB800000F5F07040F822102E48AF
:2012C00000EB04108068401C2B4901EB04118860294800EB0410806800287DD0264800EB48
:2012E000041080681821B0FBF1F201FB1200002872D1002600250DE0C4EBC40000EB4420B8
:20130000194901EB800000F5F07050F825000644681C85B2182DEFDB174800EB04108089C2
:20132000B0F5B67F2ADDC4EBC40101EB44210E4A02EB810101F510704FF4B67109F0E2FF86
:201340001820B6FBF0F1C4EBC40000EB4420064A02EB8000C0F8F01728E00000B81600208F
:201360005A0200205E020020E01900205C0200202819002058280108601900201820B6FB6E
:20138000F0F1474800EB0410808940F26D1290FBF2F302FB1302C4EBC40000EB4420414B54
:2013A00003EB800000F5107040F822103C4800EB04108089401C3A4901EB041188813848EB
:2013C00000EB0410808900285DDD354800EB0410808940F26D1100E038E090FBF1F201FB0C
:2013E000120098BB002600250DE0C4EBC40000EB44202C4901EB800000F5107050F82500CB
:201400000644681C85B2B5F5B67FEEDD244800EB0410C0890A281ADBC4EBC40101EB44217D
:20142000204A02EB810101F2F470092109F06AFF40F26D10B6FBF0F1C4EBC40000EB4420ED
:20144000184A02EB8000C0F8181813E01BE040F26D10B6FBF0F1C4EBC40000EB4420114A89
:2014600002EB800000F2F4700D4A02EB0412D28940F822100A4800EB0410C089401C084943
:2014800001EB0411C881601C84B2082C05DA0648D0F86C02A0423FF6D8AD0BB0BDE8F0834A
:2014A00060190020E0190020B816002001200149087070474700002010B502460B460648DF
:2014C0000088504300EB4004C4EB8010000B0A24B0FBF4F188B210BD3000002002460B46CA
:2014E0004FF49600B0FBF2F000F12D0188B27047704700002DE9F043002500260027A84616
:20150000A94600240AE0104830F8240005440E4800EB840040880644601CC4B21E2CF2DB01
:201520001E20B5FBF0F5B6FBF0F61E213046FFF7D5FF064908801E212846FFF7BDFF04493F
:201540000880BDE8F0830000E406002030000020320000202DE9F04704460D462846FEF7F2
:2015600059FEC6B2A019222100F056FBC7B2202F00DB202720211448FEF72FFEA1193A467C
:201580001148FEF711FE1148FEF744FE80462846FEF740FEC0F180090B48FEF73BFEA9EBA8
:2015A0000000801E80450BD20848FEF733FE074900EB0108044B2A4605A140460AF0E2FE6C
:2015C00004F036FDBDE8F087201700206A0F002025732573222C00002DE9F04704460D4670
:2015E0002846FEF717FEC6B2A019222100F014FBC7B2102F00DB10271648002101634163AF
:201600008163C163A1193A463030FEF7CDFD1248FEF700FE80462846FEF7FCFDC0F18009C0
:201620000C483030FEF7F6FDA9EB0000801E80450CD20948FEF7EEFD074900EB0108054B74
:2016400030332A4605A140460AF09CFE04F0F0FCBDE8F087201700206A0F002025732573DB
:20166000222C00002DE9F04704460D462846FEF7D1FDC6B2A019222100F0CEFAC7B2102F1D
:2016800000DB102716480021016241628162C162A1193A462030FEF787FD1248FEF7BAFDA4
:2016A00080462846FEF7B6FDC0F180090C482030FEF7B0FDA9EB0000801E80450CD20948A8
:2016C000FEF7A8FD074900EB0108054B20332A4605A140460AF056FE04F0AAFCBDE8F087E9
:2016E000201700206A0F002025732573222C00002DE9F04704460D462846FEF78BFDC6B22F
:20170000A019222100F088FAC7B2402F00DB402740211448FEF761FDA1193A461148FEF799
:2017200043FD1148FEF776FD80462846FEF772FDC0F180090B48FEF76DFDA9EB0000801EF2
:2017400080450BD20848FEF765FD074900EB0108044B2A4605A140460AF014FE04F068FCAD
:20176000BDE8F087601700206A0F002025732573222C000010B590B0044640216846FEF74C
:201780002CFD40216846FEF728FD012204A168460AF0F8FD684602F013FB10B010BD000057
:2017A00041542B43474143543D312C25640D0A0010B590B0044640216846FEF70EFD40210E
:2017C0006846FEF70AFD054A05A168460AF0DAFD684602F0F5FA10B010BD00002017002078
:2017E00041542B434744434F4E543D312C224950222C222573220D0A00000000F0B585B0B7
:2018000005462846FEF706FD86B2002004901A2003900120029007F0EDF9401E132804D061
:2018200014280BD0162808D146E02E215D4800F043FA012103A800F03FFAB0E002F04AFC75
:2018400082200490012104A800F036FA5648FEF7E1FCC0B201909DF80400401D0090012149
:20186000684600F029FA00200490012104A800F023FA01200490012104A800F01DFA00206E
:201880000490012104A800F017FA012101A800F013FA9DF80410444800F00EFA002004903C
:2018A000012104A800F008FA0A2006F089FC012103A800F001FA72E007F096F90A2818D217
:2018C000DFE800F005080B0C0D0E1114151604F0FDFE0EE004F0FAFE0BE00AE009E008E053
:2018E00005F0B8FA05E004F0C5FD02E001E000E000BF00BF05F0B0F9074630200490012194
:2019000004A800F0D9F92948FEF784FCC0B201903846FEF77FFC84B29DF804002044801CB3
:2019200080B20090BDF800007F2819DDBDF80000C11700EB5161C1F3C71102919DF80800AD
:20194000401EBDF80010A1EBC01080B200900121684600F0B1F9012102A800F0ADF903E097
:201960000121684600F0A8F900200490012104A800F0A2F9012101A800F09EF99DF80410FE
:201980000A4800F099F90A2006F01AFC2146384600F092F9012103A800F08EF900BF00BF1B
:2019A00005B0F0BD7500002092100020521000200121034A11700021024A11707047000057
:2019C000550000205400002010B5A2B004461648FEF720FC082821D913484630FEF71AFC48
:2019E00088B111485630FEF715FC60B10E495631A1F11000831F0C4ACDE900010BA102A833
:201A00000AF0C0FC06E0084B4033074A11A102A80AF0B8FC02A802F0D3F903E015480068F9
:201A200002F0CEF922B010BD6017002041542B43495053544152543D22544350222C2225B2
:201A400073222C222573222C222573222C222573220D0A0041542B43495053544152543D5B
:201A600022544350222C222573222C222573220D0A0000007000002010B590B004464021D4
:201A80006846FEF7AAFB054A05A168460AF07AFC684602F095F910B010BD00005C0F0020A5
:201AA00041542B434D47523D25730D0A0000000070B505461A48FEF7ADFB07280AD8184871
:201AC000FEF7A8FB16490844441E16A120460AF059FC0EE01248FEF79DFB7D2809D2104848
:201AE000FEF798FB0E490844441E11A120460AF049FC0B4802F064F9022006F061FB0121CA
:201B00000C4800F0D9F880210548FEF766FB044909A002680A6082888A808079887170BD6F
:201B20006A0F00206572726F727D0D0A000000007D0D0A00650000207265706C793A7B0054
:201B400010B5044606A002F03BF9084802F038F907A002F035F914210448FEF73EFB10BDF4
:201B600041542B434D47533D22000000EA0F0020220D0A0070B5054600240A2006F020FBFB
:201B800070BD000010B5A2B004461448FEF742FBE8B112482030FEF73DFB78B10F483030D9
:201BA000FEF738FB50B10D483030A0F110030B4A0BA1009002A80AF0E5FB04E0074A0FA1A9
:201BC00002A80AF0DFFB02A802F0FAF803E01148006802F0F5F822B010BD00002017002080
:201BE00041542B435354543D222573222C222573222C222573220D0A0000000041542B43A4
:201C00005354543D222573222C22222C22220D0A000000006C00002010B502460B460020AF
:201C2000002100BF03E0441CA0B24C1CA1B2545C9C4202D0545C002CF5D110BD10B50020C0
:201C400013490870134908704FF400611248FEF7C4FA00201149086011490860802111488D
:201C6000FEF7BBFA0F4810A10A6802608A8882808979817114210E48FEF7AFFA06480D4909
:201C800008600020C8804FF40060888010BD000054000020550000205C0700206000002010
:201CA0005C0000206A0F00207265706C793A7B00EA0F00200800002070B504460D462946BC
:201CC00020460AF05DFA04A00AF04CFB214604A00AF048FB70BD00004D43553A00000000D4
:201CE000257300002DE9F04704460D462846FEF791FAC6B2A0192221FFF78EFFC7B2082FCD
:201D000000DB082716480021C0F80E11C0F81211A1193A4600F58770FEF746FA1148FEF7DF
:201D200079FA80462846FEF775FAC0F180090E48FEF770FAA9EB0000801E80450BD2094884
:201D4000FEF768FA074900EB0108074B2A4607A140460AF017FB04F06BF9BDE8F087000078
:201D6000B81600206A0F0020C617002025732573222C000070B5044604EB8400144901EB36
:201D80008005144804700020134908701148007800B970BD4FF400611048FEF71EFA00201A
:201DA0000F49C8804FF4006088800C48086000200C4908600C490860E86830B1286820B1F0
:201DC000332C02DAE9686868884700BFE1E70000CC21010854000020550000205C070020EF
:201DE00008000020600000205C00002010B590B0044640216846FEF7F0F940216846FEF77F
:201E0000ECF90B480078012806DB0AA301220CA168460AF0B7FA05E00FA3002208A1684622
:201E20000AF0B0FA684601F0CBFF10B010BD0000A4000020746573746D717474320000008C
:201E400041542B434D515454414343513D25642C222573220D0A0000746573746D717474B6
:201E60003100000010B5A4B00446802104A8FEF7B4F9802104A8FEF7B0F9234800780128E8
:201E80001DDB2248FEF7C6F950B92048801FA0F1400301221EA1009004A80AF073FA2DE0B6
:201EA0001A491031194A901FA0F14003CDE901210090012221A104A80AF064FA1EE01348EE
:201EC000B630FEF7A7F950B91048B030A0F1400300220FA1009004A80AF054FA0EE00B49DA
:201EE000C631A1F11002901FA0F14003CDE901210090002211A104A80AF044FA04A801F007
:201F00005FFF24B010BD0000A4000020A617002041542B434D515454434F4E4E4543543D91
:201F200025642C227463703A2F2F25733A2573222C313830302C312C2C0D0A0041542B439B
:201F40004D515454434F4E4E4543543D25642C227463703A2F2F25733A2573222C313830ED
:201F6000302C312C222573222C222573220D0A0070B5054604F070FE0446204601F020FF1B
:201F800001A001F01DFF70BD0D0A000070B5A0B0064680216846FEF720F904F05DFE044698
:201FA00080216846FEF719F91048007801280ADB2046FEF72FF905462B4601220CA1684630
:201FC0000AF0E0F909E02046FEF724F905462B46002207A168460AF0D5F9684601F0F0FE44
:201FE0004FF47A7006F0ECF820B070BDA400002041542B434D5154545041594C4F41443D89
:2020000025642C25640D0A002DE9F04704460D462846FEF7FFF8C6B2A0192221FFF7FCFDC4
:20202000C7B2102F00DB102710211448FEF7D5F8A1193A461148FEF7B7F81148FEF7EAF820
:2020400080462846FEF7E6F8C0F180090B48FEF7E1F8A9EB0000801E80450BD20848FEF705
:20206000D9F8074900EB0108044B2A4605A140460AF088F903F0DCFFBDE8F087B61700200E
:202080006A0F002025732573222C000030B5A1B00546802101A8FEF7A0F8802101A8FEF792
:2020A0009CF804F0D9FD044609480078012805DB502208A101A80AF065F904E050220BA188
:2020C00001A80AF05FF901A801F07AFE21B030BDA400002041542B434D5154545055423D04
:2020E000312C312C25640D0A0000000041542B434D5154545055423D302C312C25640D0AC0
:202100000000000010B50446034801F059FE03A001F056FE10BD0000921000200D0A00008F
:2021200030B5A1B00546802101A8FEF756F8802101A8FEF752F80F48007801280ADB0E48D5
:20214000FEF768F80446234601220CA101A80AF019F909E00848FEF75DF80446234600229A
:2021600006A101A80AF00EF901A801F029FE21B030BD0000A40000209210002041542B4306
:202180004D5154545355423D25642C25642C310D0A00000010B50446034801F011FE03A023
:2021A00001F00EFE10BD0000921000200D0A000030B5A1B00546802101A8FEF70EF8802115
:2021C00001A8FEF70AF80F48007801280ADB0E48FEF720F80446234601220CA101A80AF0F9
:2021E000D1F809E00848FEF715F804462346002206A101A80AF0C6F801A801F0E1FD21B0B5
:2022000030BD0000A40000209210002041542B434D515454535542544F5049433D25642CA7
:2022200025642C310D0A000010B50446034801F0C7FD03A001F0C4FD10BD000052100020EE
:202240000D0A000030B5A1B00546802101A8FDF7C4FF802101A8FDF7C0FF0F4800780128F0
:202260000ADB0E48FDF7D6FF0446234601220CA101A80AF087F809E00848FDF7CBFF044674
:202280002346002206A101A80AF07CF801A801F097FD21B030BD0000A400002052100020C3
:2022A00041542B434D515454544F5049433D25642C25640D0A00000010B50446034801F079
:2022C0007FFD03A001F07CFD10BD0000921000200D0A000030B5A1B00546802101A8FDF710
:2022E0007CFF802101A8FDF778FF0F48007801280ADB0E48FDF78EFF0446234601220CA177
:2023000001A80AF03FF809E00848FDF783FF04462346002206A101A80AF034F801A801F04F
:202320004FFD21B030BD0000A40000209210002041542B434D515454554E5355423D256471
:202340002C25642C300D0A002DE9F04704460D462846FDF75FFFC6B2A0192221FFF75CFCE9
:20236000C7B2102F00DB102710211448FDF735FFA1193A461148FDF717FF1148FDF74AFFAB
:2023800080462846FDF746FFC0F180090B48FDF741FFA9EB0000801E80450BD20848FDF7F7
:2023A00039FF074900EB0108044B2A4605A1404609F0E8FF03F03CFEBDE8F087A6170020B0
:2023C0006A0F002025732573222C00002DE9F34FB7B000203690804635900024349033900B
:2023E000002537981290A146A246002011903898332805DA389800EB8000FB4901EB8009B9
:20240000FAA11298FDF7F4FEA0B1FA48007888B9F948007806280DDD00220121F7480BF0F6
:202420005BFA4FF47A7005F0CBFE06F0E9FB0020F1490870F2A11298FDF7DAFEB8B1F4A0AA
:2024400009F090FFFEA11298FDF7D2FE78B10120E8490870FC4908700220FFF78BFC282050
:20246000FA49087001214FF4FA6009F0E1F9F8A11298FDF7BDFE50B10220FFF77BFC062067
:20248000F249087001214FF4FA6009F0D1F9F3A11298FDF7ADFE50B10220FFF76BFC1D206D
:2024A000EA490870012141F2883009F0C1F9F1A11298FDF79DFE20B1EEA11298FDF798FE52
:2024C0000446EEA11298FDF793FE002830D0EDA11298FDF78DFE10B93320DC490870ECA1CF
:2024E0001298FDF785FEE5A11298FDF781FE0446A41D002609E02C212046FFF78DFB804607
:2025000008F101000444701CC6B2052EF3DB2C212046FFF781FB8046B8F1180F08DA18219E
:20252000DD48FDF75AFE42462146DB48FDF73CFEDAA11298FDF75CFE58B1DAA11298FDF755
:2025400057FE18B1012005F0BFFA02E0002005F0BBFAD6A11298FDF74BFE28B11120D5495C
:2025600008700120D4490870CCA11298FDF740FE20B99EA11298FDF73BFE78B1CD4800783F
:2025800007280BD1C7A11298FDF732FE18B1012005F09AFA02E0002005F096FA002617E0E3
:2025A00006EB4600C54901EB800ADAF8040068B1DAF8080050B1DAF80410129801F002FE15
:2025C00004461CB12046DAE901129047701CC6B20C2EE5D3BAA11298FDF70AFE90B1B8A140
:2025E0001298FDF705FE04460E21B748FDF7F5FD2C21E01DFFF710FB80464246E11DB2484B
:20260000FDF7D2FDB1A11298FDF7F2FDB1A11298FDF7EEFDB1A11298FDF7EAFD50B12C2118
:20262000E01DFFF7F9FA80460020AE490870012085490870ACA11298FDF7DAFD0446002CC0
:202640005BD04FF0000B2C212046FFF7E5FA804608F1010004442C212046FFF7DDFA80462F
:2026600000200D900E900F901090B8F1100F19DC20460AF011FBCDE90A01FDF7EBFF83462F
:202680005846FDF7D4FF02460B46CDE90A0198A10DA809F077FE0DA804F0B2FE0DA995A0DB
:2026A00009F060FE08F1010004442C212046FFF7B3FA804600200D900E900F901090B8F122
:2026C000100F19DC20460AF0E7FACDE90A01FDF7C1FF83465846FDF7AAFF02460B46CDE9DD
:2026E0000A0183A10DA809F04DFE0DA804F0A0FE0DA983A009F036FE00BF84A11298FDF7E3
:2027000077FD0446D4B100200F9010902C21A01DFFF782FA8046B8F1080F01DD4FF00808E8
:202720004246A11D0FA8FDF73FFD0FA8FDF787FD1FFA80FB584604F047FE00BF75A1129853
:20274000FDF756FD04467CB1202109A8FDF745FD142204F1080109A8FDF726FD09AA0321C0
:20276000002004F045FD00BF6C49129801F02AFD34903498002835D069493498FDF738FD69
:202780000028F8D067A13498FDF732FD18B100201849087002E001201649087066A13498E3
:2027A000FDF726FD044644B10A2005F009FD204606F0ACFD072006F03DFD61A13498FDF780
:2027C00017FD0446002C0ED0142005F0F9FC00245FA13498FDF70CFD0446002CF3D051A15B
:2027E0003498B7E0F1E329E1CC2101084552524F52000000A4000020A50000200008014046
:202800002B434D515454434F4E4E4C4F535400002D2D2D2D2D2D2D2D2D2D2D2D2D2D2D4DA4
:20282000515454204C4F53542D2D2D2D2D2D2D2D2D2D2D2D2D2D2D2D2D200D0A0000000009
:202840004C4F53543A203100A0020020980200202A415452454144593A2031004E4F205360
:202860004552564943452C466C69676874204D6F646500002B435245473A00002B435053D4
:20288000493A00004E4F205345525649434500004F6E6C696E650000FE0F00202B4350494E
:2028A0004E3A000052454144590000002B434D5449000000990200209C020020C825010854
:2028C00022534D5F502200005C0F00202B43504D530000002B49504400000000434C4F5343
:2028E000454400009E0200202B434C42533A0000256600006C6174203A25730D0A00000031
:202900006C6F6E203A25730D0A0000002B4353513A2000002B49434349443A00B921010855
:20292000161000202B434D51545452585041594C4F41443A203000006F7461223A000000BF
:202940002F636D642F6E62726F6B65722F0000000D0A2200FDF74CFC18B10020FD490870A7
:2029600002E00120FB490870E41C2C212046FFF753F9C5B2402D00DB40254021F648FDF7EC
:202980002CFC2A462146F448FDF70EFC6019441C2C212046FFF740F9C5B2062D00DB062593
:2029A000ED4840300021016081802A462146FDF7FBFB6019441C2C212046FFF72DF9C5B20F
:2029C000102D00DB10251021E3484630FDF705FC2A462146E0484630FDF7E6FB6019441CC0
:2029E00022212046FFF718F9C5B2102D00DB10251021D9485630FDF7F0FB2A462146D648B7
:202A00005630FDF7D1FB002001F09CFB802113A8FDF7E3FBD0495631A1F11000831FCE4A9E
:202A2000CDE90001CDA113A809F0ACFC13A804F0ABFB042006F0FEFB03F0FAFACDA134988C
:202A4000FDF7D6FB0446002C59D00B342C212046FFF7E2F8C5B2202D00DB20252021BE4825
:202A60004038FDF7BAFB2A462146BB484038FDF79BFB6019441C2C212046FFF7CDF8C5B29B
:202A8000102D00DB1025B44840380021016241628162C1622A4621462030FDF785FB601934
:202AA000441C22212046FFF7B7F8C5B2102D00DB1025A94840380021016341638163C1630A
:202AC0002A4621463030FDF76FFB002001F03AFB802113A8FDF781FB9F481038A0F110037C
:202AE000A0F13002A6A1009013A809F04BFC13A804F04AFB042006F09DFB03F099FAA5A1CF
:202B00003498FDF775FB04465CB304F10A00FDF796FB9149A839C1F8C801002001F012FB4D
:202B20008D48A838D0F8C801B0F5347F05D94FF434708949A839C1F8C801802113A8FDF7AD
:202B40004CFB8548A83896A1D0F8C82113A809F019FC13A804F018FB042006F06BFB03F09B
:202B600067FA92A13498FDF743FB0446F4B1002001F0E8FA04F10A00FDF761FB7649A839F2
:202B8000C1F8CC01802113A8FDF727FB7248A83889A1D0F8CC2113A809F0F4FB13A804F072
:202BA000F3FA042006F046FB03F042FA85A13498FDF71EFB04464CB385A001F0C3FA87A15B
:202BC000204601F015F9802113A8FDF706FB8748007830B904F10A0285A113A809F0D2FB67
:202BE0000EE082480078012805D184A287A113A809F0C8FB04E088A284A113A809F0C2FB3D
:202C000013A804F0C1FA042006F014FB86A13498FDF7EEFA04464CB386A001F093FA0A3427
:202C20002046FDF7F7FAC5B2082D00DB08254A48A8380021C0F80E11C0F812112A46214679
:202C400000F58770FDF7B0FA802113A8FDF7C5FA414A66327AA113A809F094FB13A804F0AB
:202C600093FA042006F0E6FA03F0E2F977A13498FDF7BEFA044634B3002001F063FA0A3492
:202C80002046FDF7C7FAC5B2082D00DB08253248663000218160C1602A4621460830FDF72F
:202CA00083FA042006F0C6FA802113A8FDF795FA294A6E3268A113A809F064FB13A804F000
:202CC00063FA03F0B5F967A13498FDF791FA04469CB3002001F036FA802113A8FDF77DFA02
:202CE00063A12046FDF784FA50B101201A49A83981F8C40160A262A113A809F043FB14E069
:202D000062A12046FDF774FA50B100201249A83981F8C4015FA25AA113A809F033FB04E08B
:202D20005EA257A113A809F02DFB13A804F02CFA042006F07FFA03F07BF95BA13498FDF734
:202D400057FA04462CB1002001F0FCF9802113A8B0E0DDE0A400002060170020226E62728D
:202D60006F6B6572223A2225732C25732C25732C257322002F636D642F6E61706E2F0000B0
:202D8000226E61706E223A2225732C25732C2573220000002F636D642F677374772F00001E
:202DA0002267737477223A22256422002F636D642F676374772F00002267637477223A2238
:202DC000256422002F636D642F636F64652F00002F636D642F636F64650000002F636D645C
:202DE0002F636F64652F222A300000007403002022636F6465223A2573000000706173735F
:202E0000776F7264207573650000000022636F6465223A222573220070617373776F726421
:202E2000206572726F7200002F636D642F6D6672712F00002F636D642F6D66727100000089
:202E4000226D667271223A22257322002F636D642F746672712F00002274667271223A2287
:202E6000257322002F636D642F757064742F0000226175746F2200006175746F0000000064
:202E80002275706474223A2225732200226D616E752200006D616E75000000006572726FBD
:202EA0007220636D640000002F636D642F7270746D2F0000FDF791F9AFF2D4012046FDF77A
:202EC00097F948B10120FE4981F8C4010022FDA113A809F057FA13E0FDA12046FDF788F992
:202EE00048B10020F64981F8C4010122F5A113A809F048FA04E0F7A2F8A113A809F042FA87
:202F000013A804F041F9042006F094F903F090F8F5A13498FDF76CF90446E4B104F10A000D
:202F2000FDF78DF9E649C1F8D401002001F00AF9802113A8FDF751F9E148EEA1D0F8D42137
:202F400013A809F01FFA13A804F01EF9042006F071F903F06DF8EAA13498FDF749F904462B
:202F6000C4B1E9A13498FDF743F908B101203390022006F05FF9204604F050FB8346FDF7E7
:202F800049F918B1032006F055F903E00020339903F0A4FCDFA13498FDF72AF90446CCB133
:202FA000DEA13498FDF724F908B101203390022006F040F9204604F031FB8346FDF72AF961
:202FC00020B1032006F036F904E038E00220339903F084FCD4A13498FDF70AF90446C4B184
:202FE000D3A13498FDF704F908B101203390022006F020F9204604F011FB8346FDF70AF9AC
:2030000018B1032006F016F903E00320339903F065FCCAA13498FDF7EBF80446002C0ED037
:20302000BAA13498FDF7E4F808B101203390C5A13498FDF7DDF818B1012006F0FBF89EE0B0
:20304000C3A13498FDF7D4F890B1022006F0F2F8204604F0E3FA8346FDF7DCF818B1032089
:2030600006F0E8F88BE00020339903F037FC86E0B9A13498FDF7BCF890B1022006F0DAF89E
:20308000204604F0CBFA8346FDF7C4F818B1032006F0D0F873E00120339903F01FFC6EE052
:2030A000AFA13498FDF7A4F890B1022006F0C2F8204604F0B3FA8346FDF7ACF818B10320FD
:2030C00006F0B8F85BE00220339903F007FC56E0A5A13498FDF78CF890B1022006F0AAF870
:2030E000204604F09BFA8346FDF794F818B1032006F0A0F843E00320339903F0EFFB3EE011
:203100009BA13498FDF774F890B1022006F092F8204604F083FA8346FDF77CF818B1032070
:2031200006F088F82BE00420339903F0D7FB26E091A13498FDF75CF808B300260EE006EB4D
:2031400046028F4800EB42013498FDF751F818B1304603F0B5FA06E0701CC6B25848D0F8E6
:203160006C02B042EBD800BF5548D0F86C02B04202D8FF2003F0A4FA062006F05BF881A18D
:203180003498FDF735F80446002C78D07FA13498FDF72EF80446002C7FD0142005F010F888
:2031A000AFF680013498FDF723F818B100207949087002E0012077490870E41D2C212046FC
:2031C000FEF72AFDC5B2402D00DB402540213C48A830FDF702F82A4621463948A830FCF7E1
:2031E000E3FF6019441C2C212046FEF715FDC5B2062D00DB06253248E83000210160818095
:203200002A462146FCF7D0FF6019441C2C212046FEF702FDC5B2102D00DB10251021284830
:20322000EE30FCF7DAFF2A4621462548EE30FCF7BBFF6019441C22212046FEF7EDFCC5B2BE
:20324000102D00DB102510211D48FE30FCF7C5FF2A4621461A48FE30FCF7A6FF002000F097
:2032600071FF802113A8FCF7B8FF1549FE31A1F11000831FA0F14602CDE9000101E084E32F
:203280000BE045A113A809F07DF813A803F07CFF042005F0CFFF02F0CBFE45A13498FCF7C4
:2032A000A7FF044644B10121349800F06FFC042005F0C0FF02F0BCFE3FA1349880E0000050
:2032C000B8160020227270746D223A2225642200310000006572726F72000000227270741F
:2032E0006D223A22257322002F636D642F686266712F00002268627271223A2225642200CF
:203300002F617474000000002F6174742F6D6574610000002F737473000000002F737473D5
:203320002F6D6574610000002F737461000000002F7374612F6D6574610000002267657491
:20334000223A000066756C6C6461746100000000226174740000000022636D640000000003
:2033600022737473000000002264746100000000226469610000000022616261630000007D
:203380002819002022736574223A000062726F6B223A0000A40000202262726F6B223A22E6
:2033A00025732C25732C25732C2573220000000072616D6C223A000072616D74223A0000EF
:2033C000FCF716FF044614B3A01DFCF738FF07B2012F05DBB7F5347F02DAFE48C0F8EC718E
:2033E000802113A8FCF7F9FEFA48FBA1D0F8EC2113A808F0C7FF13A803F0C6FE13A9F9A094
:2034000008F0B0FF042005F015FF02F011FEF9A13498FCF7EDFE0446002C6ED0F7A134987B
:20342000FCF7E6FE0446A4B1802113A8FCF7D5FE0922F5A113A8FCF7B7FE13A803F0A4FE80
:203440000020E449C1F86C023021F248FCF7C5FE7DE04FF0000B00201090DE49C1F86C0202
:203460003021EC48FCF7B9FE00BF35E00020109028E000200E900F900EAA5846109903F032
:2034800019FCD8B10EA93498C01DFCF7B1FE0446A4B10EA9DF48FCF7ABFE78B9CD48D0F865
:2034A0006C12D0F86C02401CCA4A01EB4101C2F86C02D84800EB41000E9901601098401C3A
:2034C000C0B21090D44810F80B1010988142D0DC0BF1010000F0FF0BBBF1050FC6DB80218B
:2034E00013A8FCF77AFECDA103C9CDE91301B948D0F86C0238B3002619E02DE013A8FCF7A6
:2035000089FE13A9084406EB46010D90C14800EB4102C4A10D9808F035FF13A8FCF77AFEB4
:2035200013A90844C1A109780170701CC6B2A948D0F86C02B042E1D813A8FCF76BFE401EE4
:2035400013A900220A5413A803F01EFE00BF042005F070FE02F06CFDB5A13498FCF748FE69
:20356000044694B34FF0000BB3A1204600F040FC402101A8FCF731FE802113A8FCF72DFEE4
:20358000B0480078B0B92321E01DFEF745FB401C00F0FF0B5A46E11D01A8FCF705FE01AA9E
:2035A000A9A113A808F0EEFE13A8FCF733FE00F0FF0B11E0A3480078012807D1AFF2C4721D
:2035C000A1A113A808F0DEFE06E00CE0AFF2B8729DA113A808F0D6FE13A803F0D5FD042014
:2035E00005F028FE00BF9BA13498FCF701FE0446F4B1A01DFCF723FE07B2002F05DDB7F5C1
:20360000347F02DA7348C0F8C871802113A8FCF7E4FD704891A1D0F8C82113A808F0B2FE41
:2036200013A803F0B1FD042005F004FE02F000FD8DA13498FCF7DCFD044604B3A01DFCF7AD
:20364000FEFD07B2002F07DD6248D0F8C801B84202D96048C0F8CC71802113A8FCF7BDFDED
:203660005C4883A1D0F8CC2113A808F08BFE13A803F08AFD042005F0DDFD02F0D9FC7FA182
:203680003498FCF7B5FD0446F4B3E41D2C212046FEF7C2FAC5B2202D00DB202520214D48A9
:2036A0006830FCF79AFD2A4621464A486830FCF77BFD6019441C2C212046FEF7ADFAC5B2DD
:2036C000102D00DB1025434868300021016241628162C1622A4621462030FCF765FD601958
:2036E000441C22212046FEF797FAC5B2102D00DB1025384868300021016341638163C1632E
:203700002A462146303000E019E0FCF74DFD802113A8FCF762FD2F489830A0F11003A0F13A
:203720003002AFF6A411009013A808F02BFE13A803F02AFD042005F07DFD02F079FC51A1D0
:203740003498FCF755FD04466CB3802113A8FCF744FD4EA12046FCF74BFD68B14DA113A80D
:2037600008F010FE072007F005FD322004F028FD082007F0FFFC10E049A12046FCF738FD36
:2037800038B149A113A808F0FDFD092007F0F2FC03E049A113A808F0F5FD13A803F012FF6A
:2037A000042005F047FD48A13498FCF721FD044674B1802113A8FCF710FD2046FCF72AFD9B
:2037C00083465A46214613A8FCF7EEFC13A87FE085E00000B81600202272616D74223A25BD
:2037E0006400000055706C696E6B202573200D0A0000000061626163223A00006162616399
:20380000223A5B5D000000002261626163223A5B5D000000281900205828010822616261A7
:2038200063223A0022257322000000002C0000007075626B223A22007075626B223A222A37
:203840003000000074030020227075626B223A222573220067737477223A00002267737404
:2038600077223A256400000067637477223A00002267637477223A25640000006E61706E72
:20388000223A220073776368223A2200226F6E22000000002273776368223A226F6E220002
:2038A000226F6666220000002273776368223A226F666622000000002273776368223A2282
:2038C0006572726F7222000072656164223A220003F05AFC042005F0ADFC02F0A9FB3CA104
:2038E0003498FCF785FC044684B3802113A8FCF774FC39A12046FCF77BFC48B10120374904
:2039000081F8C401002236A113A808F03BFD15E036A12046FCF76CFC48B100202F4981F8EE
:20392000C40101222EA113A808F02CFD06E0AFF25C62AFF2586113A808F024FD13A803F0D3
:2039400023FC042005F076FC02F072FB28A13498FCF74EFC0446C4B1A01DFCF770FC1F4949
:20396000C1F8D401802113A8FCF737FC1B4822A1D0F8D42113A808F005FD13A803F004FCF1
:20398000042005F057FC02F053FBB9F1000F1BD0D9F808101298FCF72BFC0446A4B1D9F8BA
:2039A0000000162803D117201649087005E0012015490870002013490870D9F8100018B16D
:2039C000D9F810101298884739B0BDE8F08F00007270746D223A00003A300000B8160020F9
:2039E000227270746D223A25640000003A31000068626671223A00002268626671223A2551
:203A00006400000054000020550000202DE9F04107460D462846FCF7FDFB00F0FF0809A178
:203A2000384600F0CFFB044654B1641C22212046FEF7F2F8C6B2324621460348FCF7B4FBB3
:203A4000BDE8F081222B0000EA0F00202DE9F04704460D462846FCF7DDFBC6B2A019222153
:203A6000FEF7DAF8C7B2062F00DB06271448002101608180A1193A46FCF796FB1148FCF7E0
:203A8000C9FB80462846FCF7C5FBC0F180090C48FCF7C0FBA9EB0000801E80450BD209481A
:203AA000FCF7B8FB074900EB0108054B2A4606A1404608F067FC02F0BBFABDE8F087000011
:203AC000A01700206A0F002025732573222C000070B5002526480078C008B0B124480078BB
:203AE00020F0F8002249087008464078401C487008464078142808DA1E480078FEF73AF997
:203B0000002142F2107007F093FE1B48C0881B4908601B48046826E0601E1A49085C0D2882
:203B200004D10846005D0A2800D13CB91548005D3E2803D01348005D7D2813D10A2004F0BB
:203B40003FFB601C0E490968401A0F4908600D490B4A1268881807490978FEF737FC601C93
:203B600007490860641C054800688442D4D370BD94040020540000200800002058000020F2
:203B8000600000205C0700205C0000202DE9F04FA3B081460E46802103A8FCF71EFB002467
:203BA000A046A24675A14846FCF722FB8046B8F1000F1BD0802103A8FCF70FFB092270A195
:203BC00003A8FCF7F1FA16B103A803F0DDFA00206E49C1F8F00150216D48FCF7FEFA0DF190
:203BE00013020721012003F003FBC3E00025002700206649C1F8F00150216548FCF7EDFA16
:203C000064A14846FCF7F4FA824600BF35E000272DE000200190029001AA3946284603F092
:203C200049F810B301A90AF10700FCF7E1FA8046B8F1000F19D001A95548FCF7D9FAA0B939
:203C40005248D0F8F00114280FD25048D0F8F011D0F8F001401C4D4A01EB4101C2F8F0010E
:203C60004B4800EB410001990160781CC7B24B48405DB842CDDC681CC5B2052DC7DB80213A
:203C800003A8FCF7AAFA46A103C9CDE903013F48D0F8F00130B3002418E003A8FCF7BAFAE4
:203CA00003A900EB010B04EB4401394800EB41023EA1584608F066FB03A8FCF7ABFA03A9B9
:203CC00008443CA109780170601CC4B22F48D0F8F001A042E1D803A8FCF79CFA401E03A9CE
:203CE00000220A5403A8FCF795FA03A9084426A109780170802103A8FCF76FFA5B208DF8BE
:203D00000C00002415E003A8FCF784FA18280ED203A8FCF77FFA03A900EB010B04EB440154
:203D20001B4800EB410224A1584608F02BFB601CC4B21648D0F8F001A042E4D81348D0F8A7
:203D4000F00138B103A8FCF765FA401E03A95D220A5405E003A8FCF75DFA03A95D220A5442
:203D600003AA0721012003F043FA16B103A803F0D9F900BF23B0BDE8F08F00005B5D000078
:203D80002272616D6C223A5B5D000000B8160020AC1800202272616D6C223A0058280108BC
:203DA0002272616D6C223A5B0000000022257322000000002C000000222573222C0000006E
:203DC00070B504462046FCF725FA85B22946204608F0D6F903A008F0C5FA214603A008F0CD
:203DE000C1FA70BD4D43553A00000000257300002DE9F04F93B080468946002004900390B0
:203E00000290019000907EA14046FCF7F1F908B1012002904846FCF7FDF9C0B212901299CB
:203E200008EB01002321FDF7F7FEC0B21190202105A8FCF7D2F9129808EB000405A81090B4
:203E400000270EE0E05D202809D0E15D109801701098401C10900198401CC0B20190781C68
:203E600087B211988742EDDB6848FCF7D3F982464846FCF7CFF9C0F1800B05A8FCF7CAF9B0
:203E8000ABEB0000801E82450DD2029858B95F48FCF7C0F95D4900EB010A05AB4A465CA171
:203EA000504608F06FFA019814280FDA029868B95648FCF7AFF955490844A0F1010A56A1DC
:203EC000504608F05FFA13B0BDE8F08F0198142806DA5748407820F00200801C5449487005
:203EE0000DF11E0000F09AF9064600208DF81E0005A800F093F90546202105A8FCF76DF959
:203F0000C5208DF821006A208DF8220029208DF823000E208DF82400FA208DF82500300E1B
:203F20008DF82900300C8DF82800300A8DF82700F0B28DF82600280E8DF82D00280C8DF816
:203F40002C00280A8DF82B00E8B28DF82A000DF12104207B8DF83700E07A8DF83600A07A61
:203F60008DF83500607A8DF83400207A8DF83B00E0798DF83A00A0798DF8390060798DF84D
:203F800038002C48DDE90D12C0E9141206F0FCF929480078012810D11C48FCF73BF97A28B6
:203FA00021D21A48FCF736F91849084423A10A6840F8012C0979C17015E01F480078022891
:203FC00011D11248FCF726F97A280CD20F48FCF721F90E4908441BA10A6840F8012D8A8866
:203FE0008280897981711448007800906A460C21022003F0FDF802F01BF800BF63E7000072
:204000002F636D642F636F64650000006A0F002025732573222C00006973206E6F7420638C
:204020006F727265637420666F726D61742E20003A020020047900207403002020757365FD
:2040400022000000206572726F7222002DE9F04704460D462846FCF7DDF8C6B2A01922213E
:20406000FDF7DAFDC7B2082F00DB0827154800218160C160A1193A460830FCF795F81248EF
:20408000FCF7C8F880462846FCF7C4F8C0F180090C480830FCF7BEF8A9EB0000801E804524
:2040A0000CD20948FCF7B6F8074900EB0108054B08332A4605A1404608F064F901F0B8FFC8
:2040C000BDE8F087C61700206A0F002025732573222C000070B51648FCF79CF804462246F4
:2040E00013491448FCF760F83C211348FCF775F81248FCF78FF80446224610490E48FCF77D
:2041000053F80C48FCF786F805460B48FCF782F8094944182A4607492046FCF745F8064832
:20412000FCF778F80449084405A10988018070BD047900201610002092100020A12101082E
:204140002F23000070B5044614211948FCF745F81848FCF75FF805462A4616491448FCF7C5
:2041600023F840211448FCF738F81448FCF752F805462A4611491048FCF716F80C48FCF7F6
:2041800049F806460C48FCF745F80B494518324607492846FCF708F84CB10748FCF73AF8C3
:2041A00005494518224606A1284608F0EBF870BD1610002004790020521000208C210108B4
:2041C000257300002DE9F04706460F46124800881FFA80F93846FCF71DF81FFA80F80025A9
:2041E00013E0002407E02819305C395D884200D003E0601C84B24445F5DB00BF444502D1BB
:204200007019BDE8F087681C85B2A9EB0800A842E7DC0020F5E700005C0000202DE9F04136
:20422000054600242846FBF7F5FFC7B2002600BF0EE0285D302802DB285D392800DD09E009
:2042400006EB86004600285D30380644601CC4B2BC42EEDB00BF3046BDE8F0812DE9F84F09
:2042600082460C465046FBF7D5FF8346002500260020009000274FF00308814600BF2FE0FE
:204280001AF8090019490D5CFF2D01D100202070FD2D00D122E0FE2D02D10025A8F10108C8
:2042A00045EA86160098401C0090042815D1C6F3074238467F1C2254B8F1010F04DDC6F3B9
:2042C000072238467F1C2254B8F1020F02DD38467F1C265400200646009000BF09F101093B
:2042E000D945CDDBB8B2BDE8F88F0000EC3C01082DE9F041054613460020002200260024BA
:204300001BB900270F70BDE8F08100243AE02A5D032794FBF7FC07FB1C4727B1012F0CD053
:20432000022F2CD116E0334F07EB920797F800800746401C01F8078021E0B707BF0E47EA57
:204340001217DFF8B0C01CF807800746401C01F8078014E03707BF0E47EA9217DFF894C025
:204360001CF807800746401C01F8078002F03F071CF807800746401C01F8078000BF00BFFF
:204380001646641C9C42C2DB032793FBF7FC07FB1C37012F15D102F00307DFF858C00CEBCE
:2043A000071797F800800746401C01F807804FF03D080746401C01F807800746401C01F858
:2043C0000780032793FBF7FC07FB1C37022F0FD102F00F07DFF81CC01CF827800746401C26
:2043E00001F807804FF03D080746401C01F8078000BF88E7AC3C010810B500244FF4807154
:204400000F48FBF7EAFE4FF480710E48FBF7E5FE00BF03E00A490C55601C84B2802CF9DB84
:20442000802208490648FFF763FF4FF480710448FBF7D3FE02490348FFF710FF10BD000038
:204440006C7900206C7A0020F0B59BB0002500201290002600271190634C202113A8FBF7EF
:20446000BCFE00F0E5F812AA13A9204600F07CFC002871D09DF8480000286ED05B480078A8
:20448000401F09282BD2DFE800F0052B3E516069708388009DF84800202808DA13AA54A11C
:2044A00001A807F06FFF56A101A8FFF7A1FC5848007828B9202213A95648FBF775FE00E0E1
:2044C00000BF5348007853497C3981F864011A204649087050490870642003F071FE6FE054
:2044E0004C487C38BDF84C10A0F89C1011AA0121084602F053FBBDF844004849C1F8C801A8
:2045000001F096FD5CE043487C38BDF84C10A0F89E1011AA0221012002F040FBBDF8440020
:204520003E49C1F8CC0101F083FD49E0202213A938482430FBF738FE384A68320321012079
:2045400002F02CFB01F074FD3AE032487C38BDF84C10A0F89E1033E044E032E0202213A9FA
:204560002C484630FBF720FE2AE02A487C38BDF84C10A0F8E21011AA0621012002F00EFB78
:20458000BDF84400254981F8C40101F051FD17E0002113A8FFF7FAFA12E01E487C38BDF8B9
:2045A0004C10A0F8041111AA0821012002F0F6FABDF844001949C1F8D40101F039FD00BF3C
:2045C00000BF4FF480710848FBF707FE00201449C880054808600548007800F069F864208D
:2045E00003F0EEFD1BB0F0BD4E110020A60000202F636D642F636F64652F222573220000E8
:204600002F636D642F636F64652F222A30000000740300206E6C0020A9000020B81600207A
:20462000000000200120014908707047A700002010B500241B480078002832D01A48008821
:2046400020B119480088401E1749088016480088B0B91648007800F02BF80021134800782E
:2046600002F0AAFF002408E0E0B202F071FB10B10E490C7003E0601C84B2572CF4DB00BF69
:20468000572C04D109480078401C0849087007480078562802DD0020044908700020014961
:2046A000087010BDA7000020AC000020A900002070B588B004460025002620216846FBF786
:2046C0008CFD572C71D2DFE804F02C343D464F576068717A828B939CA4F4FCF1F0EFEEED19
:2046E000ECEBEAE9E8E7E6E5E4E3E2E1E0DFDEDDDCDBDAD9D8D7D6D5D4D3D2D1D0CFCECD2A
:20470000CCCBCAC9C8C7C6C5C4C3C2C1C0BFBEBDBCBBBAB9B8B7B6B5B4B3B2B1B0AFAEAD09
:20472000AC0001261422FA496846FBF73DFD20250BE301262022F64914316846FBF734FD62
:20474000202502E301262022F14934316846FBF72BFD2025F9E201262022ED49543168466D
:20476000FBF722FD2025F0E20126E948416F0091806F01902025E8E201262022E4497C31A6
:204780006846FBF711FD2025DFE20126E048B0F89C00ADF800000225D7E20126DC48B0F85A
:2047A0009E00ADF800000225CFE2CDE201262022D749A0316846FBF7F7FC2025C5E201262F
:2047C000D348B0F89E00ADF800000225BDE201262022CF49C2316846FBF7E6FC2025B4E23C
:2047E0000126CB48B0F8E200ADF800000225ACE201262022C649E4316846FBF7D5FC202558
:20480000A3E20126C248B0F80401ADF8000002259BE20126BE48B0F80601ADF80000022544
:2048200093E289E280E277E26EE265E25CE253E24AE241E238E22FE226E21DE214E20BE26F
:2048400002E2F9E1F0E1E7E1DEE1D5E1CCE1C3E1BAE1B1E1A8E19FE196E18DE184E17BE15F
:2048600072E169E160E157E149E140E137E12EE125E11CE113E10AE101E1F7E0EEE0E4E083
:20488000DAE0D1E0C8E0BFE0B6E0ADE0A4E09CE093E08AE081E078E06FE066E05DE054E0A7
:2048A0004BE042E039E030E026E01CE012E008E0FFE70126102297496846FBF775FC202531
:2048C00043E201261022934910316846FBF76CFC20253AE2012610228E4920316846FBF7B3
:2048E00063FC202531E2012610228A4930316846FBF75AFC202528E2012610228549403197
:204900006846FBF751FC20251FE201268048B0F85801ADF80000022517E201267C48B0F81C
:204920005A01ADF8000002250FE201267848B0F85C01ADF80000022507E201267448B0F833
:204940005E01ADF800000225FFE101267048B0F86001ADF800000225F7E101266C48B0F83D
:204960006201ADF800000225EFE101266848B0F86401ADF800000225E7E101266448B0F845
:204980006601ADF800000225DFE101266048B0F86801ADF800000225D7E101265C48B0F84D
:2049A0006A01ADF800000225CFE101265848B0F86C01ADF800000225C7E101265448B0F855
:2049C0006E01ADF800000225BFE101265048D0F8700100900425B8E101264D48B0F87401D9
:2049E000ADF800000225B0E101264948B0F87601ADF800000225A8E101264548B0F8780159
:204A0000ADF800000225A0E101264148B0F87A01ADF80000022598E101263D48B0F87C0160
:204A2000ADF80000022590E101263948B0F87E01ADF80000022588E10126102235497831B5
:204A40006846FBF7B1FB10257FE101261022314988316846FBF7A8FB102576E101262C487F
:204A6000B0F8A001ADF8000002256EE10126182228499A316846FBF797FB182565E1012659
:204A80002348B0F8BA01ADF8000002255DE101261F48B0F8BC01ADF80000022555E1012622
:204AA0001B48B0F8BE01ADF8000002254DE101261748B0F8C001ADF80000022545E101262A
:204AC0001348B0F8C201ADF8000002253DE101260F48B0F8C401ADF80000022535E1012632
:204AE0000B48B0F8C601ADF8000002252DE101260748B0F8C801ADF80000022525E101263A
:204B00000348B0F8CA01ADF8000002251DE10000F26B0020FA6C002001269248B0F8CC0194
:204B2000ADF80000022510E101268E48B0F8CE01ADF80000022508E101268A48B0F8D0011D
:204B4000ADF80000022500E101268648B0F8D201ADF800000225F8E001268248B0F8D40126
:204B6000ADF800000225F0E001267E48B0F8D601ADF800000225E8E001267A48B0F8D8012F
:204B8000ADF800000225E0E001267648B0F8DA01ADF800000225D8E001267248B0F8DC0137
:204BA000ADF800000225D0E001266E48B0F8DE01ADF800000225C8E001266A48B0F8E0013F
:204BC000ADF800000225C0E001266648B0F8E201ADF800000225B8E001266248B0F8E40147
:204BE000ADF800000225B0E001265E48B0F8E601ADF800000225A8E001265A48B0F8E8014F
:204C0000ADF800000225A0E001265648B0F8EA01ADF80000022598E001265248B0F8EC0156
:204C2000ADF80000022590E001264E48B0F8EE01ADF80000022588E001264A48B0F8F0015E
:204C4000ADF80000022580E001264648B0F8F201ADF80000022578E001264248B0F8F40166
:204C6000ADF80000022570E001263E48B0F8F601ADF80000022568E001263A48B0F8F8016E
:204C8000ADF80000022560E001263648B0F8FA01ADF80000022558E001263248B0F8FC0176
:204CA000ADF80000022550E001262E48B0F8FE01ADF80000022548E001262A48B0F800027D
:204CC000ADF80000022540E001262648B0F80202ADF80000022538E001262248B0F8040284
:204CE000ADF80000022530E001261E48B0F80602ADF80000022528E001261A48B0F808028C
:204D0000ADF80000022520E001261648B0F80A02ADF80000022518E001261248B0F80C0293
:204D2000ADF80000022510E001260E48B0F80E02ADF80000022508E001260A48B0F810029B
:204D4000ADF80000022500E000BF00BF46B1802C06DA04F18001C8B22A46694600F040F86F
:204D600008B070BDF26B00202DE9F04705460E4617464FF00008C1462C462078AA282BD162
:204D8000E078401D6178884226D16078401C00EB05086078401E00EB05096078801E81B2C0
:204DA000601C00F097F8B9F80010884214D1B8F8000045F65B2188420ED1E07820B1E278F5
:204DC000211D3046FBF7F0F9E0783870A078034908700120BDE8F0870020FBE7A600002063
:204DE000FEB506460F461546AA208DF80000681DC0B28DF801008DF80260E8B28DF803002F
:204E000080212448FBF7E9F92248009901603FB17C2D05DC25B12A463946001DFBF7C4F942
:204E20009DF80100801E81B21A48401C00F052F8ADF8080045F65B20ADF80A009DF801006B
:204E4000401E144908440299016000241BE09DF80100C01C04F10801884205DD0D4908199D
:204E6000082100F019F808E09DF80120D21C121BD1B2084A101900F00FF8022003F0A0F9AC
:204E800004F10800C4B29DF80100C01CA042DEDCFEBD0000CE10002070B504460D462946A7
:204EA000204607F031F970BD00200449C8804FF480708880024808607047000000000020C5
:204EC0004E1100200120014908707047AE00002000BFFEE770B502460C46FF25FF2309E059
:204EE00012F8010B80EA05010648405C80EA03050548435C201EA4F10106B4B2F0D145EAB4
:204F0000032070BD5826010858270108F0B502460B460025681E00210DE0565C70400024B5
:204F200006E0060E054F57F8265000026840641C042CF6D3491C9942EFD3F0BDEC3D01085A
:204F400010B50246002006E013784340034CE05C521C4B1ED9B20029F6DC10BDC00000209B
:204F60000120014908707047B10000202DE9F04F91B005460E4617464FF00009CA46C846CE
:204F8000C3462846FBF746F981463046FBF742F9824615B10EB14F4503DD002011B0BDE8B8
:204FA000F08F002402E008F10108641CBC42FADB002406E02A5D58460BF1010B01A90A54D8
:204FC000641C4C45F6DB002405E0325D404608F101082A54641C5445F7DB3C4606E001A855
:204FE000025D404608F101082A54641C4C45F6DB002005F808002846D0E770B503460A4662
:2050000000200AE00A25B3FBF5F605FB1635303515540A25B3FBF5F3401C002BF2D1411E37
:2050200008E0545C451A6D1E555D5554451A6D1E5455491E00EBD076B1EB660FF1DA70BD5F
:205040000120014908707047B000002070B504460D4616465B49601A8C4260D011DCA1F12D
:205060000301A4EB01008C4232D005DC56482044A0B1FA281ED11EE0012836D00228F9D166
:2050800040E0032874D004DC012855D00228F1D15FE0042879D00C28ECD183E03246294678
:2050A0004A48FBF781F84A48007820F00400001D4749087083E0324629464648FBF774F87A
:2050C0004548007820F00100401C4349087076E0324629464148FBF767F83F48007820F034
:2050E0000200801C3C49087069E0324629463C48FBF75AF83848007820F00400001D364975
:2051000008705CE0324629463648FBF74DF83248007820F0080008302F4908704FE0324666
:2051200029463148FBF740F82B48007820F0100010302949087042E0324629462B48FBF7BA
:2051400033F82548007820F0200020302249087035E0324629462648FBF726F81E48007884
:2051600020F0400040301C49087028E000E00CE0324629461F48FBF717F81748007820F088
:20518000800080301449087019E0324629461A48FBF70AF80E48007820F00100401C0C4944
:2051A00008700CE0324629461448FAF7FDFF0848007820F00200801C0549087000BF00BFA1
:2051C00070BD000014E60618EA1AF9E7A70500202605002057050020250500205F05002045
:2051E000670500206F050020770500207F050020870500208F050020970500209F0500206F
:2052000000B589B04FF4C06008F0E2FD06A9002007F0ACFF01A9012007F0A8FF2E4807F01F
:205220005DFD40F2197008F0D3FD4FF40063032248212A4808F0A2FB4FF4805303221821E2
:20524000264808F09BFB00208DF81C0001208DF81D0000208DF81E008DF81F008DF82000C2
:205260008DF821008DF818008DF8190004208DF81A0002208DF81B000C20ADF8220006A926
:20528000154807F0C3FD0020ADF80E00ADF810000120ADF812000020ADF80400ADF8060026
:2052A000ADF80800ADF80A00ADF80C0001208DF8140001A807F022FD0221074807F037FECA
:2052C0000749032007F052FF00221146142008F081FC09B000BD000000640040000801408E
:2052E000D005002070B504460D4616462949601A8C4225D005DC2848204438B1012846D10E
:2053000011E0012829D0022841D133E0324629462248FAF749FF2248007820F0080008306F
:205320001F49087033E0324629461E48FAF73CFF1B48007820F0100010301949087026E0E6
:20534000324629461848FAF72FFF1548007820F00100401C1249087019E032462946134897
:20536000FAF722FF0E48007820F00200801C0C4908700CE0324629460D48FAF715FF084855
:20538000007820F00400001D0549087000BF00BF70BD000000E60618FE1AF9E73F05002093
:2053A0002405002047050020270500202F050020370500202DE9FF4702F02CFFFB49C9684E
:2053C000401AB0F57A7F33D302F024FFF749C86004F09CFF10B904F08BFF78B1F44800789F
:2053E00020F00100401CF24908700846407820F00100401C4870FF2088700FE0ED480078AF
:2054000060B9EB48007820F00100E94908700846407820F001004870FF2088700822E449D0
:20542000D00100F017FD0822E149E34800F010FD02F0F0FEDD490969401A41F28831884293
:2054400024D302F0E7FED949086104F051FF30B1DA48007820F00100D849087006E0D74885
:20546000007820F00100401CD4490870D448C079C0F3C000D149097801F00101884205D0BD
:205480000822CE49CC48401E00F0E2FCCD48007800F00100002859D0CA48007820F0010021
:2054A000C8490870C84880792838019001AA1521032001F09DFEC448C0792838019001AAF8
:2054C0001621032001F094FEBF48C07800F00701072005F0F1FFBC48C078C109062005F08B
:2054E000EBFFB948C078C0F3C001002005F0E4FFB5480078C0F34000B34A527840EAD210E2
:20550000B14A127802F001021043AF4A5278C2F3801240EA0201032005F0CEFFAA48007838
:20552000C0F38001012005F0C7FF0021022005F0C3FFA5488078C00920B10121052005F0A6
:20554000BBFF03E00021052005F0B6FF9D480078C0F34000002855D09C4840789B49097820
:2055600040EA0120039003AA1721032001F040FEBDF80C00FBF716F80746954A954BFAF758
:205580001FFF0546FBF73AF800F0FF0A5146042005F092FF8D48C0788C49897840EA012016
:2055A000039003AA1821032001F022FE874840798649097940EA01200390BDF80C000A219B
:2055C00090FBF1F080B2039003AA1921032001F00FFE7E48C0797D49897940EA012000B2CE
:2055E0000190BDF804006421484300B2019001AA1A21032001F0FCFD7248007820F00200D7
:20560000704908706F480078C0F3800028B16D48007820F002006B4908706A480078C0F3D6
:20562000C000C0B16C4840796B49097940EA01200390BDF80C000A2190FBF1F080B203909B
:2056400003AA1B21032001F0D3FD5E48007820F008005C4908705B480078C0F30010E8B1B3
:205660005848007820F0100056490870544840785349097840EA0120039003AA1C2103207F
:2056800001F0B6FD4E48C0784D49897840EA0120039003AA1D21032001F0AAFD4F4800786E
:2056A00000F0010000287DD04D4840794C49097900EB01200290642102984843029002AA99
:2056C0000421032001F094FD4FF47A710298B0FBF1F0C5B22946092005F0EEFE4048C078FC
:2056E0003F49897800EB012000B20190BDF80400A0F5FA6000B20190BDF80400642148431E
:2057000000B2019001AA0521032001F071FD04F0FDFD08BB04F0ECFDF0B9BDF90400B0F55D
:20572000FA7F15DD2F480078642818DA2D480078401C2C490870084600780A280FDD002057
:205740001C4908702748017827A006F00BFE06E000202449087002E0002022490870BDF938
:20576000040000284EDD64210298B0FBF1F0BDF9041048436421B0FBF1F0B0FBF1F91FFA13
:2057800089F0039003AA0021032001F031FD03AA0121032001F02CFD0020039003AA02215E
:2057A000032000E098E001F023FD62E0F87B0020B7050020BF05002033E60618AF050020BD
:2057C0004705002024050020270500202F050020B37BF2B0506B8A3F3F0500202505002072
:2057E00057050020C00500205375705077723A50726F746563742063616E63656C2025648D
:20580000200D0A00BDF90400002821DA64210298B0FBF1F0BDF90410494248436421B0FBB9
:20582000F1F0B0FBF1F90020039003AA0021032001F0DEFC03AA0121032001F0D9FC1FFAB2
:2058400089F0039003AA0221032001F0D1FC10E00020039003AA0021032001F0C9FC03AA94
:205860000121032001F0C4FC03AA0221032001F0BFFCFE480078C0F38010039003AA13211E
:20588000032001F0B5FCF9480078C009039003AA1421032001F0ACFCF44C2078617840EAB5
:2058A00001200390BDF80C0043F6FC710840039003AA1121032001F09BFC207800F00300DD
:2058C000039003AA1221032001F092FCE848007820F00100E6490870E5480078C0F34000BB
:2058E00098B1E4480078039003AA0621032001F07FFCBDF80C00C1B2082005F0DDFDDC4876
:20590000007820F00200DA490870D9480078C0F38000E8B3D8484079D749097900EB012074
:2059200080B2039003AA0A21032001F061FCBDF80C000290D0484078CF49097800EB012091
:2059400080B20390BDF80C0000EB80004FF6FF7101EA4000039003AA0821032001F048FCB5
:205960000298401CBDF80C1048430290C248C078C149897800EB012080B20390BDF80C0064
:2059800000EB80004FF6FF7101EA4000039000E01BE003AA0721032001F02AFCBDF80C106E
:2059A0000298401A02904FF47A710298B0FBF1F080B2039003AA0321084601F019FCAC482F
:2059C000007820F00400AA490870A9480078C0F3C000C8B3A9484078A849097800EB012052
:2059E00080B2039003AA0021042001F001FCA348C078A249897800EB012080B2039003AA75
:205A00000121042001F0F4FB9C4840799B49097900EB012080B2039003AA0221042001F0A7
:205A2000E7FB9648C0799549897900EB012080B2039003AA0321042001F0DAFB8C480078B5
:205A400020F008008A49087089480078C0F30010C8B38B4840788A49097800EB012080B23F
:205A6000039003AA0421084601F0C2FB8448C0788349897800EB012080B2039003AA052150
:205A8000042001F0B5FB7E4840797D49097900EB012080B2039003AA0621042001F0A8FB1D
:205AA0007748C0797649897900EB012080B2039003AA0721042001F09BFB7248007820F09A
:205AC0000800704908706A480078C0F34010C8B36D4840786C49097800EB012080B2039071
:205AE00003AA0821042001F083FB6748C0786649897800EB012080B2039003AA09210420DA
:205B000001F076FB604840795F49097900EB012080B2039003AA0A21042001F069FB5A48D4
:205B2000C0795949897900EB012080B2039003AA0B21042001F05CFB4D48007820F0200035
:205B40004B4908704A480078C0F38010C8B34F4840784E49097800EB012080B2039003AA8C
:205B60000C21042001F044FB4848C0784749897800EB012080B2039003AA0D21042001F08A
:205B800037FB424840794149097900EB012080B2039003AA0E21042001F02AFB3B48C079E1
:205BA0003A49897900EB012080B2039003AA0F21042001F01DFB2E48007820F040002C49D2
:205BC00008702B480078C009C8B3314840783049097800EB012080B2039003AA1021042020
:205BE00001F006FB2A48C0782949897800EB012080B2039003AA1121042001F0F9FA244872
:205C000040792349097900EB012080B2039003AA1221042001F0ECFA1D48C0791C4989792C
:205C200000EB012080B2039003AA1321042001F0DFFA0F48007820F080000D49087015483A
:205C4000007800F0010048B3134840781249097800EB012080B2039003AA1421042001F029
:205C6000C7FA0D48C0780C49897818E057050020250500205F050020670500206F0500201E
:205C800077050020240500207F050020870500208F05002026050020970500201BE000EB2E
:205CA000012080B2039003AA1521042001F0A0FA324840793149097900EB012080B203906C
:205CC00003AA1621042001F093FA2D48007820F001002B4908702A480078C0F34000E0B3E4
:205CE000002000902648007820F002002449087024480078283800906A461721042001F046
:205D000077FA20484078283800906A461821042001F06EFA1B488078283800906A46192167
:205D2000042001F065FA1748C078283800906A461A21042001F05CFA1248807928380090CF
:205D40006A461B21042001F053FA0E48C079283800906A461C21042000E002E001F048FA70
:205D600000BF07480078C0F3800028B10448007820F0040002490870BDE8FF87970500200F
:205D8000260500209F05002010B500201E4908701E4908701E4908701E4908701E490870B4
:205DA0001E480021016041601D48016041601D48016041601C48016041601C4801604160C0
:205DC0001B48016041601B48016041601A48016041601A480160416019480160416001606D
:205DE000416001604160016041600160416001604160144801604160134801604160182106
:205E00001248FAF7EAF910BD240500202505002026050020BF050020C00500202705002094
:205E20002F050020370500203F050020470500204F050020570500205F05002067050020E2
:205E40008F0500209F050020A7050020F87B00207047000070B586B004460D46164601A9B6
:205E6000022007F083F90194002002908DF80D008DF80C0008208DF80E00324629460DF183
:205E80000F00FAF791F901A9024807F0C7F806B070BD00000064004010B5812007F0C8FF23
:205EA00004460C480078A04211D10B480078062805DA09480078401C0749087009E007480B
:205EC000407820F00400001D0449487001E00148047010BD53020020500200203A02002026
:205EE0000120014908707047C1010020704701B5BDF8000000EBC00101EB00104FF6FF71A7
:205F000001EAC000009004E0BDF80000401E80B20090BDF800000028F6D108BD002001E023
:205F2000411CC8B21428FBDB704700000120014908707047B0020020014890F8C701704705
:205F4000B81600200148D0F8D4017047B81600200448D0F8CC01C0EB001080004FF47A717E
:205F600048437047B81600200148D0F8F0017047B81600200348D0F8EC014FF47A71484391
:205F800070470000B81600200748D0F8C80148B10548D0F8C801C0EB001080004FF47A713C
:205FA000484370470148FCE7B8160020E09304000148D0F8D8017047B816002010B50A4868
:205FC000007880B100200849087004F0AFF90446682221460548FAF7E7F8044A4FF42A710F
:205FE000002000F071F910BD58020020B816002070B504460D461646AAB2A1B23346A020EC
:2060000002F055FA70BD000000B50246024880F8C72100F00DF800BDB816002000B50246CE
:206020000248C0F8D82100F003F800BDB816002001200149087070475802002000BFFEE717
:206040004F5645532D5643552D3130330000000010B54FF42A716E48FAF7BFF86C4A4FF42D
:206060002A710020FFF7C4FF6948D0F8A402694988427FD066480078FF2805D14FF42A71C1
:206080006348FAF7AAF805E04FF4107160486830FAF7A3F8A6215E486830FAF79EF8102190
:2060A0005D48FAF79AF8A6215B481030FAF795F80F225AA156486830FAF776F81C225BA195
:2060C00055486638FAF770F8534826385FA10A680260097901715FA10A68C0F806208A8809
:2060E00042818979017316305CA10A680260496841601C225CA16030FAF756F846489030A6
:2061000061A10A68026009790171414860A10A68C0F8A421097980F8A8115FA10A68C0F85F
:20612000B4214968C0F8B8110120394981F8C401052081F8C501C1F8C8010220C1F8CC01E9
:206140000120C1F8D4010020C1F8D8011E20C1F8EC010020C1F8F001C1F86C02302151481F
:20616000FAF73BF82B482A49C1F8A40200E001E0FFF75EFFA62126486830FAF72EF8A621F7
:2061800025481030FAF729F8142247A122486638FAF70AF82048263849A10A680260097921
:2061A0000171142240A17630F9F7FEFF1A48903043A10A68026009790171154834A10A6851
:2061C000C0F8A421097980F8A81133A10A68C0F8B4214968C0F8B811EE302DA10A680260CA
:2061E0000979017110302CA10A680260496841601E200749C1F8C8011D20C1F8CC01084657
:2062000090F8A00220F0F000103081F8A00210BDB816002067452301C61700206F72616EC1
:2062200067652E6D326D2E73706563006D7174742D636C69656E74312E6F6D6E69766F6CAA
:20624000746169632E636F6D000000003138383834000000436C69656E743100335174702B
:20626000466E4453000000006D7174742D666163746F72792E6F6D6E69766F6C7461696315
:206280002E636F6D00000000313838383300000041646D696E00000037787A5556404D54E7
:2062A00000000000281900206D7174742E6F6D6E69766F6C746169632E636F6D0000000077
:2062C00031383833000000002DE9F04106460D46174600244FEA551800BF0CE007EB4413E9
:2062E00006EB441081B22022A02002F01FF9052001F066FF641C4445F0D305F01F0048B1C6
:2063000007EB441305F01F0206EB441081B2A02002F00CF9BDE8F08110B5012007F000F903
:2063200028B1012001F05CFF012007F0F3F810BD1A488078C0B91948407850B91748C078BB
:2063400018B900201649C87026E040201449C87022E01248C07818B920201149C8701BE088
:2063600060200F49C87017E00C48407850B90B48C07818B910200A49C8700DE0502008493C
:20638000C87009E00548C07818B930200449C87002E070200249C87070470000EC7B00207E
:2063A0001705002010B54FF4C06007F011FD4FF4A06007F065FC02221146062007F00AFC3B
:2063C0000021012007F08EFA01220021104607F043F8012007F09EF810BD10B5044607F0AF
:2063E0009BF940F2053007F0FBF84FF4417007F0F7F840F2023007F0F3F8204607F016F92C
:2064000040F2053007F0ECF84FF4417007F0E8F840F2023007F0E4F807F0F2F810BD2DE974
:20642000F04105460F46164607F076F900241BE056F8241005EB840007F090F956F82400C2
:2064400055F82410884202D00020BDE8F08140F2053007F0C5F84FF4417007F0C1F840F2F8
:20646000023007F0BDF8641CBC42E1D307F0C8F80120EAE72DE9F04F85B00027B846B946B5
:20648000BA46BB46764806784FF480517548F9F7A4FE14216846F9F7A0FE724C7248D0F8AB
:2064A0006C0220B17048D0F86C02082800D300266EA0007820702046F9F7ACFE04446A4876
:2064C000D0F86C0220B16848D0F86C02082805D367A269A1204605F055FF08E006EB4601E5
:2064E000694800EB410264A1204605F04BFF2046F9F790FE044465A00168216000792071EE
:20650000641D002512E0C6EBC60000EB4620614901EB800050F825205FA1204605F032FFEC
:206520002046F9F777FE0444681C85B23C2DEADB5AA10A6844F8012C8A88A4F803208979B6
:206540006171A41D002513E0C6EBC60000EB4620504901EB8000F03050F825204EA12046C1
:2065600005F010FF2046F9F755FE0444681C85B23C2DE9DB4BA10A6844F8012C8A88A4F8C9
:20658000032089796171A41D002514E0C6EBC60000EB46203F4901EB800000F5F07050F8D1
:2065A00025203DA1204605F0EDFE2046F9F732FE0444681C85B2182DE8DB3CA10A6844F856
:2065C000012C8A88A4F8032089796171A41D002514E0C6EBC60000EB46202E4901EB800064
:2065E00000F5107050F825202BA1204605F0CAFE2046F9F70FFE0444681C85B2B5F5B67F65
:20660000E7DD2CA10A6844F8012C8A88A4F8032089796171A41D002514E0C6EBC60000EB2D
:2066200046201C4901EB800000F2F47050F8252019A1204605F0A6FE2046F9F7EBFD044401
:20664000681C85B20A2DE8DB641E1CA0008820800020FDF777FD034805B0BDE8F08F000073
:2066600060020020C05A0020B81600207B0000006E756C6C000000002261626163223A2213
:206680002573222C00000000281900202273223A5B000000E019002025642C005D2C226D81
:2066A000223A5B005D2C2268223A5B005D2C2264223A5B005D2C2279223A5B005D7D0000DE
:2066C000014908707047000060020020F8B54FF480516748F9F781FD654E6649B1F8D011F5
:2066E00088B200F055FE6349B1F8CC1188B200F05DFE6049B1F8C81188B200F073FE002779
:20670000A9E06946384600F0ABFA044604B9A0E0052F2ED2DFE807F00309121B240056A062
:20672000016831604068706023E0761E55A00168316041687160007A30721AE0761E54A049
:206740000168316041687160007A307211E0761E52A00168316041687160007A307208E0BA
:20676000761E51A00168316041687160007A307200BF00BF3046F9F74DFD0644002563E024
:2067800004EB0510C06802280CD104EB05104068B0F9003004EB051046A10268304605F081
:2067A000F1FD4BE004EB0510C06801280AD104EB0510436804EB051041A10268304605F026
:2067C000E1FD3BE004EB0510C06807280AD104EB0510436804EB05103CA10268304605F025
:2067E000D1FD2BE004EB0510C06804280AD104EB0510436804EB051034A10268304605F030
:20680000C1FD1BE004EB0510C06805280BD104EB05104068036804EB051026A102683046C8
:2068200005F0B0FD0AE004EB05104068038804EB051020A10268304605F0A4FD3046F9F7F4
:20684000E9FC0644681CC5B29DF80000854297DB00BF781CC7B2052FFFF653AF761E1EA0F7
:20686000008830800020FDF76DFC0148F8BD0000C05A0020B81600207B22617474223A7B80
:20688000000000007D2C22636D64223A7B0000007D2C22737473223A7B0000007D2C2264F7
:2068A0007461223A7B0000007D2C22646961223A7B000000222573223A25642C0000000091
:2068C000222573223A222573222C0000222573223A25732C000000007D7D00002DE9F0417F
:2068E00086B080460F460025002000904FF480518048F9F772FC142101A8F9F76EFC7D4E35
:206900007D49B1F8D01188B200F042FD7A49B1F8CC1188B200F04AFD7749B1F8C81188B288
:2069200000F060FD3046F9F775FC06446946404600F096F905461DB96E4806B0BDE8F08192
:20694000B8F1050F4FD2DFE808F0031221303F003FB16AA00168316041687160007A30726B
:2069600004E069A001683160406870603BE03FB168A00168316041687160007A307204E031
:2069800067A001683160406870602CE03FB167A00168316041687160007A307204E063A004
:2069A00001683160406870601DE03FB162A00168316041687160007A307204E061A0016898
:2069C0003160406870600EE03FB161A00168316041687160007A307204E060A00168316061
:2069E0004068706000BF00BF3046F9F713FC0644002475E06FB105EB0410836805EB041056
:206A000059A10268304605F0BDFC01A8FDF79AFB60E005EB0410C06802280CD105EB041045
:206A20004068B0F9003005EB041052A10268304605F0A8FC4BE005EB0410C06801280AD10A
:206A400005EB0410436805EB04104DA10268304605F098FC3BE005EB0410C06807280AD1DB
:206A600005EB0410436805EB041048A10268304605F088FC2BE005EB0410C06804280AD1E3
:206A800005EB0410436805EB041040A10268304605F078FC1BE005EB0410C06805280BD1E9
:206AA00005EB04104068036805EB041031A10268304605F067FC0AE005EB04104068038890
:206AC00005EB04102BA10268304605F05BFC0020FDF738FB3046F9F79DFB0644601CC4B239
:206AE0009DF80000844285DB761E2BA000883080004822E7C05A0020B81600207B225F616E
:206B00007474223A7B0000007B22617474223A7B000000007B225F636D64223A7B000000F2
:206B20007B22636D64223A7B000000007B22737473223A7B000000007B225F647461223A4E
:206B40007B0000007B22647461223A7B000000007B225F646961223A7B0000007B226469A2
:206B600061223A7B00000000225F2573223A222573222C00222573223A25642C0000000095
:206B8000222573223A222573222C0000222573223A25732C000000007D7D00002DE9F843B2
:206BA00007460C4616466946384600F059F805461DB19DF80000844202DB0020BDE8F883DB
:206BC00005EB0410C068082841D2DFE800F0040A18401E2C403205EB041040680088308089
:206BE00037E005EB04114868F9F714FB804605EB0410424641683046F9F7D6FA29E005EBA0
:206C0000041040680088308023E005EB04114868F9F700FB804605EB04104246416830466C
:206C2000F9F7C2FA15E005EB04104068006830600FE005EB04114868F9F7ECFA804605EBDF
:206C40000410424641683046F9F7AEFA01E00020B4E700BF0120B1E700487047C05A002094
:206C600002460023052A1AD2DFE802F003070C111500052008700C4B13E0092008700A4BBC
:206C800050330EE00E200870074BE03309E01E200870064B05E01D200870054B01E000209D
:206CA000704700BF1846FBE760280108202A0108002C010810B503460024052B3DD2DFE8CD
:206CC00003F0030E1A263100052907DA1D4800EB0110006800681060012010BD2FE0092960
:206CE00008DA1848503000EB01100068006810600120F2E723E00E2908DA1248E03000EB2B
:206D000001100068006810600120E6E700BF1E2907DA0D4800EB011000680068106001209B
:206D2000DBE70CE01D2907DA084800EB01100068006810600120D0E701E00020CDE700BFA6
:206D40000020CAE760280108202A0108002C01080146014A505C70479A6B002030B5A1B0F9
:206D6000802101A8F9F739FA0024B8212E48F9F734FA22212D48F9F730FAFF2258212C4835
:206D8000F9F724FA40F212212A48F9F726FA2AA000F04EFB28A000F033FB27A20C210320FC
:206DA00000F026FA24A20B21032000F021FA24A20E21032000F01CFA5B208DF8040000BFC2
:206DC00014E001A8F9F726FA18280DD201A8F9F721FA01A9451804EB44011A4800EB410268
:206DE00019A1284605F0CEFA601CC4B21848D0F8F001A042E5D81648D0F8F00138B101A85B
:206E0000F9F708FA401E01A95D220A5405E001A8F9F700FA01A95D220A5401AA07210120A8
:206E200000F0E6F921B030BDC06A0020786B00209A6B0020F26B0020302E30300000000018
:206E400020000000AC180020222573222C000000B81600202DE9F04786B04FF00009002548
:206E600000200090824680464FF480519448F9F7B4F9142101A8F9F7B0F99249B1F8D0116B
:206E800088B200F085FA8F49B1F8CC1188B200F08DFA8C49B1F8C81188B200F0A3FA884E46
:206EA0008848D0F8F00118B9304606B0BDE8F08785A0007830703046F9F7ACF90644002777
:206EC000ECE04FF0000869463846FFF7C9FE054605B9E1E07B48D0F8F001484500D8E0E04A
:206EE0000024C3E005EB041209EB49031168774A02EB4300F9F77CF900286ED0052F45D205
:206F0000DFE807F003101D2A3700B8F1000F06D16FA0016831608188B1808079B0714FF0F7
:206F2000010833E0B8F1000F06D16BA0016831608188B1808079B0714FF0010826E0B8F156
:206F4000000F06D166A0016831608188B1808079B0714FF0010819E0B8F1000F06D162A025
:206F6000016831608188B1808079B0714FF001080CE0B8F1000F06D15DA001683160818800
:206F8000B1808079B0714FF0010800BF00BF3046F9F740F9064405EB0410C06802280CD1C4
:206FA00005EB04104068B0F9003005EB041052A10268304605F0E6F94CE005EB0410C06849
:206FC00001280BD105EB0410436805EB04104DA10268304605F0D6F93CE045E005EB041022
:206FE000C06807280AD105EB0410436805EB041047A10268304605F0C5F92BE005EB041022
:20700000C06804280AD105EB0410436805EB04103FA10268304605F0B5F91BE005EB04102C
:20702000C06805280BD105EB04104068036805EB041031A10268304605F0A4F90AE005EBE6
:2070400004104068038805EB04102BA10268304605F098F909F1010000F0FF091948D0F897
:20706000F001484500D806E0601CC4B29DF800008442FFF637AF00BFB8F1000F0BD03046E4
:20708000F9F7C8F8401E064424A0008830803046F9F7C0F8064400BF781CC7B2052FFFF63F
:2070A00010AF00BF3046F9F7B5F8401E06441CA0007830700020FDF745F80148F5E600004E
:2070C000C05A0020B81600207B000000AC18002022617474223A7B0022636D64223A7B00BA
:2070E00022737473223A7B0022647461223A7B0022646961223A7B00222573223A25642C19
:2071000000000000222573223A222573222C0000222573223A25732C000000007D2C0000CE
:207120007D00000070B50546134C4FF480512046F9F753F811A001682160406860602046E5
:20714000F9F768F804442846F9F764F840F6F671884208D22846F9F75DF8064632462946B6
:207160002046F9F721F82046F9F754F8044405A00088208070BD0000C05A00207B22636D15
:2071800064223A007D00000070B50546134C4FF480512046F9F721F811A00168216040681D
:2071A00060602046F9F736F804442846F9F732F840F6F671884208D22846F9F72BF80646AD
:2071C000324629462046F8F7EFFF2046F9F722F8044406A00088208070BD0000C05A002098
:2071E0007B22636D64223A7B000000007D7D00002DE9F84380460C461646002569464046CE
:20720000FFF72EFD0546B8F1050F12D2DFE808F00305080B0E005D4F0DE05C4F7F1D0AE0AF
:207220005A4F0E3707E0594F1C3704E0574F3A3701E0002700BF00BF25B19DF800008442CC
:2072400000DA17B90020BDE8F88305EB0410C06808287DD2DFE800F0041A2F95455A95804C
:2072600005EB0410406800783178884206D105EB0410406840787178884201D0012038550A
:2072800005EB04104068318801807CE005EB041148683146F8F7C5FF08B1012038553046F0
:2072A000F8F7B8FF814605EB04114A4648683146F8F77AFF67E005EB041040680078317829
:2072C000884206D105EB0410406840787178884201D00120385505EB041040683188018091
:2072E00051E005EB041148683146F8F79AFF08B1012038553046F8F78DFF814605EB041185
:207300004A4648683146F8F74FFF3CE005EB0410406800783178884214D105EB0410406835
:207320004078717888420DD105EB041040688078B178884206D105EB04104068C078F17849
:20734000884201D00120385505EB0410406800E017E03168016016E005EB04114868314645
:20736000F8F75FFF08B1012038553046F8F752FF814605EB04114A4648683146F8F714FF1E
:2073800001E000205FE700BF01205CE79A6B002001B5BDF800000449A1F8B6006A4607217F
:2073A0000220FFF725FF08BDC06A002001B5BDF800000449A1F876006A4602210120FFF7D1
:2073C00017FF08BDC06A002001B5BDF800000449A1F8B4006A4606210220FFF709FF08BDC7
:2073E000C06A002001B5BDF800000449A1F874006A4601210846FFF7FBFE08BDC06A002060
:2074000070B504462046F8F705FF10280DD22046F8F700FF05462A4621460448F8F7C4FE1A
:20742000024A04210220FFF7E3FE70BD546B002070B504462046F8F7EDFE10280DD22046AA
:20744000F8F7E8FE05462A4621460448F8F7ACFE024A05210220FFF7CBFE70BD646B0020E1
:2074600070B504460D461F2D09DC2A4621460448F8F79AFE224600210120FFF7B9FE70BDEB
:20748000146B002001B5BDF800000449A1F878006A4608210120FFF7ABFE08BDC06A0020DC
:2074A00070B505460C46142C09DC224629460448F8F77AFE024A00210846FFF799FE70BDE6
:2074C000C06A002001B5BDF800000449A1F844006A460D210220FFF78BFE08BDC06A00203F
:2074E00001B5BDF800000449A1F840006A460A210220FFF77DFE08BDC06A002001B5BDF813
:2075000000000449A1F842006A460B210220FFF76FFE08BDC06A002070B505460C46202CC5
:2075200009DC224629460448F8F73EFE024A01210020FFF75DFE70BDD46A002001B5BDF843
:2075400000000449A1F87A006A4606210120FFF74FFE08BDC06A002001B5BDF800000449C9
:2075600088876A4608210220FFF742FE08BD0000C06A00200149A1F84E007047C06A00208A
:2075800001B5BDF800000449C8876A4609210220FFF72EFE08BD0000C06A002001B5BDF84C
:2075A00000000449A1F846006A4600210220FFF71FFE08BDC06A0020014A11547047000023
:2075C0009A6B002070B504464FF480510948F8F704FE2046F8F71EFEB0F5805F08D220468C
:2075E000F8F718FE05462A4621460248F8F7DCFD70BD0000C05A002070B505460C46082CF5
:2076000009DC224629460448F8F7CEFD024A04210020FFF7EDFD70BDF46A00202DE9F04343
:2076200087B0814600250020019000274FF480518C48F8F7D2FD142102A8F8F7CEFD8A493D
:20764000B1F8D01188B2FFF7A3FE8749B1F8CC1188B2FFF7ABFE8449B1F8C81188B2FFF721
:20766000C1FE804EA846F6E001A94046FFF7F8FA054605B9EBE00024E3E005EB0410016879
:207680004846F8F7B5FD00287ED078A14846F8F7AFFD00B10127B8F1050F4FD2DFE808F08D
:2076A000031221303F003FB172A00168316041687160007A307204E071A0016831604068FC
:2076C00070603BE03FB171A00168316041687160007A307204E070A00168316040687060C8
:2076E0002CE03FB16FA00168316041687160007A307204E06EA001683160406870601DE08E
:207700003FB16EA00168316041687160007A307204E06DA001683160406870600EE03FB19A
:207720006CA00168316041687160007A307204E06BA0016831604068706000BF00BF304658
:20774000F8F768FD06446FB105EB0410836805EB041066A10268304604F014FE02A8FCF7EE
:20776000F1FC61E005EB0410C06802280DD105EB04104068B0F9003005EB04105EA10268B5
:20778000304604F0FFFD4CE059E005EB0410C06801280AD105EB0410436805EB041058A142
:2077A0000268304604F0EEFD3BE005EB0410C06807280AD105EB0410436805EB041053A112
:2077C0000268304604F0DEFD2BE005EB0410C06804280AD105EB0410436805EB04104BA11D
:2077E0000268304604F0CEFD1BE005EB0410C06805280BD105EB04104068036805EB04109F
:207800003DA10268304604F0BDFD0AE005EB04104068038805EB041037A10268304604F02B
:20782000B1FD0020FCF78EFC3046F8F7F3FC064438A0008830800B4807B0BDE8F083601CB1
:20784000C4B29DF804008442FFF617AF00BF08F1010000F0FF08B8F1050FFFF605AF014839
:20786000EAE70000C05A0020B81600206D657461000000007B225F617474223A7B0000004C
:207880007B22617474223A7B000000007B225F636D64223A7B0000007B22636D64223A7B7C
:2078A000000000007B225F737473223A7B0000007B22737473223A7B000000007B225F646D
:2078C0007461223A7B0000007B22647461223A7B000000007B225F646961223A7B0000004E
:2078E0007B22646961223A7B00000000225F2573223A222573220000222573223A256400F6
:20790000222573223A22257322000000222573223A2573007D7D00002DE9F04705460E46E1
:2079200000270024A0462846F8F774FC1FFA80F900BF0CE0781C87B208F101001FFA80F8B4
:207940004C4502DB0020BDE8F087601C84B2285DB042EFD13846F6E70148007870470000C1
:20796000B00200202DE9F05F0025FEF795FA872006F05EFA8246892006F05AFA83468D2001
:2079800006F056FA07460FB1FF2F19D13B480078062808DA39480078401C384908703848A3
:2079A0000068BDE8F09F3748407820F00400001D34494870E120344908704FF40040F0E73E
:2079C00000202E49087007F00F05380900EB800005EB4005A9464FF0000811240DE0E1175C
:2079E00004EB91718910A4EB810111B908F5B77801E008F26D18601CC4B2AC42EFD30BF0F9
:207A00000F054FEA1B1000EB800005EB40050026012423E0012C0BD0032C09D0052C07D0E8
:207A2000072C05D0082C03D00A2C01D00C2C01D11F3611E0042C05D0062C03D0092C01D0D0
:207A40000B2C01D11E3607E0022C05D109F0030008B91D3600E01C36601CC4B2AC42D9D310
:207A60000AF00F054FEA1A1000EB800005EB4005354445446D1E284693E70000500200200E
:207A8000700300203A0200205903002001480078704700004F02002001480078C008704752
:207AA0009C04002001480078704700009D02002001480078704700009E02002001490870D5
:207AC000704700009E02002001490870704700009D02002001200149087070479F0200209C
:207AE00010B540F2026006F073F940F2036006F06FF940F2046006F06BF940F2056006F05B
:207B000067F94FF4005301221421524805F036FF4FF48043012214214E4805F02FFF4FF4F9
:207B20000043012214214B4805F028FF01231A461021494805F022FF022301221021464898
:207B400005F01CFF042301221021444805F016FF8023012210213F4805F010FF4FF480734C
:207B6000012210213B4805F009FF4FF4004301221021394805F002FF4FF480730122102156
:207B8000354805F0FBFE102301221946324805F0F5FE2023012210212F4805F0EFFE8023D0
:207BA000012210212C4805F0E9FE402301221021294805F0E3FE01228021264805F08CFE72
:207BC00001221102234805F087FE00220221224805F082FE00220421204805F07DFE4023E4
:207BE000012214211D4805F0C9FE8023012214211A4805F0C3FE4FF4804301224821174808
:207C000005F0BCFE4FF4004301224821124805F0B5FE2023012248210E4805F0AFFE0123B6
:207C20001A4648210D4805F0A9FE022301221021094805F0A3FE4FF40053012210210748F1
:207C400005F09CFE01221102034805F045FEFEF7A9FB10BD0010014000080140000C01408F
:207C60000448054908600020C8804FF40060888070470000246E0020180000202DE9F04FF9
:207C80008FB00025FE4E00240027A34600200E908046B1460D9000F0BDFAFA490968401A33
:207CA00042F2107188420CD9F748007848B9FFF7D7FF4FF41641F54804F022FB0120F24998
:207CC00008704FF40062F2A1304605F0C5FE04462046F8F79FFA1FFA80FA5246EEA120466E
:207CE00005F0BAFE0746002C7ED0002FFCD0E41D2C212046FFF710FEC5B200F08BFAE14947
:207D00000860062D1DDB607830382178303901EB810100EB4100E1490870E0783038A17879
:207D2000303901EB810100EB4100DC494870607930382179303901EB810100EB4100D74965
:207D400088706019441C2C212046FFF7E5FDC5B26019441C2C212046FFF7DEFDC5B2601903
:207D6000441C2C212046FFF7D7FDC5B26019441C2C212046FFF7D0FDC5B26019441C2C21C3
:207D80002046FFF7C9FDC5B26019441C2C212046FFF7C2FDC5B22046F8F751FA80B20D9023
:207DA0000DAA10210320FFF723FA6019441C2C212046FFF7B1FDC5B26019441C2C21204672
:207DC000FFF7AAFDC5B2062D1FD1607830382178303901EB810100EB4100B1498870E07846
:207DE0003038A178303900E02EE001EB810100EB4100AB494870607930382179303901EB35
:207E0000810100EB4100A649C870202105A8F8F7E4F9A2488078A1494978A04A1278A04BE7
:207E20009B78CDE90032CDE902109D484378C2789CA105A804F0A6FA05AA0E210320FFF730
:207E4000D7F900244FF001084FF400629AA1304605F002FE0446002C5CD0E41D2C21204645
:207E6000FFF75AFDC5B26019441C2C212046FFF753FDC5B26019441C2C212046FFF74CFD2A
:207E8000C5B26019441C2C212046FFF745FDC5B26019441C2C212046FFF73EFDC5B2601983
:207EA000441C2C212046FFF737FDC5B26019441C2C212046FFF730FDC5B26019441C2C21C2
:207EC0002046FFF729FDC5B26019441C2C212046FFF722FDC5B22046F8F7B1F97849088049
:207EE0006019C41C2C212046FFF716FDC5B2744A0D210320FFF77CF96019C41C2C21204670
:207F0000FFF70AFDC5B26019441C2C212046FFF703FDC5B24FF400626AA1304605F09CFD40
:207F20000446002C7ED0322000F04AF9A4EB0900C0F5006082B258A1204605F08DFD002811
:207F400071D0A41D2C212046FFF7E6FCC5B210215E48F8F742F910215D48F8F73EF9102DE3
:207F600005DD102221465948F8F71EF906E0002D04DD2A4621465548F8F716F9534803F0EB
:207F8000F5FA544A1060516011460868496805F071F9504A10605160202105A8F8F71DF9AE
:207FA0006019441C2C212046FFF7B6FCC5B22078532807D147490868496881F00041454A39
:207FC0001060516043480268436843A105A804F0D9F905AA0C210320FFF70AF96019441CB8
:207FE0002C212046FFF798FCC5B2102D05DD102221463748F8F7D8F806E0002D04DD2A4673
:2080000021463348F8F7D0F8314803F0AFFA334A1060516011460868496805F02BF92F4A0A
:20802000106001E08AE06BE05160202105A8F8F7D4F86019441C2C212046FFF76DFCC5B27E
:208040002078572807D125490868496881F00041224A106051602148026843681EA105A879
:2080600004F090F905AA0B210320FFF7C1F86019441C2C212046FFF74FFCC5B260192FE00A
:20808000246E00207C0200207B020020004C004024474E524D4300000D0A00009102002002
:2080A00094020020323025642D25642D25642025643A25643A25640024474E4747410000FC
:2080C00078020020474E474C4C000000046E0020146E0020700200202566000068020020B7
:2080E000441C2C21A01DFFF717FCC5B22078412803D101201349087002E0002011490870F8
:20810000B8F1000F1AD04FF400610F48F8F765F800200E49C8804FF4006088800A48086052
:2081200000200B49087000224FF40061094805F0D3FB43F69821132003F004FE0FB0BDE8FB
:20814000F08F000080020020246E0020180000207A0200200008014010B500200349087086
:208160000349087003F07CFB10BD0000980200209902002010B5F9F761FD00F041FD10BD81
:2081800010B500F04DFDFBF7A3FC0B48007838B100200949087001221146084805F09CFB5B
:2081A000FFF77AFC30B1FFF7E5FF03F005FE072003F08CFB10BD00009F020020000801402A
:2081C00000B5014600F026F803460A46501C00B1521C00BF00F01EF8C01A9042FAD300BD76
:2081E00010B50446012C0FD10A20FDF780FE2021064805F019FC012803D104200449087048
:2082000002E003200249087010BD000000100140B102002001480068704700000C0500200C
:2082200010B54F480068401C4D490860002493E004EB44004B4901EB8000406840680028DE
:2082400060D004EB440001EB80004068007800F00100002856D004EB440001EB8000408889
:2082600001284FD104EB440001EB800040684068401E04EB44013B4A02EB810149684860E7
:2082800004EB4400114601EB800040684068C8BB04EB440001EB80004068007820F0F8004E
:2082A000083004EB440102EB81014968087004EB4400114601EB800040680078C0F34000B1
:2082C00068B904EB440001EB80004068007820F0010004EB440102EB81014968087004EBF2
:2082E0004400204901EB8000806858B104EB44020B4603EB8202506804EB440203EB82021D
:208300009168884704EB4400164901EB80004068007800F00100E8B104EB440001EB80004E
:208320004088B8B904EB440031F82000082811D104EB440001EB8000806858B104EB4402B1
:208340000B4603EB8202506804EB440203EB820291688847601CC4B2172CFFF469AF10BD26
:208360000C050020983B010870B5054620213048F7F733FF1C212F48F7F72FFF2E49686890
:2083800008602E492868086008682A49FCF735FE2848F7F73FFF0A2804D2002228A1254801
:2083A000FCF7E4FD2348F7F735FF22494618224908683146FCF721FE1E48F7F72BFFC0F100
:2083C000140406E004F109021DA11A48FCF7CEFD641E002CF6DC02221AA11648FCF7C6FD4E
:2083E000062218A11348FCF7C1FD0A2215A11148FCF7BCFD0E2213A10E48FCF7B7FD122294
:2084000010A10C48FCF7B2FD16220EA10948FCF7ADFD07480CA1098801801A220549801CAC
:20842000F7F7C2FE024809A10978017770BD0000981600207C160020BC000020B800002040
:2084400030000000200000002A3000002300000070B506460C461C2500230AE03168E9407C
:2084600001F00F0000F0B4FBE054281FC5B2581CC3B2082BF2DB1C2500230CE07168E94030
:2084800001F00F0000F0A4FB03F108016054281FC5B2581CC3B2082BF0DB0020207470BD16
:2084A000002001E0411CC8B23228FBDB70472DE9F04107460D4614461E46384600F00CF9E5
:2084C00020B900F03FF90020BDE8F081281200F0B1F818B900F036F90020F5E7E8B200F01C
:2084E000A9F818B900F02EF90020EDE7781CC7B2384600F0F1F818B900F024F90020E3E7D3
:208500000EE0012C05D13046761C002100F040F804E03046761C012100F03AF8601E84B235
:20852000002CEED100F00EF90120CDE72DE9F04107460C4615461E46384600F0CDF820B9D3
:2085400000F000F90020BDE8F081201200F072F818B900F0F7F80020F5E7E0B200F06AF8E0
:2085600018B900F0EFF80020EDE70AE016F8010B00F060F818B900F0E5F80020E3E7681E05
:2085800085B2002DF2D100F0DDF80120DBE7000070B504460E468025002020700122802130
:2085A000234805F099F9FFF77BFFFFF779FF16E0012240211E4805F08FF9FFF771FF802187
:2085C0001B4805F031FA10B120782843207000224021174805F080F9FFF762FF6D10002D73
:2085E000E6D1FFF75DFF2EB100228021104805F073F904E0012280210D4805F06DF9FFF7C9
:208600004FFF012240210A4805F066F9FFF748FF00224021064805F05FF9FFF741FF01222E
:208620008021034805F058F9FFF73AFF70BD0000000C014070B5054680244FF47A7620E018
:2086400004EA050028B101228021224805F044F904E0002280211F4805F03EF9FFF720FF9F
:20866000FFF71EFF012240211A4805F035F9FFF717FF00224021174805F02EF9FFF710FFCF
:208680006410002CDCD101228021124805F024F9FFF706FF012240210E4805F01DF9C82491
:2086A000FFF7FEFE00BF80210A4805F0BDF918B1701E80B2061EF6D1FFF7F2FE002240218E
:2086C000044805F009F9FFF7EBFE0EB1012070BD0020FCE7000C014070B505464FF47A747A
:2086E00001228021164805F0F7F8FFF7D9FE01224021134805F0F0F8FFF7D2FE00BF402105
:208700000F4805F091F918B9601E80B2041EF6D1FFF7C6FE0CB9002070BD0022802108483A
:2087200005F0DAF8FFF7BCFE00224021044805F0D3F8FFF7B5FE2846FFF77CFFECE70000D8
:20874000000C014010B5002280210A4805F0C4F8FFF7A6FE01224021064805F0BDF8FFF735
:208760009FFE01228021034805F0B6F8FFF798FE10BD0000000C0140FEB504460D460D485F
:2087800001680091416801910089ADF808008DF80540ADF80650042101A805F04DF9064654
:2087A000ADF808600520FFF70BFD0A21684603F08FFDFEBD8C3B010810B500218E2007F01B
:2087C0009DFC0021802007F099FC0021822007F095FC0021842007F091FC0121862007F060
:2087E0008DFC0121882007F089FC17218C2007F085FC07218A2007F081FC0021902007F040
:208800007DFC80218E2007F079FC00200149086010BD0000700300200348007808B1012055
:2088200070470020FCE70000A60200200448054908600020C8804FF40070888070470000DA
:20884000E4760020200000200149087070470000B202002070B50446A006040E002523E0C2
:2088600000222021124805F037F8FDF757FB04F0800038B1012280210D4805F02DF8FDF74D
:208880004DFB06E000228021094805F025F8FDF745FB6006040E01222021054805F01CF81E
:2088A000FDF73CFB681CC5B2062DD9DB70BD00000008014070B504460D46C5F1080004FAB7
:2088C00000F0C4B2002619E0002220210D4805F003F8FDF723FBC4F3C0128021094804F0EA
:2088E000FBFFFDF71BFB6006040E01222021054804F0F2FFFDF712FB701CC6B2AE42E3DBB3
:2089000070BD00000008014070B504460D46002618E000222021104804F0DEFFFDF7FEFA89
:2089200004F0010280210C4804F0D6FFFDF7F6FA641001222021084804F0CEFFFDF7EEFAD9
:20894000701CC6B2AE42E4DB01228021024804F0C3FFFDF7E3FA70BD00080140002004E055
:208960000021034A1154411CC8B22028F8DB7047E478002010B5002210215C4804F0ACFFA4
:20898000FDF7CCFA03210420FFF794FF08210120FFF790FF01210020FFF78CFF0122102166
:2089A000524804F099FFFDF7B9FA002210214F4804F092FFFDF7B2FA03210420FFF77AFF24
:2089C00008210320FFF776FF01210020FFF772FF01221021454804F07FFFFDF79FFA002235
:2089E0001021424804F078FFFDF798FA03210420FFF760FF08210620FFF75CFF012100204C
:208A0000FFF758FF01221021384804F065FFFDF785FA00221021354804F05EFFFDF77EFADD
:208A200003210420FFF746FF08211820FFF742FF01210020FFF73EFF012210212B4804F0EB
:208A40004BFFFDF76BFA00221021284804F044FFFDF764FA03210420FFF72CFF082129204C
:208A6000FFF728FF01210020FFF724FF012210211E4804F031FFFDF751FA002210211B48AB
:208A800004F02AFFFDF74AFA03210420FFF712FF0821E320FFF70EFF01210020FFF70AFFC2
:208AA00001221021114804F017FFFDF737FA002210210E4804F010FFFDF730FA03210420C8
:208AC000FFF7F8FE08216020FFF7F4FE01210020FFF7F0FE01221021044804F0FDFEFDF770
:208AE0001DFAFFF73BFF00F003F810BD0008014010B5002210210F4804F0EEFEFDF70EFAE3
:208B000003210520FFF7D6FE0020FFF7A3FE002406E00949085D0421FFF7F6FE601CC4B2C9
:208B2000202CF6DB01221021024804F0D5FEFDF7F5F910BD00080140E478002000BFFEE79B
:208B40000349C97860F34101014AD17070470000640300200248C078C0F3400070470000FD
:208B60006403002001200149087070476803002000B502460648C07862F300000449C870EC
:208B80000846C07820F0FC00C870FFF7EBFF00BD6403002000B50D48C0780621B1EB900F43
:208BA0000BDD0A48C078012101EB90000749C97860F387010548C17005E00448C07820F042
:208BC000FC000249C870FFF7CDFF00BD6403002001460020092903DC01F13002D0B202E010
:208BE00001F13702D0B2704701480078704700009A020020014800787047000098020020AB
:208C000010B50020044908700120087001221146024804F061FE10BD98020020000801402A
:208C200038B5F948007800B138BDF848007834281BD2DFE800F01A1B2C1A1A1A3C4C711A6E
:208C40001A1A1A1A1A1A1A1A1A1A1A1A1A1AF31A1A1AF2C481915EA4D4F4B4F0EFEEEDEC7B
:208C6000EBEAE9E81A1AE7E6E5E4D2E20220F9F781F80220E54908700020E5490870E54989
:208C80000870012141F2883002F0D2FDC1E2E248007801280AD10220F9F76CF8012141F27A
:208CA000883002F0C5FD0620D8490870B1E2DA48007801280AD10620F9F75CF8012141F299
:208CC000883002F0B5FD0720D0490870A1E2D248007801280CD10720F9F74CF8012141F2B5
:208CE000883002F0A5FD2020C8490870FCF7A8F98FE2C9480078012802D0C848407850B10D
:208D00003220F9F737F8012141F2883002F090FD0820BE4908707CE2BF48007801280AD1CE
:208D20000820F9F727F8012141F2883002F080FD1E20B64908706CE2B748007801280AD102
:208D40001C20F9F717F8012141F2883002F070FD2120AE4908705CE2AF480078012802D014
:208D6000AE48407850B11D20F9F704F8012141F2883002F05DFD2120A449087049E2A64803
:208D8000007801280AD11E20F8F7F4FF012141F2883002F04DFD24209C49087039E29E484C
:208DA000007801280AD12020F8F7E4FF012141F2883002F03DFD22209449087029E296486C
:208DC000007801280AD11B20F8F7D4FF012141F2883002F02DFD22208C49087000BF8E48CD
:208DE000007801280AD11F20F8F7C4FF012141F2883002F01DFD23208449087009E21AE080
:208E0000F3E1E2E1D1E17BE14CE13BE193E082E056E045E02FE01EE001E0F6E183E17F4844
:208E2000407838B11F20F8F7A5FF01214FF4FA6002F0FEFCEDE17848007801280AD10720E3
:208E4000F8F798FF012141F2883002F0F1FC25206E490870DDE17048007801280AD12120F9
:208E6000F8F788FF012141F2883002F0E1FC262066490870CDE16848007801280FD1222012
:208E8000F8F778FF012141F2883002F0D1FC27205E490870FBF71EF90020FBF753F9B8E13A
:208EA0005D48007801280AD12320F8F763FF012141F2707002F0BCFC282054490870A8E138
:208EC0005548007801280AD12420F8F753FF012141F2707002F0ACFC29204C4908704F4838
:208EE0004078142816DB4E48007840B14D48D0F8D001401C4B49C1F8D001FDF799F802203F
:208F0000F8F738FF012141F2707002F091FC01203E4908707DE14048007801280AD12820AD
:208F2000F8F728FF012141F2883002F081FC2A20364908706DE138480078012863D13A4938
:208F400008703A4800780090364890F8C4113048037837480278374803F004FA314890F8D7
:208F6000C401C0B132480078A8B929480078012811DB2520F8F7FEFE012141F2883002F03B
:208F800057FC2C20214908700120284908702AA003F0E8F937E0FDF70BF80446FCF7D2FF8C
:208FA00084420FD32248007860B927A0FEF736FB032000F03FF90020FDF730F824A003F0E3
:208FC000D1F912E01A48007848B11FA0FEF726FB032000F02FF923A003F0C4F905E000207A
:208FE0001249087023A003F0BDF90020F8F7C2FE012141F2883002F01BFC18200349087051
:20900000FFFFFFFFFFFFFFFFFFFFFFFFFFFFFFFFFFFFFFFFFFFFFFFFFFFFFFFFFFFFFFFF70
:20902000FFFFFFFFFFFFFFFFFFFFFFFFFFFFFFFFFFFFFFFFFFFFFFFFFFFFFFFFFFFFFFFF50
:20904000FFFFFFFFFFFFFFFFFFFFFFFFFFFFFFFFFFFFFFFFFFFFFFFFFFFFFFFFFFFFFFFF30
:20906000FFFFFFFFFFFFFFFFFFFFFFFFFFFFFFFFFFFFFFFFFFFFFFFFFFFFFFFFFFFFFFFF10
:20908000FFFFFFFFFFFFFFFFFFFFFFFFFFFFFFFFFFFFFFFFFFFFFFFFFFFFFFFFFFFFFFFFF0
:2090A000FFFFFFFFFFFFFFFFFFFFFFFFFFFFFFFFFFFFFFFFFFFFFFFFFFFFFFFFFFFFFFFFD0
:2090C000FFFFFFFFFFFFFFFFFFFFFFFFFFFFFFFFFFFFFFFFFFFFFFFFFFFFFFFFFFFFFFFFB0
:2090E000FFFFFFFFFFFFFFFFFFFFFFFFFFFFFFFFFFFFFFFFFFFFFFFFFFFFFFFFFFFFFFFF90
:20910000FFFFFFFFFFFFFFFFFFFFFFFFFFFFFFFFFFFFFFFFFFFFFFFFFFFFFFFFFFFFFFFF6F
:20912000FFFFFFFFFFFFFFFFFFFFFFFFFFFFFFFFFFFFFFFFFFFFFFFFFFFFFFFFFFFFFFFF4F
:20914000FFFFFFFFFFFFFFFFFFFFFFFFFFFFFFFFFFFFFFFFFFFFFFFFFFFFFFFFFFFFFFFF2F
:20916000FFFFFFFFFFFFFFFFFFFFFFFFFFFFFFFFFFFFFFFFFFFFFFFFFFFFFFFFFFFFFFFF0F
:20918000FFFFFFFFFFFFFFFFFFFFFFFFFFFFFFFFFFFFFFFFFFFFFFFFFFFFFFFFFFFFFFFFEF
:2091A000FFFFFFFFFFFFFFFFFFFFFFFFFFFFFFFFFFFFFFFFFFFFFFFFFFFFFFFFFFFFFFFFCF
:2091C000FFFFFFFFFFFFFFFFFFFFFFFFFFFFFFFFFFFFFFFFFFFFFFFFFFFFFFFFFFFFFFFFAF
:2091E000FFFFFFFFFFFFFFFFFFFFFFFFFFFFFFFFFFFFFFFFFFFFFFFFFFFFFFFFFFFFFFFF8F
:20920000FFFFFFFFFFFFFFFFFFFFFFFFFFFFFFFFFFFFFFFFFFFFFFFFFFFFFFFFFFFFFFFF6E
:20922000FFFFFFFFFFFFFFFFFFFFFFFFFFFFFFFFFFFFFFFFFFFFFFFFFFFFFFFFFFFFFFFF4E
:20924000FFFFFFFFFFFFFFFFFFFFFFFFFFFFFFFFFFFFFFFFFFFFFFFFFFFFFFFFFFFFFFFF2E
:20926000FFFFFFFFFFFFFFFFFFFFFFFFFFFFFFFFFFFFFFFFFFFFFFFFFFFFFFFFFFFFFFFF0E
:20928000FFFFFFFFFFFFFFFFFFFFFFFFFFFFFFFFFFFFFFFFFFFFFFFFFFFFFFFFFFFFFFFFEE
:2092A000FFFFFFFFFFFFFFFFFFFFFFFFFFFFFFFFFFFFFFFFFFFFFFFFFFFFFFFFFFFFFFFFCE
:2092C000FFFFFFFFFFFFFFFFFFFFFFFFFFFFFFFFFFFFFFFFFFFFFFFFFFFFFFFFFFFFFFFFAE
:2092E000FFFFFFFFFFFFFFFFFFFFFFFFFFFFFFFFFFFFFFFFFFFFFFFFFFFFFFFFFFFFFFFF8E
:20930000FFFFFFFFFFFFFFFFFFFFFFFFFFFFFFFFFFFFFFFFFFFFFFFFFFFFFFFFFFFFFFFF6D
:20932000FFFFFFFFFFFFFFFFFFFFFFFFFFFFFFFFFFFFFFFFFFFFFFFFFFFFFFFFFFFFFFFF4D
:20934000FFFFFFFFFFFFFFFFFFFFFFFFFFFFFFFFFFFFFFFFFFFFFFFFFFFFFFFFFFFFFFFF2D
:20936000FFFFFFFFFFFFFFFFFFFFFFFFFFFFFFFFFFFFFFFFFFFFFFFFFFFFFFFFFFFFFFFF0D
:20938000FFFFFFFFFFFFFFFFFFFFFFFFFFFFFFFFFFFFFFFFFFFFFFFFFFFFFFFFFFFFFFFFED
:2093A000FFFFFFFFFFFFFFFFFFFFFFFFFFFFFFFFFFFFFFFFFFFFFFFFFFFFFFFFFFFFFFFFCD
:2093C000FFFFFFFFFFFFFFFFFFFFFFFFFFFFFFFFFFFFFFFFFFFFFFFFFFFFFFFFFFFFFFFFAD
:2093E000FFFFFFFFFFFFFFFFFFFFFFFFFFFFFFFFFFFFFFFFFFFFFFFFFFFFFFFFFFFFFFFF8D
:20940000FFFFFFFFFFFFFFFFFFFFFFFFFFFFFFFFFFFFFFFFFFFFFFFFFFFFFFFFFFFFFFFF6C
:20942000FFFFFFFFFFFFFFFFFFFFFFFFFFFFFFFFFFFFFFFFFFFFFFFFFFFFFFFFFFFFFFFF4C
:20944000FFFFFFFFFFFFFFFFFFFFFFFFFFFFFFFFFFFFFFFFFFFFFFFFFFFFFFFFFFFFFFFF2C
:20946000FFFFFFFFFFFFFFFFFFFFFFFFFFFFFFFFFFFFFFFFFFFFFFFFFFFFFFFFFFFFFFFF0C
:20948000FFFFFFFFFFFFFFFFFFFFFFFFFFFFFFFFFFFFFFFFFFFFFFFFFFFFFFFFFFFFFFFFEC
:2094A000FFFFFFFFFFFFFFFFFFFFFFFFFFFFFFFFFFFFFFFFFFFFFFFFFFFFFFFFFFFFFFFFCC
:2094C000FFFFFFFFFFFFFFFFFFFFFFFFFFFFFFFFFFFFFFFFFFFFFFFFFFFFFFFFFFFFFFFFAC
:2094E000FFFFFFFFFFFFFFFFFFFFFFFFFFFFFFFFFFFFFFFFFFFFFFFFFFFFFFFFFFFFFFFF8C
:20950000FFFFFFFFFFFFFFFFFFFFFFFFFFFFFFFFFFFFFFFFFFFFFFFFFFFFFFFFFFFFFFFF6B
:20952000FFFFFFFFFFFFFFFFFFFFFFFFFFFFFFFFFFFFFFFFFFFFFFFFFFFFFFFFFFFFFFFF4B
:20954000FFFFFFFFFFFFFFFFFFFFFFFFFFFFFFFFFFFFFFFFFFFFFFFFFFFFFFFFFFFFFFFF2B
:20956000FFFFFFFFFFFFFFFFFFFFFFFFFFFFFFFFFFFFFFFFFFFFFFFFFFFFFFFFFFFFFFFF0B
:20958000FFFFFFFFFFFFFFFFFFFFFFFFFFFFFFFFFFFFFFFFFFFFFFFFFFFFFFFFFFFFFFFFEB
:2095A000FFFFFFFFFFFFFFFFFFFFFFFFFFFFFFFFFFFFFFFFFFFFFFFFFFFFFFFFFFFFFFFFCB
:2095C000FFFFFFFFFFFFFFFFFFFFFFFFFFFFFFFFFFFFFFFFFFFFFFFFFFFFFFFFFFFFFFFFAB
:2095E000FFFFFFFFFFFFFFFFFFFFFFFFFFFFFFFFFFFFFFFFFFFFFFFFFFFFFFFFFFFFFFFF8B
:20960000FFFFFFFFFFFFFFFFFFFFFFFFFFFFFFFFFFFFFFFFFFFFFFFFFFFFFFFFFFFFFFFF6A
:20962000FFFFFFFFFFFFFFFFFFFFFFFFFFFFFFFFFFFFFFFFFFFFFFFFFFFFFFFFFFFFFFFF4A
:20964000FFFFFFFFFFFFFFFFFFFFFFFFFFFFFFFFFFFFFFFFFFFFFFFFFFFFFFFFFFFFFFFF2A
:20966000FFFFFFFFFFFFFFFFFFFFFFFFFFFFFFFFFFFFFFFFFFFFFFFFFFFFFFFFFFFFFFFF0A
:20968000FFFFFFFFFFFFFFFFFFFFFFFFFFFFFFFFFFFFFFFFFFFFFFFFFFFFFFFFFFFFFFFFEA
:2096A000FFFFFFFFFFFFFFFFFFFFFFFFFFFFFFFFFFFFFFFFFFFFFFFFFFFFFFFFFFFFFFFFCA
:2096C000FFFFFFFFFFFFFFFFFFFFFFFFFFFFFFFFFFFFFFFFFFFFFFFFFFFFFFFFFFFFFFFFAA
:2096E000FFFFFFFFFFFFFFFFFFFFFFFFFFFFFFFFFFFFFFFFFFFFFFFFFFFFFFFFFFFFFFFF8A
:20970000FFFFFFFFFFFFFFFFFFFFFFFFFFFFFFFFFFFFFFFFFFFFFFFFFFFFFFFFFFFFFFFF69
:20972000FFFFFFFFFFFFFFFFFFFFFFFFFFFFFFFFFFFFFFFFFFFFFFFFFFFFFFFFFFFFFFFF49
:20974000FFFFFFFFFFFFFFFFFFFFFFFFFFFFFFFFFFFFFFFFFFFFFFFFFFFFFFFFFFFFFFFF29
:20976000FFFFFFFFFFFFFFFFFFFFFFFFFFFFFFFFFFFFFFFFFFFFFFFFFFFFFFFFFFFFFFFF09
:20978000FFFFFFFFFFFFFFFFFFFFFFFFFFFFFFFFFFFFFFFFFFFFFFFFFFFFFFFFFFFFFFFFE9
:2097A000FFFFFFFFFFFFFFFFFFFFFFFFFFFFFFFFFFFFFFFFFFFFFFFFFFFFFFFFFFFFFFFFC9
:2097C000FFFFFFFFFFFFFFFFFFFFFFFFFFFFFFFFFFFFFFFFFFFFFFFFFFFFFFFFFFFFFFFFA9
:2097E000FFFFFFFFFFFFFFFFFFFFFFFFFFFFFFFFFFFFFFFFFFFFFFFFFFFFFFFFFFFFFFFF89
:20980000FFFFFFFFFFFFFFFFFFFFFFFFFFFFFFFFFFFFFFFFFFFFFFFFFFFFFFFFFFFFFFFF68
:20982000FFFFFFFFFFFFFFFFFFFFFFFFFFFFFFFFFFFFFFFFFFFFFFFFFFFFFFFFFFFFFFFF48
:20984000FFFFFFFFFFFFFFFFFFFFFFFFFFFFFFFFFFFFFFFFFFFFFFFFFFFFFFFFFFFFFFFF28
:20986000FFFFFFFFFFFFFFFFFFFFFFFFFFFFFFFFFFFFFFFFFFFFFFFFFFFFFFFFFFFFFFFF08
:20988000FFFFFFFFFFFFFFFFFFFFFFFFFFFFFFFFFFFFFFFFFFFFFFFFFFFFFFFFFFFFFFFFE8
:2098A000FFFFFFFFFFFFFFFFFFFFFFFFFFFFFFFFFFFFFFFFFFFFFFFFFFFFFFFFFFFFFFFFC8
:2098C000FFFFFFFFFFFFFFFFFFFFFFFFFFFFFFFFFFFFFFFFFFFFFFFFFFFFFFFFFFFFFFFFA8
:2098E000FFFFFFFFFFFFFFFFFFFFFFFFFFFFFFFFFFFFFFFFFFFFFFFFFFFFFFFFFFFFFFFF88
:20990000FFFFFFFFFFFFFFFFFFFFFFFFFFFFFFFFFFFFFFFFFFFFFFFFFFFFFFFFFFFFFFFF67
:20992000FFFFFFFFFFFFFFFFFFFFFFFFFFFFFFFFFFFFFFFFFFFFFFFFFFFFFFFFFFFFFFFF47
:20994000FFFFFFFFFFFFFFFFFFFFFFFFFFFFFFFFFFFFFFFFFFFFFFFFFFFFFFFFFFFFFFFF27
:20996000FFFFFFFFFFFFFFFFFFFFFFFFFFFFFFFFFFFFFFFFFFFFFFFFFFFFFFFFFFFFFFFF07
:20998000FFFFFFFFFFFFFFFFFFFFFFFFFFFFFFFFFFFFFFFFFFFFFFFFFFFFFFFFFFFFFFFFE7
:2099A000FFFFFFFFFFFFFFFFFFFFFFFFFFFFFFFFFFFFFFFFFFFFFFFFFFFFFFFFFFFFFFFFC7
:2099C000FFFFFFFFFFFFFFFFFFFFFFFFFFFFFFFFFFFFFFFFFFFFFFFFFFFFFFFFFFFFFFFFA7
:2099E000FFFFFFFFFFFFFFFFFFFFFFFFFFFFFFFFFFFFFFFFFFFFFFFFFFFFFFFFFFFFFFFF87
:209A0000FFFFFFFFFFFFFFFFFFFFFFFFFFFFFFFFFFFFFFFFFFFFFFFFFFFFFFFFFFFFFFFF66
:209A2000FFFFFFFFFFFFFFFFFFFFFFFFFFFFFFFFFFFFFFFFFFFFFFFFFFFFFFFFFFFFFFFF46
:209A4000FFFFFFFFFFFFFFFFFFFFFFFFFFFFFFFFFFFFFFFFFFFFFFFFFFFFFFFFFFFFFFFF26
:209A6000FFFFFFFFFFFFFFFFFFFFFFFFFFFFFFFFFFFFFFFFFFFFFFFFFFFFFFFFFFFFFFFF06
:209A8000FFFFFFFFFFFFFFFFFFFFFFFFFFFFFFFFFFFFFFFFFFFFFFFFFFFFFFFFFFFFFFFFE6
:209AA000FFFFFFFFFFFFFFFFFFFFFFFFFFFFFFFFFFFFFFFFFFFFFFFFFFFFFFFFFFFFFFFFC6
:209AC000FFFFFFFFFFFFFFFFFFFFFFFFFFFFFFFFFFFFFFFFFFFFFFFFFFFFFFFFFFFFFFFFA6
:209AE000FFFFFFFFFFFFFFFFFFFFFFFFFFFFFFFFFFFFFFFFFFFFFFFFFFFFFFFFFFFFFFFF86
:209B0000FFFFFFFFFFFFFFFFFFFFFFFFFFFFFFFFFFFFFFFFFFFFFFFFFFFFFFFFFFFFFFFF65
:209B2000FFFFFFFFFFFFFFFFFFFFFFFFFFFFFFFFFFFFFFFFFFFFFFFFFFFFFFFFFFFFFFFF45
:209B4000FFFFFFFFFFFFFFFFFFFFFFFFFFFFFFFFFFFFFFFFFFFFFFFFFFFFFFFFFFFFFFFF25
:209B6000FFFFFFFFFFFFFFFFFFFFFFFFFFFFFFFFFFFFFFFFFFFFFFFFFFFFFFFFFFFFFFFF05
:209B8000FFFFFFFFFFFFFFFFFFFFFFFFFFFFFFFFFFFFFFFFFFFFFFFFFFFFFFFFFFFFFFFFE5
:209BA000FFFFFFFFFFFFFFFFFFFFFFFFFFFFFFFFFFFFFFFFFFFFFFFFFFFFFFFFFFFFFFFFC5
:209BC000FFFFFFFFFFFFFFFFFFFFFFFFFFFFFFFFFFFFFFFFFFFFFFFFFFFFFFFFFFFFFFFFA5
:209BE000FFFFFFFFFFFFFFFFFFFFFFFFFFFFFFFFFFFFFFFFFFFFFFFFFFFFFFFFFFFFFFFF85
:209C0000FFFFFFFFFFFFFFFFFFFFFFFFFFFFFFFFFFFFFFFFFFFFFFFFFFFFFFFFFFFFFFFF64
:209C2000FFFFFFFFFFFFFFFFFFFFFFFFFFFFFFFFFFFFFFFFFFFFFFFFFFFFFFFFFFFFFFFF44
:209C4000FFFFFFFFFFFFFFFFFFFFFFFFFFFFFFFFFFFFFFFFFFFFFFFFFFFFFFFFFFFFFFFF24
:209C6000FFFFFFFFFFFFFFFFFFFFFFFFFFFFFFFFFFFFFFFFFFFFFFFFFFFFFFFFFFFFFFFF04
:209C8000FFFFFFFFFFFFFFFFFFFFFFFFFFFFFFFFFFFFFFFFFFFFFFFFFFFFFFFFFFFFFFFFE4
:209CA000FFFFFFFFFFFFFFFFFFFFFFFFFFFFFFFFFFFFFFFFFFFFFFFFFFFFFFFFFFFFFFFFC4
:209CC000FFFFFFFFFFFFFFFFFFFFFFFFFFFFFFFFFFFFFFFFFFFFFFFFFFFFFFFFFFFFFFFFA4
:209CE000FFFFFFFFFFFFFFFFFFFFFFFFFFFFFFFFFFFFFFFFFFFFFFFFFFFFFFFFFFFFFFFF84
:209D0000FFFFFFFFFFFFFFFFFFFFFFFFFFFFFFFFFFFFFFFFFFFFFFFFFFFFFFFFFFFFFFFF63
:209D2000FFFFFFFFFFFFFFFFFFFFFFFFFFFFFFFFFFFFFFFFFFFFFFFFFFFFFFFFFFFFFFFF43
:209D4000FFFFFFFFFFFFFFFFFFFFFFFFFFFFFFFFFFFFFFFFFFFFFFFFFFFFFFFFFFFFFFFF23
:209D6000FFFFFFFFFFFFFFFFFFFFFFFFFFFFFFFFFFFFFFFFFFFFFFFFFFFFFFFFFFFFFFFF03
:209D8000FFFFFFFFFFFFFFFFFFFFFFFFFFFFFFFFFFFFFFFFFFFFFFFFFFFFFFFFFFFFFFFFE3
:209DA000FFFFFFFFFFFFFFFFFFFFFFFFFFFFFFFFFFFFFFFFFFFFFFFFFFFFFFFFFFFFFFFFC3
:209DC000FFFFFFFFFFFFFFFFFFFFFFFFFFFFFFFFFFFFFFFFFFFFFFFFFFFFFFFFFFFFFFFFA3
:209DE000FFFFFFFFFFFFFFFFFFFFFFFFFFFFFFFFFFFFFFFFFFFFFFFFFFFFFFFFFFFFFFFF83
:209E0000FFFFFFFFFFFFFFFFFFFFFFFFFFFFFFFFFFFFFFFFFFFFFFFFFFFFFFFFFFFFFFFF62
:209E2000FFFFFFFFFFFFFFFFFFFFFFFFFFFFFFFFFFFFFFFFFFFFFFFFFFFFFFFFFFFFFFFF42
:209E4000FFFFFFFFFFFFFFFFFFFFFFFFFFFFFFFFFFFFFFFFFFFFFFFFFFFFFFFFFFFFFFFF22
:209E6000FFFFFFFFFFFFFFFFFFFFFFFFFFFFFFFFFFFFFFFFFFFFFFFFFFFFFFFFFFFFFFFF02
:209E8000FFFFFFFFFFFFFFFFFFFFFFFFFFFFFFFFFFFFFFFFFFFFFFFFFFFFFFFFFFFFFFFFE2
:209EA000FFFFFFFFFFFFFFFFFFFFFFFFFFFFFFFFFFFFFFFFFFFFFFFFFFFFFFFFFFFFFFFFC2
:209EC000FFFFFFFFFFFFFFFFFFFFFFFFFFFFFFFFFFFFFFFFFFFFFFFFFFFFFFFFFFFFFFFFA2
:209EE000FFFFFFFFFFFFFFFFFFFFFFFFFFFFFFFFFFFFFFFFFFFFFFFFFFFFFFFFFFFFFFFF82
:209F0000FFFFFFFFFFFFFFFFFFFFFFFFFFFFFFFFFFFFFFFFFFFFFFFFFFFFFFFFFFFFFFFF61
:209F2000FFFFFFFFFFFFFFFFFFFFFFFFFFFFFFFFFFFFFFFFFFFFFFFFFFFFFFFFFFFFFFFF41
:209F4000FFFFFFFFFFFFFFFFFFFFFFFFFFFFFFFFFFFFFFFFFFFFFFFFFFFFFFFFFFFFFFFF21
:209F6000FFFFFFFFFFFFFFFFFFFFFFFFFFFFFFFFFFFFFFFFFFFFFFFFFFFFFFFFFFFFFFFF01
:209F8000FFFFFFFFFFFFFFFFFFFFFFFFFFFFFFFFFFFFFFFFFFFFFFFFFFFFFFFFFFFFFFFFE1
:209FA000FFFFFFFFFFFFFFFFFFFFFFFFFFFFFFFFFFFFFFFFFFFFFFFFFFFFFFFFFFFFFFFFC1
:209FC000FFFFFFFFFFFFFFFFFFFFFFFFFFFFFFFFFFFFFFFFFFFFFFFFFFFFFFFFFFFFFFFFA1
:209FE000FFFFFFFFFFFFFFFFFFFFFFFFFFFFFFFFFFFFFFFFFFFFFFFFFFFFFFFFFFFFFFFF81
:20A00000FFFFFFFFFFFFFFFFFFFFFFFFFFFFFFFFFFFFFFFFFFFFFFFFFFFFFFFFFFFFFFFF60
:20A02000FFFFFFFFFFFFFFFFFFFFFFFFFFFFFFFFFFFFFFFFFFFFFFFFFFFFFFFFFFFFFFFF40
:20A04000FFFFFFFFFFFFFFFFFFFFFFFFFFFFFFFFFFFFFFFFFFFFFFFFFFFFFFFFFFFFFFFF20
:20A06000FFFFFFFFFFFFFFFFFFFFFFFFFFFFFFFFFFFFFFFFFFFFFFFFFFFFFFFFFFFFFFFF00
:20A08000FFFFFFFFFFFFFFFFFFFFFFFFFFFFFFFFFFFFFFFFFFFFFFFFFFFFFFFFFFFFFFFFE0
:20A0A000FFFFFFFFFFFFFFFFFFFFFFFFFFFFFFFFFFFFFFFFFFFFFFFFFFFFFFFFFFFFFFFFC0
:20A0C000FFFFFFFFFFFFFFFFFFFFFFFFFFFFFFFFFFFFFFFFFFFFFFFFFFFFFFFFFFFFFFFFA0
:20A0E000FFFFFFFFFFFFFFFFFFFFFFFFFFFFFFFFFFFFFFFFFFFFFFFFFFFFFFFFFFFFFFFF80
:20A10000FFFFFFFFFFFFFFFFFFFFFFFFFFFFFFFFFFFFFFFFFFFFFFFFFFFFFFFFFFFFFFFF5F
:20A12000FFFFFFFFFFFFFFFFFFFFFFFFFFFFFFFFFFFFFFFFFFFFFFFFFFFFFFFFFFFFFFFF3F
:20A14000FFFFFFFFFFFFFFFFFFFFFFFFFFFFFFFFFFFFFFFFFFFFFFFFFFFFFFFFFFFFFFFF1F
:20A16000FFFFFFFFFFFFFFFFFFFFFFFFFFFFFFFFFFFFFFFFFFFFFFFFFFFFFFFFFFFFFFFFFF
:20A18000FFFFFFFFFFFFFFFFFFFFFFFFFFFFFFFFFFFFFFFFFFFFFFFFFFFFFFFFFFFFFFFFDF
:20A1A000FFFFFFFFFFFFFFFFFFFFFFFFFFFFFFFFFFFFFFFFFFFFFFFFFFFFFFFFFFFFFFFFBF
:20A1C000FFFFFFFFFFFFFFFFFFFFFFFFFFFFFFFFFFFFFFFFFFFFFFFFFFFFFFFFFFFFFFFF9F
:20A1E000FFFFFFFFFFFFFFFFFFFFFFFFFFFFFFFFFFFFFFFFFFFFFFFFFFFFFFFFFFFFFFFF7F
:20A20000FFFFFFFFFFFFFFFFFFFFFFFFFFFFFFFFFFFFFFFFFFFFFFFFFFFFFFFFFFFFFFFF5E
:20A22000FFFFFFFFFFFFFFFFFFFFFFFFFFFFFFFFFFFFFFFFFFFFFFFFFFFFFFFFFFFFFFFF3E
:20A24000FFFFFFFFFFFFFFFFFFFFFFFFFFFFFFFFFFFFFFFFFFFFFFFFFFFFFFFFFFFFFFFF1E
:20A26000FFFFFFFFFFFFFFFFFFFFFFFFFFFFFFFFFFFFFFFFFFFFFFFFFFFFFFFFFFFFFFFFFE
:20A28000FFFFFFFFFFFFFFFFFFFFFFFFFFFFFFFFFFFFFFFFFFFFFFFFFFFFFFFFFFFFFFFFDE
:20A2A000FFFFFFFFFFFFFFFFFFFFFFFFFFFFFFFFFFFFFFFFFFFFFFFFFFFFFFFFFFFFFFFFBE
:20A2C000FFFFFFFFFFFFFFFFFFFFFFFFFFFFFFFFFFFFFFFFFFFFFFFFFFFFFFFFFFFFFFFF9E
:20A2E000FFFFFFFFFFFFFFFFFFFFFFFFFFFFFFFFFFFFFFFFFFFFFFFFFFFFFFFFFFFFFFFF7E
:20A30000FFFFFFFFFFFFFFFFFFFFFFFFFFFFFFFFFFFFFFFFFFFFFFFFFFFFFFFFFFFFFFFF5D
:20A32000FFFFFFFFFFFFFFFFFFFFFFFFFFFFFFFFFFFFFFFFFFFFFFFFFFFFFFFFFFFFFFFF3D
:20A34000FFFFFFFFFFFFFFFFFFFFFFFFFFFFFFFFFFFFFFFFFFFFFFFFFFFFFFFFFFFFFFFF1D
:20A36000FFFFFFFFFFFFFFFFFFFFFFFFFFFFFFFFFFFFFFFFFFFFFFFFFFFFFFFFFFFFFFFFFD
:20A38000FFFFFFFFFFFFFFFFFFFFFFFFFFFFFFFFFFFFFFFFFFFFFFFFFFFFFFFFFFFFFFFFDD
:20A3A000FFFFFFFFFFFFFFFFFFFFFFFFFFFFFFFFFFFFFFFFFFFFFFFFFFFFFFFFFFFFFFFFBD
:20A3C000FFFFFFFFFFFFFFFFFFFFFFFFFFFFFFFFFFFFFFFFFFFFFFFFFFFFFFFFFFFFFFFF9D
:20A3E000FFFFFFFFFFFFFFFFFFFFFFFFFFFFFFFFFFFFFFFFFFFFFFFFFFFFFFFFFFFFFFFF7D
:20A40000FFFFFFFFFFFFFFFFFFFFFFFFFFFFFFFFFFFFFFFFFFFFFFFFFFFFFFFFFFFFFFFF5C
:20A42000FFFFFFFFFFFFFFFFFFFFFFFFFFFFFFFFFFFFFFFFFFFFFFFFFFFFFFFFFFFFFFFF3C
:20A44000FFFFFFFFFFFFFFFFFFFFFFFFFFFFFFFFFFFFFFFFFFFFFFFFFFFFFFFFFFFFFFFF1C
:20A46000FFFFFFFFFFFFFFFFFFFFFFFFFFFFFFFFFFFFFFFFFFFFFFFFFFFFFFFFFFFFFFFFFC
:20A48000FFFFFFFFFFFFFFFFFFFFFFFFFFFFFFFFFFFFFFFFFFFFFFFFFFFFFFFFFFFFFFFFDC
:20A4A000FFFFFFFFFFFFFFFFFFFFFFFFFFFFFFFFFFFFFFFFFFFFFFFFFFFFFFFFFFFFFFFFBC
:20A4C000FFFFFFFFFFFFFFFFFFFFFFFFFFFFFFFFFFFFFFFFFFFFFFFFFFFFFFFFFFFFFFFF9C
:20A4E000FFFFFFFFFFFFFFFFFFFFFFFFFFFFFFFFFFFFFFFFFFFFFFFFFFFFFFFFFFFFFFFF7C
:20A50000FFFFFFFFFFFFFFFFFFFFFFFFFFFFFFFFFFFFFFFFFFFFFFFFFFFFFFFFFFFFFFFF5B
:20A52000FFFFFFFFFFFFFFFFFFFFFFFFFFFFFFFFFFFFFFFFFFFFFFFFFFFFFFFFFFFFFFFF3B
:20A54000FFFFFFFFFFFFFFFFFFFFFFFFFFFFFFFFFFFFFFFFFFFFFFFFFFFFFFFFFFFFFFFF1B
:20A56000FFFFFFFFFFFFFFFFFFFFFFFFFFFFFFFFFFFFFFFFFFFFFFFFFFFFFFFFFFFFFFFFFB
:20A58000FFFFFFFFFFFFFFFFFFFFFFFFFFFFFFFFFFFFFFFFFFFFFFFFFFFFFFFFFFFFFFFFDB
:20A5A000FFFFFFFFFFFFFFFFFFFFFFFFFFFFFFFFFFFFFFFFFFFFFFFFFFFFFFFFFFFFFFFFBB
:20A5C000FFFFFFFFFFFFFFFFFFFFFFFFFFFFFFFFFFFFFFFFFFFFFFFFFFFFFFFFFFFFFFFF9B
:20A5E000FFFFFFFFFFFFFFFFFFFFFFFFFFFFFFFFFFFFFFFFFFFFFFFFFFFFFFFFFFFFFFFF7B
:20A60000FFFFFFFFFFFFFFFFFFFFFFFFFFFFFFFFFFFFFFFFFFFFFFFFFFFFFFFFFFFFFFFF5A
:20A62000FFFFFFFFFFFFFFFFFFFFFFFFFFFFFFFFFFFFFFFFFFFFFFFFFFFFFFFFFFFFFFFF3A
:20A64000FFFFFFFFFFFFFFFFFFFFFFFFFFFFFFFFFFFFFFFFFFFFFFFFFFFFFFFFFFFFFFFF1A
:20A66000FFFFFFFFFFFFFFFFFFFFFFFFFFFFFFFFFFFFFFFFFFFFFFFFFFFFFFFFFFFFFFFFFA
:20A68000FFFFFFFFFFFFFFFFFFFFFFFFFFFFFFFFFFFFFFFFFFFFFFFFFFFFFFFFFFFFFFFFDA
:20A6A000FFFFFFFFFFFFFFFFFFFFFFFFFFFFFFFFFFFFFFFFFFFFFFFFFFFFFFFFFFFFFFFFBA
:20A6C000FFFFFFFFFFFFFFFFFFFFFFFFFFFFFFFFFFFFFFFFFFFFFFFFFFFFFFFFFFFFFFFF9A
:20A6E000FFFFFFFFFFFFFFFFFFFFFFFFFFFFFFFFFFFFFFFFFFFFFFFFFFFFFFFFFFFFFFFF7A
:20A70000FFFFFFFFFFFFFFFFFFFFFFFFFFFFFFFFFFFFFFFFFFFFFFFFFFFFFFFFFFFFFFFF59
:20A72000FFFFFFFFFFFFFFFFFFFFFFFFFFFFFFFFFFFFFFFFFFFFFFFFFFFFFFFFFFFFFFFF39
:20A74000FFFFFFFFFFFFFFFFFFFFFFFFFFFFFFFFFFFFFFFFFFFFFFFFFFFFFFFFFFFFFFFF19
:20A76000FFFFFFFFFFFFFFFFFFFFFFFFFFFFFFFFFFFFFFFFFFFFFFFFFFFFFFFFFFFFFFFFF9
:20A78000FFFFFFFFFFFFFFFFFFFFFFFFFFFFFFFFFFFFFFFFFFFFFFFFFFFFFFFFFFFFFFFFD9
:20A7A000FFFFFFFFFFFFFFFFFFFFFFFFFFFFFFFFFFFFFFFFFFFFFFFFFFFFFFFFFFFFFFFFB9
:20A7C000FFFFFFFFFFFFFFFFFFFFFFFFFFFFFFFFFFFFFFFFFFFFFFFFFFFFFFFFFFFFFFFF99
:20A7E000FFFFFFFFFFFFFFFFFFFFFFFFFFFFFFFFFFFFFFFFFFFFFFFFFFFFFFFFFFFFFFFF79
:20A80000FFFFFFFFFFFFFFFFFFFFFFFFFFFFFFFFFFFFFFFFFFFFFFFFFFFFFFFFFFFFFFFF58
:20A82000FFFFFFFFFFFFFFFFFFFFFFFFFFFFFFFFFFFFFFFFFFFFFFFFFFFFFFFFFFFFFFFF38
:20A84000FFFFFFFFFFFFFFFFFFFFFFFFFFFFFFFFFFFFFFFFFFFFFFFFFFFFFFFFFFFFFFFF18
:20A86000FFFFFFFFFFFFFFFFFFFFFFFFFFFFFFFFFFFFFFFFFFFFFFFFFFFFFFFFFFFFFFFFF8
:20A88000FFFFFFFFFFFFFFFFFFFFFFFFFFFFFFFFFFFFFFFFFFFFFFFFFFFFFFFFFFFFFFFFD8
:20A8A000FFFFFFFFFFFFFFFFFFFFFFFFFFFFFFFFFFFFFFFFFFFFFFFFFFFFFFFFFFFFFFFFB8
:20A8C000FFFFFFFFFFFFFFFFFFFFFFFFFFFFFFFFFFFFFFFFFFFFFFFFFFFFFFFFFFFFFFFF98
:20A8E000FFFFFFFFFFFFFFFFFFFFFFFFFFFFFFFFFFFFFFFFFFFFFFFFFFFFFFFFFFFFFFFF78
:20A90000FFFFFFFFFFFFFFFFFFFFFFFFFFFFFFFFFFFFFFFFFFFFFFFFFFFFFFFFFFFFFFFF57
:20A92000FFFFFFFFFFFFFFFFFFFFFFFFFFFFFFFFFFFFFFFFFFFFFFFFFFFFFFFFFFFFFFFF37
:20A94000FFFFFFFFFFFFFFFFFFFFFFFFFFFFFFFFFFFFFFFFFFFFFFFFFFFFFFFFFFFFFFFF17
:20A96000FFFFFFFFFFFFFFFFFFFFFFFFFFFFFFFFFFFFFFFFFFFFFFFFFFFFFFFFFFFFFFFFF7
:20A98000FFFFFFFFFFFFFFFFFFFFFFFFFFFFFFFFFFFFFFFFFFFFFFFFFFFFFFFFFFFFFFFFD7
:20A9A000FFFFFFFFFFFFFFFFFFFFFFFFFFFFFFFFFFFFFFFFFFFFFFFFFFFFFFFFFFFFFFFFB7
:20A9C000FFFFFFFFFFFFFFFFFFFFFFFFFFFFFFFFFFFFFFFFFFFFFFFFFFFFFFFFFFFFFFFF97
:20A9E000FFFFFFFFFFFFFFFFFFFFFFFFFFFFFFFFFFFFFFFFFFFFFFFFFFFFFFFFFFFFFFFF77
:20AA0000FFFFFFFFFFFFFFFFFFFFFFFFFFFFFFFFFFFFFFFFFFFFFFFFFFFFFFFFFFFFFFFF56
:20AA2000FFFFFFFFFFFFFFFFFFFFFFFFFFFFFFFFFFFFFFFFFFFFFFFFFFFFFFFFFFFFFFFF36
:20AA4000FFFFFFFFFFFFFFFFFFFFFFFFFFFFFFFFFFFFFFFFFFFFFFFFFFFFFFFFFFFFFFFF16
:20AA6000FFFFFFFFFFFFFFFFFFFFFFFFFFFFFFFFFFFFFFFFFFFFFFFFFFFFFFFFFFFFFFFFF6
:20AA8000FFFFFFFFFFFFFFFFFFFFFFFFFFFFFFFFFFFFFFFFFFFFFFFFFFFFFFFFFFFFFFFFD6
:20AAA000FFFFFFFFFFFFFFFFFFFFFFFFFFFFFFFFFFFFFFFFFFFFFFFFFFFFFFFFFFFFFFFFB6
:20AAC000FFFFFFFFFFFFFFFFFFFFFFFFFFFFFFFFFFFFFFFFFFFFFFFFFFFFFFFFFFFFFFFF96
:20AAE000FFFFFFFFFFFFFFFFFFFFFFFFFFFFFFFFFFFFFFFFFFFFFFFFFFFFFFFFFFFFFFFF76
:20AB0000FFFFFFFFFFFFFFFFFFFFFFFFFFFFFFFFFFFFFFFFFFFFFFFFFFFFFFFFFFFFFFFF55
:20AB2000FFFFFFFFFFFFFFFFFFFFFFFFFFFFFFFFFFFFFFFFFFFFFFFFFFFFFFFFFFFFFFFF35
:20AB4000FFFFFFFFFFFFFFFFFFFFFFFFFFFFFFFFFFFFFFFFFFFFFFFFFFFFFFFFFFFFFFFF15
:20AB6000FFFFFFFFFFFFFFFFFFFFFFFFFFFFFFFFFFFFFFFFFFFFFFFFFFFFFFFFFFFFFFFFF5
:20AB8000FFFFFFFFFFFFFFFFFFFFFFFFFFFFFFFFFFFFFFFFFFFFFFFFFFFFFFFFFFFFFFFFD5
:20ABA000FFFFFFFFFFFFFFFFFFFFFFFFFFFFFFFFFFFFFFFFFFFFFFFFFFFFFFFFFFFFFFFFB5
:20ABC000FFFFFFFFFFFFFFFFFFFFFFFFFFFFFFFFFFFFFFFFFFFFFFFFFFFFFFFFFFFFFFFF95
:20ABE000FFFFFFFFFFFFFFFFFFFFFFFFFFFFFFFFFFFFFFFFFFFFFFFFFFFFFFFFFFFFFFFF75
:20AC0000FFFFFFFFFFFFFFFFFFFFFFFFFFFFFFFFFFFFFFFFFFFFFFFFFFFFFFFFFFFFFFFF54
:20AC2000FFFFFFFFFFFFFFFFFFFFFFFFFFFFFFFFFFFFFFFFFFFFFFFFFFFFFFFFFFFFFFFF34
:20AC4000FFFFFFFFFFFFFFFFFFFFFFFFFFFFFFFFFFFFFFFFFFFFFFFFFFFFFFFFFFFFFFFF14
:20AC6000FFFFFFFFFFFFFFFFFFFFFFFFFFFFFFFFFFFFFFFFFFFFFFFFFFFFFFFFFFFFFFFFF4
:20AC8000FFFFFFFFFFFFFFFFFFFFFFFFFFFFFFFFFFFFFFFFFFFFFFFFFFFFFFFFFFFFFFFFD4
:20ACA000FFFFFFFFFFFFFFFFFFFFFFFFFFFFFFFFFFFFFFFFFFFFFFFFFFFFFFFFFFFFFFFFB4
:20ACC000FFFFFFFFFFFFFFFFFFFFFFFFFFFFFFFFFFFFFFFFFFFFFFFFFFFFFFFFFFFFFFFF94
:20ACE000FFFFFFFFFFFFFFFFFFFFFFFFFFFFFFFFFFFFFFFFFFFFFFFFFFFFFFFFFFFFFFFF74
:20AD0000FFFFFFFFFFFFFFFFFFFFFFFFFFFFFFFFFFFFFFFFFFFFFFFFFFFFFFFFFFFFFFFF53
:20AD2000FFFFFFFFFFFFFFFFFFFFFFFFFFFFFFFFFFFFFFFFFFFFFFFFFFFFFFFFFFFFFFFF33
:20AD4000FFFFFFFFFFFFFFFFFFFFFFFFFFFFFFFFFFFFFFFFFFFFFFFFFFFFFFFFFFFFFFFF13
:20AD6000FFFFFFFFFFFFFFFFFFFFFFFFFFFFFFFFFFFFFFFFFFFFFFFFFFFFFFFFFFFFFFFFF3
:20AD8000FFFFFFFFFFFFFFFFFFFFFFFFFFFFFFFFFFFFFFFFFFFFFFFFFFFFFFFFFFFFFFFFD3
:20ADA000FFFFFFFFFFFFFFFFFFFFFFFFFFFFFFFFFFFFFFFFFFFFFFFFFFFFFFFFFFFFFFFFB3
:20ADC000FFFFFFFFFFFFFFFFFFFFFFFFFFFFFFFFFFFFFFFFFFFFFFFFFFFFFFFFFFFFFFFF93
:20ADE000FFFFFFFFFFFFFFFFFFFFFFFFFFFFFFFFFFFFFFFFFFFFFFFFFFFFFFFFFFFFFFFF73
:20AE0000FFFFFFFFFFFFFFFFFFFFFFFFFFFFFFFFFFFFFFFFFFFFFFFFFFFFFFFFFFFFFFFF52
:20AE2000FFFFFFFFFFFFFFFFFFFFFFFFFFFFFFFFFFFFFFFFFFFFFFFFFFFFFFFFFFFFFFFF32
:20AE4000FFFFFFFFFFFFFFFFFFFFFFFFFFFFFFFFFFFFFFFFFFFFFFFFFFFFFFFFFFFFFFFF12
:20AE6000FFFFFFFFFFFFFFFFFFFFFFFFFFFFFFFFFFFFFFFFFFFFFFFFFFFFFFFFFFFFFFFFF2
:20AE8000FFFFFFFFFFFFFFFFFFFFFFFFFFFFFFFFFFFFFFFFFFFFFFFFFFFFFFFFFFFFFFFFD2
:20AEA000FFFFFFFFFFFFFFFFFFFFFFFFFFFFFFFFFFFFFFFFFFFFFFFFFFFFFFFFFFFFFFFFB2
:20AEC000FFFFFFFFFFFFFFFFFFFFFFFFFFFFFFFFFFFFFFFFFFFFFFFFFFFFFFFFFFFFFFFF92
:20AEE000FFFFFFFFFFFFFFFFFFFFFFFFFFFFFFFFFFFFFFFFFFFFFFFFFFFFFFFFFFFFFFFF72
:20AF0000FFFFFFFFFFFFFFFFFFFFFFFFFFFFFFFFFFFFFFFFFFFFFFFFFFFFFFFFFFFFFFFF51
:20AF2000FFFFFFFFFFFFFFFFFFFFFFFFFFFFFFFFFFFFFFFFFFFFFFFFFFFFFFFFFFFFFFFF31
:20AF4000FFFFFFFFFFFFFFFFFFFFFFFFFFFFFFFFFFFFFFFFFFFFFFFFFFFFFFFFFFFFFFFF11
:20AF6000FFFFFFFFFFFFFFFFFFFFFFFFFFFFFFFFFFFFFFFFFFFFFFFFFFFFFFFFFFFFFFFFF1
:20AF8000FFFFFFFFFFFFFFFFFFFFFFFFFFFFFFFFFFFFFFFFFFFFFFFFFFFFFFFFFFFFFFFFD1
:20AFA000FFFFFFFFFFFFFFFFFFFFFFFFFFFFFFFFFFFFFFFFFFFFFFFFFFFFFFFFFFFFFFFFB1
:20AFC000FFFFFFFFFFFFFFFFFFFFFFFFFFFFFFFFFFFFFFFFFFFFFFFFFFFFFFFFFFFFFFFF91
:20AFE000FFFFFFFFFFFFFFFFFFFFFFFFFFFFFFFFFFFFFFFFFFFFFFFFFFFFFFFFFFFFFFFF71
:20B00000FFFFFFFFFFFFFFFFFFFFFFFFFFFFFFFFFFFFFFFFFFFFFFFFFFFFFFFFFFFFFFFF50
:20B02000FFFFFFFFFFFFFFFFFFFFFFFFFFFFFFFFFFFFFFFFFFFFFFFFFFFFFFFFFFFFFFFF30
:20B04000FFFFFFFFFFFFFFFFFFFFFFFFFFFFFFFFFFFFFFFFFFFFFFFFFFFFFFFFFFFFFFFF10
:20B06000FFFFFFFFFFFFFFFFFFFFFFFFFFFFFFFFFFFFFFFFFFFFFFFFFFFFFFFFFFFFFFFFF0
:20B08000FFFFFFFFFFFFFFFFFFFFFFFFFFFFFFFFFFFFFFFFFFFFFFFFFFFFFFFFFFFFFFFFD0
:20B0A000FFFFFFFFFFFFFFFFFFFFFFFFFFFFFFFFFFFFFFFFFFFFFFFFFFFFFFFFFFFFFFFFB0
:20B0C000FFFFFFFFFFFFFFFFFFFFFFFFFFFFFFFFFFFFFFFFFFFFFFFFFFFFFFFFFFFFFFFF90
:20B0E000FFFFFFFFFFFFFFFFFFFFFFFFFFFFFFFFFFFFFFFFFFFFFFFFFFFFFFFFFFFFFFFF70
:20B10000FFFFFFFFFFFFFFFFFFFFFFFFFFFFFFFFFFFFFFFFFFFFFFFFFFFFFFFFFFFFFFFF4F
:20B12000FFFFFFFFFFFFFFFFFFFFFFFFFFFFFFFFFFFFFFFFFFFFFFFFFFFFFFFFFFFFFFFF2F
:20B14000FFFFFFFFFFFFFFFFFFFFFFFFFFFFFFFFFFFFFFFFFFFFFFFFFFFFFFFFFFFFFFFF0F
:20B16000FFFFFFFFFFFFFFFFFFFFFFFFFFFFFFFFFFFFFFFFFFFFFFFFFFFFFFFFFFFFFFFFEF
:20B18000FFFFFFFFFFFFFFFFFFFFFFFFFFFFFFFFFFFFFFFFFFFFFFFFFFFFFFFFFFFFFFFFCF
:20B1A000FFFFFFFFFFFFFFFFFFFFFFFFFFFFFFFFFFFFFFFFFFFFFFFFFFFFFFFFFFFFFFFFAF
:20B1C000FFFFFFFFFFFFFFFFFFFFFFFFFFFFFFFFFFFFFFFFFFFFFFFFFFFFFFFFFFFFFFFF8F
:20B1E000FFFFFFFFFFFFFFFFFFFFFFFFFFFFFFFFFFFFFFFFFFFFFFFFFFFFFFFFFFFFFFFF6F
:20B20000FFFFFFFFFFFFFFFFFFFFFFFFFFFFFFFFFFFFFFFFFFFFFFFFFFFFFFFFFFFFFFFF4E
:20B22000FFFFFFFFFFFFFFFFFFFFFFFFFFFFFFFFFFFFFFFFFFFFFFFFFFFFFFFFFFFFFFFF2E
:20B24000FFFFFFFFFFFFFFFFFFFFFFFFFFFFFFFFFFFFFFFFFFFFFFFFFFFFFFFFFFFFFFFF0E
:20B26000FFFFFFFFFFFFFFFFFFFFFFFFFFFFFFFFFFFFFFFFFFFFFFFFFFFFFFFFFFFFFFFFEE
:20B28000FFFFFFFFFFFFFFFFFFFFFFFFFFFFFFFFFFFFFFFFFFFFFFFFFFFFFFFFFFFFFFFFCE
:20B2A000FFFFFFFFFFFFFFFFFFFFFFFFFFFFFFFFFFFFFFFFFFFFFFFFFFFFFFFFFFFFFFFFAE
:20B2C000FFFFFFFFFFFFFFFFFFFFFFFFFFFFFFFFFFFFFFFFFFFFFFFFFFFFFFFFFFFFFFFF8E
:20B2E000FFFFFFFFFFFFFFFFFFFFFFFFFFFFFFFFFFFFFFFFFFFFFFFFFFFFFFFFFFFFFFFF6E
:20B30000FFFFFFFFFFFFFFFFFFFFFFFFFFFFFFFFFFFFFFFFFFFFFFFFFFFFFFFFFFFFFFFF4D
:20B32000FFFFFFFFFFFFFFFFFFFFFFFFFFFFFFFFFFFFFFFFFFFFFFFFFFFFFFFFFFFFFFFF2D
:20B34000FFFFFFFFFFFFFFFFFFFFFFFFFFFFFFFFFFFFFFFFFFFFFFFFFFFFFFFFFFFFFFFF0D
:20B36000FFFFFFFFFFFFFFFFFFFFFFFFFFFFFFFFFFFFFFFFFFFFFFFFFFFFFFFFFFFFFFFFED
:20B38000FFFFFFFFFFFFFFFFFFFFFFFFFFFFFFFFFFFFFFFFFFFFFFFFFFFFFFFFFFFFFFFFCD
:20B3A000FFFFFFFFFFFFFFFFFFFFFFFFFFFFFFFFFFFFFFFFFFFFFFFFFFFFFFFFFFFFFFFFAD
:20B3C000FFFFFFFFFFFFFFFFFFFFFFFFFFFFFFFFFFFFFFFFFFFFFFFFFFFFFFFFFFFFFFFF8D
:20B3E000FFFFFFFFFFFFFFFFFFFFFFFFFFFFFFFFFFFFFFFFFFFFFFFFFFFFFFFFFFFFFFFF6D
:20B40000FFFFFFFFFFFFFFFFFFFFFFFFFFFFFFFFFFFFFFFFFFFFFFFFFFFFFFFFFFFFFFFF4C
:20B42000FFFFFFFFFFFFFFFFFFFFFFFFFFFFFFFFFFFFFFFFFFFFFFFFFFFFFFFFFFFFFFFF2C
:20B44000FFFFFFFFFFFFFFFFFFFFFFFFFFFFFFFFFFFFFFFFFFFFFFFFFFFFFFFFFFFFFFFF0C
:20B46000FFFFFFFFFFFFFFFFFFFFFFFFFFFFFFFFFFFFFFFFFFFFFFFFFFFFFFFFFFFFFFFFEC
:20B48000FFFFFFFFFFFFFFFFFFFFFFFFFFFFFFFFFFFFFFFFFFFFFFFFFFFFFFFFFFFFFFFFCC
:20B4A000FFFFFFFFFFFFFFFFFFFFFFFFFFFFFFFFFFFFFFFFFFFFFFFFFFFFFFFFFFFFFFFFAC
:20B4C000FFFFFFFFFFFFFFFFFFFFFFFFFFFFFFFFFFFFFFFFFFFFFFFFFFFFFFFFFFFFFFFF8C
:20B4E000FFFFFFFFFFFFFFFFFFFFFFFFFFFFFFFFFFFFFFFFFFFFFFFFFFFFFFFFFFFFFFFF6C
:20B50000FFFFFFFFFFFFFFFFFFFFFFFFFFFFFFFFFFFFFFFFFFFFFFFFFFFFFFFFFFFFFFFF4B
:20B52000FFFFFFFFFFFFFFFFFFFFFFFFFFFFFFFFFFFFFFFFFFFFFFFFFFFFFFFFFFFFFFFF2B
:20B54000FFFFFFFFFFFFFFFFFFFFFFFFFFFFFFFFFFFFFFFFFFFFFFFFFFFFFFFFFFFFFFFF0B
:20B56000FFFFFFFFFFFFFFFFFFFFFFFFFFFFFFFFFFFFFFFFFFFFFFFFFFFFFFFFFFFFFFFFEB
:20B58000FFFFFFFFFFFFFFFFFFFFFFFFFFFFFFFFFFFFFFFFFFFFFFFFFFFFFFFFFFFFFFFFCB
:20B5A000FFFFFFFFFFFFFFFFFFFFFFFFFFFFFFFFFFFFFFFFFFFFFFFFFFFFFFFFFFFFFFFFAB
:20B5C000FFFFFFFFFFFFFFFFFFFFFFFFFFFFFFFFFFFFFFFFFFFFFFFFFFFFFFFFFFFFFFFF8B
:20B5E000FFFFFFFFFFFFFFFFFFFFFFFFFFFFFFFFFFFFFFFFFFFFFFFFFFFFFFFFFFFFFFFF6B
:20B60000FFFFFFFFFFFFFFFFFFFFFFFFFFFFFFFFFFFFFFFFFFFFFFFFFFFFFFFFFFFFFFFF4A
:20B62000FFFFFFFFFFFFFFFFFFFFFFFFFFFFFFFFFFFFFFFFFFFFFFFFFFFFFFFFFFFFFFFF2A
:20B64000FFFFFFFFFFFFFFFFFFFFFFFFFFFFFFFFFFFFFFFFFFFFFFFFFFFFFFFFFFFFFFFF0A
:20B66000FFFFFFFFFFFFFFFFFFFFFFFFFFFFFFFFFFFFFFFFFFFFFFFFFFFFFFFFFFFFFFFFEA
:20B68000FFFFFFFFFFFFFFFFFFFFFFFFFFFFFFFFFFFFFFFFFFFFFFFFFFFFFFFFFFFFFFFFCA
:20B6A000FFFFFFFFFFFFFFFFFFFFFFFFFFFFFFFFFFFFFFFFFFFFFFFFFFFFFFFFFFFFFFFFAA
:20B6C000FFFFFFFFFFFFFFFFFFFFFFFFFFFFFFFFFFFFFFFFFFFFFFFFFFFFFFFFFFFFFFFF8A
:20B6E000FFFFFFFFFFFFFFFFFFFFFFFFFFFFFFFFFFFFFFFFFFFFFFFFFFFFFFFFFFFFFFFF6A
:20B70000FFFFFFFFFFFFFFFFFFFFFFFFFFFFFFFFFFFFFFFFFFFFFFFFFFFFFFFFFFFFFFFF49
:20B72000FFFFFFFFFFFFFFFFFFFFFFFFFFFFFFFFFFFFFFFFFFFFFFFFFFFFFFFFFFFFFFFF29
:20B74000FFFFFFFFFFFFFFFFFFFFFFFFFFFFFFFFFFFFFFFFFFFFFFFFFFFFFFFFFFFFFFFF09
:20B76000FFFFFFFFFFFFFFFFFFFFFFFFFFFFFFFFFFFFFFFFFFFFFFFFFFFFFFFFFFFFFFFFE9
:20B78000FFFFFFFFFFFFFFFFFFFFFFFFFFFFFFFFFFFFFFFFFFFFFFFFFFFFFFFFFFFFFFFFC9
:20B7A000FFFFFFFFFFFFFFFFFFFFFFFFFFFFFFFFFFFFFFFFFFFFFFFFFFFFFFFFFFFFFFFFA9
:20B7C000FFFFFFFFFFFFFFFFFFFFFFFFFFFFFFFFFFFFFFFFFFFFFFFFFFFFFFFFFFFFFFFF89
:20B7E000FFFFFFFFFFFFFFFFFFFFFFFFFFFFFFFFFFFFFFFFFFFFFFFFFFFFFFFFFFFFFFFF69
:20B80000FFFFFFFFFFFFFFFFFFFFFFFFFFFFFFFFFFFFFFFFFFFFFFFFFFFFFFFFFFFFFFFF48
:20B82000FFFFFFFFFFFFFFFFFFFFFFFFFFFFFFFFFFFFFFFFFFFFFFFFFFFFFFFFFFFFFFFF28
:20B84000FFFFFFFFFFFFFFFFFFFFFFFFFFFFFFFFFFFFFFFFFFFFFFFFFFFFFFFFFFFFFFFF08
:20B86000FFFFFFFFFFFFFFFFFFFFFFFFFFFFFFFFFFFFFFFFFFFFFFFFFFFFFFFFFFFFFFFFE8
:20B88000FFFFFFFFFFFFFFFFFFFFFFFFFFFFFFFFFFFFFFFFFFFFFFFFFFFFFFFFFFFFFFFFC8
:20B8A000FFFFFFFFFFFFFFFFFFFFFFFFFFFFFFFFFFFFFFFFFFFFFFFFFFFFFFFFFFFFFFFFA8
:20B8C000FFFFFFFFFFFFFFFFFFFFFFFFFFFFFFFFFFFFFFFFFFFFFFFFFFFFFFFFFFFFFFFF88
:20B8E000FFFFFFFFFFFFFFFFFFFFFFFFFFFFFFFFFFFFFFFFFFFFFFFFFFFFFFFFFFFFFFFF68
:20B90000FFFFFFFFFFFFFFFFFFFFFFFFFFFFFFFFFFFFFFFFFFFFFFFFFFFFFFFFFFFFFFFF47
:20B92000FFFFFFFFFFFFFFFFFFFFFFFFFFFFFFFFFFFFFFFFFFFFFFFFFFFFFFFFFFFFFFFF27
:20B94000FFFFFFFFFFFFFFFFFFFFFFFFFFFFFFFFFFFFFFFFFFFFFFFFFFFFFFFFFFFFFFFF07
:20B96000FFFFFFFFFFFFFFFFFFFFFFFFFFFFFFFFFFFFFFFFFFFFFFFFFFFFFFFFFFFFFFFFE7
:20B98000FFFFFFFFFFFFFFFFFFFFFFFFFFFFFFFFFFFFFFFFFFFFFFFFFFFFFFFFFFFFFFFFC7
:20B9A000FFFFFFFFFFFFFFFFFFFFFFFFFFFFFFFFFFFFFFFFFFFFFFFFFFFFFFFFFFFFFFFFA7
:20B9C000FFFFFFFFFFFFFFFFFFFFFFFFFFFFFFFFFFFFFFFFFFFFFFFFFFFFFFFFFFFFFFFF87
:20B9E000FFFFFFFFFFFFFFFFFFFFFFFFFFFFFFFFFFFFFFFFFFFFFFFFFFFFFFFFFFFFFFFF67
:20BA0000FFFFFFFFFFFFFFFFFFFFFFFFFFFFFFFFFFFFFFFFFFFFFFFFFFFFFFFFFFFFFFFF46
:20BA2000FFFFFFFFFFFFFFFFFFFFFFFFFFFFFFFFFFFFFFFFFFFFFFFFFFFFFFFFFFFFFFFF26
:20BA4000FFFFFFFFFFFFFFFFFFFFFFFFFFFFFFFFFFFFFFFFFFFFFFFFFFFFFFFFFFFFFFFF06
:20BA6000FFFFFFFFFFFFFFFFFFFFFFFFFFFFFFFFFFFFFFFFFFFFFFFFFFFFFFFFFFFFFFFFE6
:20BA8000FFFFFFFFFFFFFFFFFFFFFFFFFFFFFFFFFFFFFFFFFFFFFFFFFFFFFFFFFFFFFFFFC6
:20BAA000FFFFFFFFFFFFFFFFFFFFFFFFFFFFFFFFFFFFFFFFFFFFFFFFFFFFFFFFFFFFFFFFA6
:20BAC000FFFFFFFFFFFFFFFFFFFFFFFFFFFFFFFFFFFFFFFFFFFFFFFFFFFFFFFFFFFFFFFF86
:20BAE000FFFFFFFFFFFFFFFFFFFFFFFFFFFFFFFFFFFFFFFFFFFFFFFFFFFFFFFFFFFFFFFF66
:20BB0000FFFFFFFFFFFFFFFFFFFFFFFFFFFFFFFFFFFFFFFFFFFFFFFFFFFFFFFFFFFFFFFF45
:20BB2000FFFFFFFFFFFFFFFFFFFFFFFFFFFFFFFFFFFFFFFFFFFFFFFFFFFFFFFFFFFFFFFF25
:20BB4000FFFFFFFFFFFFFFFFFFFFFFFFFFFFFFFFFFFFFFFFFFFFFFFFFFFFFFFFFFFFFFFF05
:20BB6000FFFFFFFFFFFFFFFFFFFFFFFFFFFFFFFFFFFFFFFFFFFFFFFFFFFFFFFFFFFFFFFFE5
:20BB8000FFFFFFFFFFFFFFFFFFFFFFFFFFFFFFFFFFFFFFFFFFFFFFFFFFFFFFFFFFFFFFFFC5
:20BBA000FFFFFFFFFFFFFFFFFFFFFFFFFFFFFFFFFFFFFFFFFFFFFFFFFFFFFFFFFFFFFFFFA5
:20BBC000FFFFFFFFFFFFFFFFFFFFFFFFFFFFFFFFFFFFFFFFFFFFFFFFFFFFFFFFFFFFFFFF85
:20BBE000FFFFFFFFFFFFFFFFFFFFFFFFFFFFFFFFFFFFFFFFFFFFFFFFFFFFFFFFFFFFFFFF65
:20BC0000FFFFFFFFFFFFFFFFFFFFFFFFFFFFFFFFFFFFFFFFFFFFFFFFFFFFFFFFFFFFFFFF44
:20BC2000FFFFFFFFFFFFFFFFFFFFFFFFFFFFFFFFFFFFFFFFFFFFFFFFFFFFFFFFFFFFFFFF24
:20BC4000FFFFFFFFFFFFFFFFFFFFFFFFFFFFFFFFFFFFFFFFFFFFFFFFFFFFFFFFFFFFFFFF04
:20BC6000FFFFFFFFFFFFFFFFFFFFFFFFFFFFFFFFFFFFFFFFFFFFFFFFFFFFFFFFFFFFFFFFE4
:20BC8000FFFFFFFFFFFFFFFFFFFFFFFFFFFFFFFFFFFFFFFFFFFFFFFFFFFFFFFFFFFFFFFFC4
:20BCA000FFFFFFFFFFFFFFFFFFFFFFFFFFFFFFFFFFFFFFFFFFFFFFFFFFFFFFFFFFFFFFFFA4
:20BCC000FFFFFFFFFFFFFFFFFFFFFFFFFFFFFFFFFFFFFFFFFFFFFFFFFFFFFFFFFFFFFFFF84
:20BCE000FFFFFFFFFFFFFFFFFFFFFFFFFFFFFFFFFFFFFFFFFFFFFFFFFFFFFFFFFFFFFFFF64
:20BD0000FFFFFFFFFFFFFFFFFFFFFFFFFFFFFFFFFFFFFFFFFFFFFFFFFFFFFFFFFFFFFFFF43
:20BD2000FFFFFFFFFFFFFFFFFFFFFFFFFFFFFFFFFFFFFFFFFFFFFFFFFFFFFFFFFFFFFFFF23
:20BD4000FFFFFFFFFFFFFFFFFFFFFFFFFFFFFFFFFFFFFFFFFFFFFFFFFFFFFFFFFFFFFFFF03
:20BD6000FFFFFFFFFFFFFFFFFFFFFFFFFFFFFFFFFFFFFFFFFFFFFFFFFFFFFFFFFFFFFFFFE3
:20BD8000FFFFFFFFFFFFFFFFFFFFFFFFFFFFFFFFFFFFFFFFFFFFFFFFFFFFFFFFFFFFFFFFC3
:20BDA000FFFFFFFFFFFFFFFFFFFFFFFFFFFFFFFFFFFFFFFFFFFFFFFFFFFFFFFFFFFFFFFFA3
:20BDC000FFFFFFFFFFFFFFFFFFFFFFFFFFFFFFFFFFFFFFFFFFFFFFFFFFFFFFFFFFFFFFFF83
:20BDE000FFFFFFFFFFFFFFFFFFFFFFFFFFFFFFFFFFFFFFFFFFFFFFFFFFFFFFFFFFFFFFFF63
:20BE0000FFFFFFFFFFFFFFFFFFFFFFFFFFFFFFFFFFFFFFFFFFFFFFFFFFFFFFFFFFFFFFFF42
:20BE2000FFFFFFFFFFFFFFFFFFFFFFFFFFFFFFFFFFFFFFFFFFFFFFFFFFFFFFFFFFFFFFFF22
:20BE4000FFFFFFFFFFFFFFFFFFFFFFFFFFFFFFFFFFFFFFFFFFFFFFFFFFFFFFFFFFFFFFFF02
:20BE6000FFFFFFFFFFFFFFFFFFFFFFFFFFFFFFFFFFFFFFFFFFFFFFFFFFFFFFFFFFFFFFFFE2
:20BE8000FFFFFFFFFFFFFFFFFFFFFFFFFFFFFFFFFFFFFFFFFFFFFFFFFFFFFFFFFFFFFFFFC2
:20BEA000FFFFFFFFFFFFFFFFFFFFFFFFFFFFFFFFFFFFFFFFFFFFFFFFFFFFFFFFFFFFFFFFA2
:20BEC000FFFFFFFFFFFFFFFFFFFFFFFFFFFFFFFFFFFFFFFFFFFFFFFFFFFFFFFFFFFFFFFF82
:20BEE000FFFFFFFFFFFFFFFFFFFFFFFFFFFFFFFFFFFFFFFFFFFFFFFFFFFFFFFFFFFFFFFF62
:20BF0000FFFFFFFFFFFFFFFFFFFFFFFFFFFFFFFFFFFFFFFFFFFFFFFFFFFFFFFFFFFFFFFF41
:20BF2000FFFFFFFFFFFFFFFFFFFFFFFFFFFFFFFFFFFFFFFFFFFFFFFFFFFFFFFFFFFFFFFF21
:20BF4000FFFFFFFFFFFFFFFFFFFFFFFFFFFFFFFFFFFFFFFFFFFFFFFFFFFFFFFFFFFFFFFF01
:20BF6000FFFFFFFFFFFFFFFFFFFFFFFFFFFFFFFFFFFFFFFFFFFFFFFFFFFFFFFFFFFFFFFFE1
:20BF8000FFFFFFFFFFFFFFFFFFFFFFFFFFFFFFFFFFFFFFFFFFFFFFFFFFFFFFFFFFFFFFFFC1
:20BFA000FFFFFFFFFFFFFFFFFFFFFFFFFFFFFFFFFFFFFFFFFFFFFFFFFFFFFFFFFFFFFFFFA1
:20BFC000FFFFFFFFFFFFFFFFFFFFFFFFFFFFFFFFFFFFFFFFFFFFFFFFFFFFFFFFFFFFFFFF81
:20BFE000FFFFFFFFFFFFFFFFFFFFFFFFFFFFFFFFFFFFFFFFFFFFFFFFFFFFFFFFFFFFFFFF61
:20C00000FFFFFFFFFFFFFFFFFFFFFFFFFFFFFFFFFFFFFFFFFFFFFFFFFFFFFFFFFFFFFFFF40
:20C02000FFFFFFFFFFFFFFFFFFFFFFFFFFFFFFFFFFFFFFFFFFFFFFFFFFFFFFFFFFFFFFFF20
:20C04000FFFFFFFFFFFFFFFFFFFFFFFFFFFFFFFFFFFFFFFFFFFFFFFFFFFFFFFFFFFFFFFF00
:20C06000FFFFFFFFFFFFFFFFFFFFFFFFFFFFFFFFFFFFFFFFFFFFFFFFFFFFFFFFFFFFFFFFE0
:20C08000FFFFFFFFFFFFFFFFFFFFFFFFFFFFFFFFFFFFFFFFFFFFFFFFFFFFFFFFFFFFFFFFC0
:20C0A000FFFFFFFFFFFFFFFFFFFFFFFFFFFFFFFFFFFFFFFFFFFFFFFFFFFFFFFFFFFFFFFFA0
:20C0C000FFFFFFFFFFFFFFFFFFFFFFFFFFFFFFFFFFFFFFFFFFFFFFFFFFFFFFFFFFFFFFFF80
:20C0E000FFFFFFFFFFFFFFFFFFFFFFFFFFFFFFFFFFFFFFFFFFFFFFFFFFFFFFFFFFFFFFFF60
:20C10000FFFFFFFFFFFFFFFFFFFFFFFFFFFFFFFFFFFFFFFFFFFFFFFFFFFFFFFFFFFFFFFF3F
:20C12000FFFFFFFFFFFFFFFFFFFFFFFFFFFFFFFFFFFFFFFFFFFFFFFFFFFFFFFFFFFFFFFF1F
:20C14000FFFFFFFFFFFFFFFFFFFFFFFFFFFFFFFFFFFFFFFFFFFFFFFFFFFFFFFFFFFFFFFFFF
:20C16000FFFFFFFFFFFFFFFFFFFFFFFFFFFFFFFFFFFFFFFFFFFFFFFFFFFFFFFFFFFFFFFFDF
:20C18000FFFFFFFFFFFFFFFFFFFFFFFFFFFFFFFFFFFFFFFFFFFFFFFFFFFFFFFFFFFFFFFFBF
:20C1A000FFFFFFFFFFFFFFFFFFFFFFFFFFFFFFFFFFFFFFFFFFFFFFFFFFFFFFFFFFFFFFFF9F
:20C1C000FFFFFFFFFFFFFFFFFFFFFFFFFFFFFFFFFFFFFFFFFFFFFFFFFFFFFFFFFFFFFFFF7F
:20C1E000FFFFFFFFFFFFFFFFFFFFFFFFFFFFFFFFFFFFFFFFFFFFFFFFFFFFFFFFFFFFFFFF5F
:20C20000FFFFFFFFFFFFFFFFFFFFFFFFFFFFFFFFFFFFFFFFFFFFFFFFFFFFFFFFFFFFFFFF3E
:20C22000FFFFFFFFFFFFFFFFFFFFFFFFFFFFFFFFFFFFFFFFFFFFFFFFFFFFFFFFFFFFFFFF1E
:20C24000FFFFFFFFFFFFFFFFFFFFFFFFFFFFFFFFFFFFFFFFFFFFFFFFFFFFFFFFFFFFFFFFFE
:20C26000FFFFFFFFFFFFFFFFFFFFFFFFFFFFFFFFFFFFFFFFFFFFFFFFFFFFFFFFFFFFFFFFDE
:20C28000FFFFFFFFFFFFFFFFFFFFFFFFFFFFFFFFFFFFFFFFFFFFFFFFFFFFFFFFFFFFFFFFBE
:20C2A000FFFFFFFFFFFFFFFFFFFFFFFFFFFFFFFFFFFFFFFFFFFFFFFFFFFFFFFFFFFFFFFF9E
:20C2C000FFFFFFFFFFFFFFFFFFFFFFFFFFFFFFFFFFFFFFFFFFFFFFFFFFFFFFFFFFFFFFFF7E
:20C2E000FFFFFFFFFFFFFFFFFFFFFFFFFFFFFFFFFFFFFFFFFFFFFFFFFFFFFFFFFFFFFFFF5E
:20C30000FFFFFFFFFFFFFFFFFFFFFFFFFFFFFFFFFFFFFFFFFFFFFFFFFFFFFFFFFFFFFFFF3D
:20C32000FFFFFFFFFFFFFFFFFFFFFFFFFFFFFFFFFFFFFFFFFFFFFFFFFFFFFFFFFFFFFFFF1D
:20C34000FFFFFFFFFFFFFFFFFFFFFFFFFFFFFFFFFFFFFFFFFFFFFFFFFFFFFFFFFFFFFFFFFD
:20C36000FFFFFFFFFFFFFFFFFFFFFFFFFFFFFFFFFFFFFFFFFFFFFFFFFFFFFFFFFFFFFFFFDD
:20C38000FFFFFFFFFFFFFFFFFFFFFFFFFFFFFFFFFFFFFFFFFFFFFFFFFFFFFFFFFFFFFFFFBD
:20C3A000FFFFFFFFFFFFFFFFFFFFFFFFFFFFFFFFFFFFFFFFFFFFFFFFFFFFFFFFFFFFFFFF9D
:20C3C000FFFFFFFFFFFFFFFFFFFFFFFFFFFFFFFFFFFFFFFFFFFFFFFFFFFFFFFFFFFFFFFF7D
:20C3E000FFFFFFFFFFFFFFFFFFFFFFFFFFFFFFFFFFFFFFFFFFFFFFFFFFFFFFFFFFFFFFFF5D
:20C40000FFFFFFFFFFFFFFFFFFFFFFFFFFFFFFFFFFFFFFFFFFFFFFFFFFFFFFFFFFFFFFFF3C
:20C42000FFFFFFFFFFFFFFFFFFFFFFFFFFFFFFFFFFFFFFFFFFFFFFFFFFFFFFFFFFFFFFFF1C
:20C44000FFFFFFFFFFFFFFFFFFFFFFFFFFFFFFFFFFFFFFFFFFFFFFFFFFFFFFFFFFFFFFFFFC
:20C46000FFFFFFFFFFFFFFFFFFFFFFFFFFFFFFFFFFFFFFFFFFFFFFFFFFFFFFFFFFFFFFFFDC
:20C48000FFFFFFFFFFFFFFFFFFFFFFFFFFFFFFFFFFFFFFFFFFFFFFFFFFFFFFFFFFFFFFFFBC
:20C4A000FFFFFFFFFFFFFFFFFFFFFFFFFFFFFFFFFFFFFFFFFFFFFFFFFFFFFFFFFFFFFFFF9C
:20C4C000FFFFFFFFFFFFFFFFFFFFFFFFFFFFFFFFFFFFFFFFFFFFFFFFFFFFFFFFFFFFFFFF7C
:20C4E000FFFFFFFFFFFFFFFFFFFFFFFFFFFFFFFFFFFFFFFFFFFFFFFFFFFFFFFFFFFFFFFF5C
:20C50000FFFFFFFFFFFFFFFFFFFFFFFFFFFFFFFFFFFFFFFFFFFFFFFFFFFFFFFFFFFFFFFF3B
:20C52000FFFFFFFFFFFFFFFFFFFFFFFFFFFFFFFFFFFFFFFFFFFFFFFFFFFFFFFFFFFFFFFF1B
:20C54000FFFFFFFFFFFFFFFFFFFFFFFFFFFFFFFFFFFFFFFFFFFFFFFFFFFFFFFFFFFFFFFFFB
:20C56000FFFFFFFFFFFFFFFFFFFFFFFFFFFFFFFFFFFFFFFFFFFFFFFFFFFFFFFFFFFFFFFFDB
:20C58000FFFFFFFFFFFFFFFFFFFFFFFFFFFFFFFFFFFFFFFFFFFFFFFFFFFFFFFFFFFFFFFFBB
:20C5A000FFFFFFFFFFFFFFFFFFFFFFFFFFFFFFFFFFFFFFFFFFFFFFFFFFFFFFFFFFFFFFFF9B
:20C5C000FFFFFFFFFFFFFFFFFFFFFFFFFFFFFFFFFFFFFFFFFFFFFFFFFFFFFFFFFFFFFFFF7B
:20C5E000FFFFFFFFFFFFFFFFFFFFFFFFFFFFFFFFFFFFFFFFFFFFFFFFFFFFFFFFFFFFFFFF5B
:20C60000FFFFFFFFFFFFFFFFFFFFFFFFFFFFFFFFFFFFFFFFFFFFFFFFFFFFFFFFFFFFFFFF3A
:20C62000FFFFFFFFFFFFFFFFFFFFFFFFFFFFFFFFFFFFFFFFFFFFFFFFFFFFFFFFFFFFFFFF1A
:20C64000FFFFFFFFFFFFFFFFFFFFFFFFFFFFFFFFFFFFFFFFFFFFFFFFFFFFFFFFFFFFFFFFFA
:20C66000FFFFFFFFFFFFFFFFFFFFFFFFFFFFFFFFFFFFFFFFFFFFFFFFFFFFFFFFFFFFFFFFDA
:20C68000FFFFFFFFFFFFFFFFFFFFFFFFFFFFFFFFFFFFFFFFFFFFFFFFFFFFFFFFFFFFFFFFBA
:20C6A000FFFFFFFFFFFFFFFFFFFFFFFFFFFFFFFFFFFFFFFFFFFFFFFFFFFFFFFFFFFFFFFF9A
:20C6C000FFFFFFFFFFFFFFFFFFFFFFFFFFFFFFFFFFFFFFFFFFFFFFFFFFFFFFFFFFFFFFFF7A
:20C6E000FFFFFFFFFFFFFFFFFFFFFFFFFFFFFFFFFFFFFFFFFFFFFFFFFFFFFFFFFFFFFFFF5A
:20C70000FFFFFFFFFFFFFFFFFFFFFFFFFFFFFFFFFFFFFFFFFFFFFFFFFFFFFFFFFFFFFFFF39
:20C72000FFFFFFFFFFFFFFFFFFFFFFFFFFFFFFFFFFFFFFFFFFFFFFFFFFFFFFFFFFFFFFFF19
:20C74000FFFFFFFFFFFFFFFFFFFFFFFFFFFFFFFFFFFFFFFFFFFFFFFFFFFFFFFFFFFFFFFFF9
:20C76000FFFFFFFFFFFFFFFFFFFFFFFFFFFFFFFFFFFFFFFFFFFFFFFFFFFFFFFFFFFFFFFFD9
:20C78000FFFFFFFFFFFFFFFFFFFFFFFFFFFFFFFFFFFFFFFFFFFFFFFFFFFFFFFFFFFFFFFFB9
:20C7A000FFFFFFFFFFFFFFFFFFFFFFFFFFFFFFFFFFFFFFFFFFFFFFFFFFFFFFFFFFFFFFFF99
:20C7C000FFFFFFFFFFFFFFFFFFFFFFFFFFFFFFFFFFFFFFFFFFFFFFFFFFFFFFFFFFFFFFFF79
:20C7E000FFFFFFFFFFFFFFFFFFFFFFFFFFFFFFFFFFFFFFFFFFFFFFFFFFFFFFFFFFFFFFFF59
:20C80000FFFFFFFFFFFFFFFFFFFFFFFFFFFFFFFFFFFFFFFFFFFFFFFFFFFFFFFFFFFFFFFF38
:20C82000FFFFFFFFFFFFFFFFFFFFFFFFFFFFFFFFFFFFFFFFFFFFFFFFFFFFFFFFFFFFFFFF18
:20C84000FFFFFFFFFFFFFFFFFFFFFFFFFFFFFFFFFFFFFFFFFFFFFFFFFFFFFFFFFFFFFFFFF8
:20C86000FFFFFFFFFFFFFFFFFFFFFFFFFFFFFFFFFFFFFFFFFFFFFFFFFFFFFFFFFFFFFFFFD8
:20C88000FFFFFFFFFFFFFFFFFFFFFFFFFFFFFFFFFFFFFFFFFFFFFFFFFFFFFFFFFFFFFFFFB8
:20C8A000FFFFFFFFFFFFFFFFFFFFFFFFFFFFFFFFFFFFFFFFFFFFFFFFFFFFFFFFFFFFFFFF98
:20C8C000FFFFFFFFFFFFFFFFFFFFFFFFFFFFFFFFFFFFFFFFFFFFFFFFFFFFFFFFFFFFFFFF78
:20C8E000FFFFFFFFFFFFFFFFFFFFFFFFFFFFFFFFFFFFFFFFFFFFFFFFFFFFFFFFFFFFFFFF58
:20C90000FFFFFFFFFFFFFFFFFFFFFFFFFFFFFFFFFFFFFFFFFFFFFFFFFFFFFFFFFFFFFFFF37
:20C92000FFFFFFFFFFFFFFFFFFFFFFFFFFFFFFFFFFFFFFFFFFFFFFFFFFFFFFFFFFFFFFFF17
:20C94000FFFFFFFFFFFFFFFFFFFFFFFFFFFFFFFFFFFFFFFFFFFFFFFFFFFFFFFFFFFFFFFFF7
:20C96000FFFFFFFFFFFFFFFFFFFFFFFFFFFFFFFFFFFFFFFFFFFFFFFFFFFFFFFFFFFFFFFFD7
:20C98000FFFFFFFFFFFFFFFFFFFFFFFFFFFFFFFFFFFFFFFFFFFFFFFFFFFFFFFFFFFFFFFFB7
:20C9A000FFFFFFFFFFFFFFFFFFFFFFFFFFFFFFFFFFFFFFFFFFFFFFFFFFFFFFFFFFFFFFFF97
:20C9C000FFFFFFFFFFFFFFFFFFFFFFFFFFFFFFFFFFFFFFFFFFFFFFFFFFFFFFFFFFFFFFFF77
:20C9E000FFFFFFFFFFFFFFFFFFFFFFFFFFFFFFFFFFFFFFFFFFFFFFFFFFFFFFFFFFFFFFFF57
:20CA0000FFFFFFFFFFFFFFFFFFFFFFFFFFFFFFFFFFFFFFFFFFFFFFFFFFFFFFFFFFFFFFFF36
:20CA2000FFFFFFFFFFFFFFFFFFFFFFFFFFFFFFFFFFFFFFFFFFFFFFFFFFFFFFFFFFFFFFFF16
:20CA4000FFFFFFFFFFFFFFFFFFFFFFFFFFFFFFFFFFFFFFFFFFFFFFFFFFFFFFFFFFFFFFFFF6
:20CA6000FFFFFFFFFFFFFFFFFFFFFFFFFFFFFFFFFFFFFFFFFFFFFFFFFFFFFFFFFFFFFFFFD6
:20CA8000FFFFFFFFFFFFFFFFFFFFFFFFFFFFFFFFFFFFFFFFFFFFFFFFFFFFFFFFFFFFFFFFB6
:20CAA000FFFFFFFFFFFFFFFFFFFFFFFFFFFFFFFFFFFFFFFFFFFFFFFFFFFFFFFFFFFFFFFF96
:20CAC000FFFFFFFFFFFFFFFFFFFFFFFFFFFFFFFFFFFFFFFFFFFFFFFFFFFFFFFFFFFFFFFF76
:20CAE000FFFFFFFFFFFFFFFFFFFFFFFFFFFFFFFFFFFFFFFFFFFFFFFFFFFFFFFFFFFFFFFF56
:20CB0000FFFFFFFFFFFFFFFFFFFFFFFFFFFFFFFFFFFFFFFFFFFFFFFFFFFFFFFFFFFFFFFF35
:20CB2000FFFFFFFFFFFFFFFFFFFFFFFFFFFFFFFFFFFFFFFFFFFFFFFFFFFFFFFFFFFFFFFF15
:20CB4000FFFFFFFFFFFFFFFFFFFFFFFFFFFFFFFFFFFFFFFFFFFFFFFFFFFFFFFFFFFFFFFFF5
:20CB6000FFFFFFFFFFFFFFFFFFFFFFFFFFFFFFFFFFFFFFFFFFFFFFFFFFFFFFFFFFFFFFFFD5
:20CB8000FFFFFFFFFFFFFFFFFFFFFFFFFFFFFFFFFFFFFFFFFFFFFFFFFFFFFFFFFFFFFFFFB5
:20CBA000FFFFFFFFFFFFFFFFFFFFFFFFFFFFFFFFFFFFFFFFFFFFFFFFFFFFFFFFFFFFFFFF95
:20CBC000FFFFFFFFFFFFFFFFFFFFFFFFFFFFFFFFFFFFFFFFFFFFFFFFFFFFFFFFFFFFFFFF75
:20CBE000FFFFFFFFFFFFFFFFFFFFFFFFFFFFFFFFFFFFFFFFFFFFFFFFFFFFFFFFFFFFFFFF55
:20CC0000FFFFFFFFFFFFFFFFFFFFFFFFFFFFFFFFFFFFFFFFFFFFFFFFFFFFFFFFFFFFFFFF34
:20CC2000FFFFFFFFFFFFFFFFFFFFFFFFFFFFFFFFFFFFFFFFFFFFFFFFFFFFFFFFFFFFFFFF14
:20CC4000FFFFFFFFFFFFFFFFFFFFFFFFFFFFFFFFFFFFFFFFFFFFFFFFFFFFFFFFFFFFFFFFF4
:20CC6000FFFFFFFFFFFFFFFFFFFFFFFFFFFFFFFFFFFFFFFFFFFFFFFFFFFFFFFFFFFFFFFFD4
:20CC8000FFFFFFFFFFFFFFFFFFFFFFFFFFFFFFFFFFFFFFFFFFFFFFFFFFFFFFFFFFFFFFFFB4
:20CCA000FFFFFFFFFFFFFFFFFFFFFFFFFFFFFFFFFFFFFFFFFFFFFFFFFFFFFFFFFFFFFFFF94
:20CCC000FFFFFFFFFFFFFFFFFFFFFFFFFFFFFFFFFFFFFFFFFFFFFFFFFFFFFFFFFFFFFFFF74
:20CCE000FFFFFFFFFFFFFFFFFFFFFFFFFFFFFFFFFFFFFFFFFFFFFFFFFFFFFFFFFFFFFFFF54
:20CD0000FFFFFFFFFFFFFFFFFFFFFFFFFFFFFFFFFFFFFFFFFFFFFFFFFFFFFFFFFFFFFFFF33
:20CD2000FFFFFFFFFFFFFFFFFFFFFFFFFFFFFFFFFFFFFFFFFFFFFFFFFFFFFFFFFFFFFFFF13
:20CD4000FFFFFFFFFFFFFFFFFFFFFFFFFFFFFFFFFFFFFFFFFFFFFFFFFFFFFFFFFFFFFFFFF3
:20CD6000FFFFFFFFFFFFFFFFFFFFFFFFFFFFFFFFFFFFFFFFFFFFFFFFFFFFFFFFFFFFFFFFD3
:20CD8000FFFFFFFFFFFFFFFFFFFFFFFFFFFFFFFFFFFFFFFFFFFFFFFFFFFFFFFFFFFFFFFFB3
:20CDA000FFFFFFFFFFFFFFFFFFFFFFFFFFFFFFFFFFFFFFFFFFFFFFFFFFFFFFFFFFFFFFFF93
:20CDC000FFFFFFFFFFFFFFFFFFFFFFFFFFFFFFFFFFFFFFFFFFFFFFFFFFFFFFFFFFFFFFFF73
:20CDE000FFFFFFFFFFFFFFFFFFFFFFFFFFFFFFFFFFFFFFFFFFFFFFFFFFFFFFFFFFFFFFFF53
:20CE0000FFFFFFFFFFFFFFFFFFFFFFFFFFFFFFFFFFFFFFFFFFFFFFFFFFFFFFFFFFFFFFFF32
:20CE2000FFFFFFFFFFFFFFFFFFFFFFFFFFFFFFFFFFFFFFFFFFFFFFFFFFFFFFFFFFFFFFFF12
:20CE4000FFFFFFFFFFFFFFFFFFFFFFFFFFFFFFFFFFFFFFFFFFFFFFFFFFFFFFFFFFFFFFFFF2
:20CE6000FFFFFFFFFFFFFFFFFFFFFFFFFFFFFFFFFFFFFFFFFFFFFFFFFFFFFFFFFFFFFFFFD2
:20CE8000FFFFFFFFFFFFFFFFFFFFFFFFFFFFFFFFFFFFFFFFFFFFFFFFFFFFFFFFFFFFFFFFB2
:20CEA000FFFFFFFFFFFFFFFFFFFFFFFFFFFFFFFFFFFFFFFFFFFFFFFFFFFFFFFFFFFFFFFF92
:20CEC000FFFFFFFFFFFFFFFFFFFFFFFFFFFFFFFFFFFFFFFFFFFFFFFFFFFFFFFFFFFFFFFF72
:20CEE000FFFFFFFFFFFFFFFFFFFFFFFFFFFFFFFFFFFFFFFFFFFFFFFFFFFFFFFFFFFFFFFF52
:20CF0000FFFFFFFFFFFFFFFFFFFFFFFFFFFFFFFFFFFFFFFFFFFFFFFFFFFFFFFFFFFFFFFF31
:20CF2000FFFFFFFFFFFFFFFFFFFFFFFFFFFFFFFFFFFFFFFFFFFFFFFFFFFFFFFFFFFFFFFF11
:20CF4000FFFFFFFFFFFFFFFFFFFFFFFFFFFFFFFFFFFFFFFFFFFFFFFFFFFFFFFFFFFFFFFFF1
:20CF6000FFFFFFFFFFFFFFFFFFFFFFFFFFFFFFFFFFFFFFFFFFFFFFFFFFFFFFFFFFFFFFFFD1
:20CF8000FFFFFFFFFFFFFFFFFFFFFFFFFFFFFFFFFFFFFFFFFFFFFFFFFFFFFFFFFFFFFFFFB1
:20CFA000FFFFFFFFFFFFFFFFFFFFFFFFFFFFFFFFFFFFFFFFFFFFFFFFFFFFFFFFFFFFFFFF91
:20CFC000FFFFFFFFFFFFFFFFFFFFFFFFFFFFFFFFFFFFFFFFFFFFFFFFFFFFFFFFFFFFFFFF71
:20CFE000FFFFFFFFFFFFFFFFFFFFFFFFFFFFFFFFFFFFFFFFFFFFFFFFFFFFFFFFFFFFFFFF51
:20D00000FFFFFFFFFFFFFFFFFFFFFFFFFFFFFFFFFFFFFFFFFFFFFFFFFFFFFFFFFFFFFFFF30
:20D02000FFFFFFFFFFFFFFFFFFFFFFFFFFFFFFFFFFFFFFFFFFFFFFFFFFFFFFFFFFFFFFFF10
:20D04000FFFFFFFFFFFFFFFFFFFFFFFFFFFFFFFFFFFFFFFFFFFFFFFFFFFFFFFFFFFFFFFFF0
:20D06000FFFFFFFFFFFFFFFFFFFFFFFFFFFFFFFFFFFFFFFFFFFFFFFFFFFFFFFFFFFFFFFFD0
:20D08000FFFFFFFFFFFFFFFFFFFFFFFFFFFFFFFFFFFFFFFFFFFFFFFFFFFFFFFFFFFFFFFFB0
:20D0A000FFFFFFFFFFFFFFFFFFFFFFFFFFFFFFFFFFFFFFFFFFFFFFFFFFFFFFFFFFFFFFFF90
:20D0C000FFFFFFFFFFFFFFFFFFFFFFFFFFFFFFFFFFFFFFFFFFFFFFFFFFFFFFFFFFFFFFFF70
:20D0E000FFFFFFFFFFFFFFFFFFFFFFFFFFFFFFFFFFFFFFFFFFFFFFFFFFFFFFFFFFFFFFFF50
:20D10000FFFFFFFFFFFFFFFFFFFFFFFFFFFFFFFFFFFFFFFFFFFFFFFFFFFFFFFFFFFFFFFF2F
:20D12000FFFFFFFFFFFFFFFFFFFFFFFFFFFFFFFFFFFFFFFFFFFFFFFFFFFFFFFFFFFFFFFF0F
:20D14000FFFFFFFFFFFFFFFFFFFFFFFFFFFFFFFFFFFFFFFFFFFFFFFFFFFFFFFFFFFFFFFFEF
:20D16000FFFFFFFFFFFFFFFFFFFFFFFFFFFFFFFFFFFFFFFFFFFFFFFFFFFFFFFFFFFFFFFFCF
:20D18000FFFFFFFFFFFFFFFFFFFFFFFFFFFFFFFFFFFFFFFFFFFFFFFFFFFFFFFFFFFFFFFFAF
:20D1A000FFFFFFFFFFFFFFFFFFFFFFFFFFFFFFFFFFFFFFFFFFFFFFFFFFFFFFFFFFFFFFFF8F
:20D1C000FFFFFFFFFFFFFFFFFFFFFFFFFFFFFFFFFFFFFFFFFFFFFFFFFFFFFFFFFFFFFFFF6F
:20D1E000FFFFFFFFFFFFFFFFFFFFFFFFFFFFFFFFFFFFFFFFFFFFFFFFFFFFFFFFFFFFFFFF4F
:20D20000FFFFFFFFFFFFFFFFFFFFFFFFFFFFFFFFFFFFFFFFFFFFFFFFFFFFFFFFFFFFFFFF2E
:20D22000FFFFFFFFFFFFFFFFFFFFFFFFFFFFFFFFFFFFFFFFFFFFFFFFFFFFFFFFFFFFFFFF0E
:20D24000FFFFFFFFFFFFFFFFFFFFFFFFFFFFFFFFFFFFFFFFFFFFFFFFFFFFFFFFFFFFFFFFEE
:20D26000FFFFFFFFFFFFFFFFFFFFFFFFFFFFFFFFFFFFFFFFFFFFFFFFFFFFFFFFFFFFFFFFCE
:20D28000FFFFFFFFFFFFFFFFFFFFFFFFFFFFFFFFFFFFFFFFFFFFFFFFFFFFFFFFFFFFFFFFAE
:20D2A000FFFFFFFFFFFFFFFFFFFFFFFFFFFFFFFFFFFFFFFFFFFFFFFFFFFFFFFFFFFFFFFF8E
:20D2C000FFFFFFFFFFFFFFFFFFFFFFFFFFFFFFFFFFFFFFFFFFFFFFFFFFFFFFFFFFFFFFFF6E
:20D2E000FFFFFFFFFFFFFFFFFFFFFFFFFFFFFFFFFFFFFFFFFFFFFFFFFFFFFFFFFFFFFFFF4E
:20D30000FFFFFFFFFFFFFFFFFFFFFFFFFFFFFFFFFFFFFFFFFFFFFFFFFFFFFFFFFFFFFFFF2D
:20D32000FFFFFFFFFFFFFFFFFFFFFFFFFFFFFFFFFFFFFFFFFFFFFFFFFFFFFFFFFFFFFFFF0D
:20D34000FFFFFFFFFFFFFFFFFFFFFFFFFFFFFFFFFFFFFFFFFFFFFFFFFFFFFFFFFFFFFFFFED
:20D36000FFFFFFFFFFFFFFFFFFFFFFFFFFFFFFFFFFFFFFFFFFFFFFFFFFFFFFFFFFFFFFFFCD
:20D38000FFFFFFFFFFFFFFFFFFFFFFFFFFFFFFFFFFFFFFFFFFFFFFFFFFFFFFFFFFFFFFFFAD
:20D3A000FFFFFFFFFFFFFFFFFFFFFFFFFFFFFFFFFFFFFFFFFFFFFFFFFFFFFFFFFFFFFFFF8D
:20D3C000FFFFFFFFFFFFFFFFFFFFFFFFFFFFFFFFFFFFFFFFFFFFFFFFFFFFFFFFFFFFFFFF6D
:20D3E000FFFFFFFFFFFFFFFFFFFFFFFFFFFFFFFFFFFFFFFFFFFFFFFFFFFFFFFFFFFFFFFF4D
:20D40000FFFFFFFFFFFFFFFFFFFFFFFFFFFFFFFFFFFFFFFFFFFFFFFFFFFFFFFFFFFFFFFF2C
:20D42000FFFFFFFFFFFFFFFFFFFFFFFFFFFFFFFFFFFFFFFFFFFFFFFFFFFFFFFFFFFFFFFF0C
:20D44000FFFFFFFFFFFFFFFFFFFFFFFFFFFFFFFFFFFFFFFFFFFFFFFFFFFFFFFFFFFFFFFFEC
:20D46000FFFFFFFFFFFFFFFFFFFFFFFFFFFFFFFFFFFFFFFFFFFFFFFFFFFFFFFFFFFFFFFFCC
:20D48000FFFFFFFFFFFFFFFFFFFFFFFFFFFFFFFFFFFFFFFFFFFFFFFFFFFFFFFFFFFFFFFFAC
:20D4A000FFFFFFFFFFFFFFFFFFFFFFFFFFFFFFFFFFFFFFFFFFFFFFFFFFFFFFFFFFFFFFFF8C
:20D4C000FFFFFFFFFFFFFFFFFFFFFFFFFFFFFFFFFFFFFFFFFFFFFFFFFFFFFFFFFFFFFFFF6C
:20D4E000FFFFFFFFFFFFFFFFFFFFFFFFFFFFFFFFFFFFFFFFFFFFFFFFFFFFFFFFFFFFFFFF4C
:20D50000FFFFFFFFFFFFFFFFFFFFFFFFFFFFFFFFFFFFFFFFFFFFFFFFFFFFFFFFFFFFFFFF2B
:20D52000FFFFFFFFFFFFFFFFFFFFFFFFFFFFFFFFFFFFFFFFFFFFFFFFFFFFFFFFFFFFFFFF0B
:20D54000FFFFFFFFFFFFFFFFFFFFFFFFFFFFFFFFFFFFFFFFFFFFFFFFFFFFFFFFFFFFFFFFEB
:20D56000FFFFFFFFFFFFFFFFFFFFFFFFFFFFFFFFFFFFFFFFFFFFFFFFFFFFFFFFFFFFFFFFCB
:20D58000FFFFFFFFFFFFFFFFFFFFFFFFFFFFFFFFFFFFFFFFFFFFFFFFFFFFFFFFFFFFFFFFAB
:20D5A000FFFFFFFFFFFFFFFFFFFFFFFFFFFFFFFFFFFFFFFFFFFFFFFFFFFFFFFFFFFFFFFF8B
:20D5C000FFFFFFFFFFFFFFFFFFFFFFFFFFFFFFFFFFFFFFFFFFFFFFFFFFFFFFFFFFFFFFFF6B
:20D5E000FFFFFFFFFFFFFFFFFFFFFFFFFFFFFFFFFFFFFFFFFFFFFFFFFFFFFFFFFFFFFFFF4B
:20D60000FFFFFFFFFFFFFFFFFFFFFFFFFFFFFFFFFFFFFFFFFFFFFFFFFFFFFFFFFFFFFFFF2A
:20D62000FFFFFFFFFFFFFFFFFFFFFFFFFFFFFFFFFFFFFFFFFFFFFFFFFFFFFFFFFFFFFFFF0A
:20D64000FFFFFFFFFFFFFFFFFFFFFFFFFFFFFFFFFFFFFFFFFFFFFFFFFFFFFFFFFFFFFFFFEA
:20D66000FFFFFFFFFFFFFFFFFFFFFFFFFFFFFFFFFFFFFFFFFFFFFFFFFFFFFFFFFFFFFFFFCA
:20D68000FFFFFFFFFFFFFFFFFFFFFFFFFFFFFFFFFFFFFFFFFFFFFFFFFFFFFFFFFFFFFFFFAA
:20D6A000FFFFFFFFFFFFFFFFFFFFFFFFFFFFFFFFFFFFFFFFFFFFFFFFFFFFFFFFFFFFFFFF8A
:20D6C000FFFFFFFFFFFFFFFFFFFFFFFFFFFFFFFFFFFFFFFFFFFFFFFFFFFFFFFFFFFFFFFF6A
:20D6E000FFFFFFFFFFFFFFFFFFFFFFFFFFFFFFFFFFFFFFFFFFFFFFFFFFFFFFFFFFFFFFFF4A
:20D70000FFFFFFFFFFFFFFFFFFFFFFFFFFFFFFFFFFFFFFFFFFFFFFFFFFFFFFFFFFFFFFFF29
:20D72000FFFFFFFFFFFFFFFFFFFFFFFFFFFFFFFFFFFFFFFFFFFFFFFFFFFFFFFFFFFFFFFF09
:20D74000FFFFFFFFFFFFFFFFFFFFFFFFFFFFFFFFFFFFFFFFFFFFFFFFFFFFFFFFFFFFFFFFE9
:20D76000FFFFFFFFFFFFFFFFFFFFFFFFFFFFFFFFFFFFFFFFFFFFFFFFFFFFFFFFFFFFFFFFC9
:20D78000FFFFFFFFFFFFFFFFFFFFFFFFFFFFFFFFFFFFFFFFFFFFFFFFFFFFFFFFFFFFFFFFA9
:20D7A000FFFFFFFFFFFFFFFFFFFFFFFFFFFFFFFFFFFFFFFFFFFFFFFFFFFFFFFFFFFFFFFF89
:20D7C000FFFFFFFFFFFFFFFFFFFFFFFFFFFFFFFFFFFFFFFFFFFFFFFFFFFFFFFFFFFFFFFF69
:20D7E000FFFFFFFFFFFFFFFFFFFFFFFFFFFFFFFFFFFFFFFFFFFFFFFFFFFFFFFFFFFFFFFF49
:20D80000FFFFFFFFFFFFFFFFFFFFFFFFFFFFFFFFFFFFFFFFFFFFFFFFFFFFFFFFFFFFFFFF28
:20D82000FFFFFFFFFFFFFFFFFFFFFFFFFFFFFFFFFFFFFFFFFFFFFFFFFFFFFFFFFFFFFFFF08
:20D84000FFFFFFFFFFFFFFFFFFFFFFFFFFFFFFFFFFFFFFFFFFFFFFFFFFFFFFFFFFFFFFFFE8
:20D86000FFFFFFFFFFFFFFFFFFFFFFFFFFFFFFFFFFFFFFFFFFFFFFFFFFFFFFFFFFFFFFFFC8
:20D88000FFFFFFFFFFFFFFFFFFFFFFFFFFFFFFFFFFFFFFFFFFFFFFFFFFFFFFFFFFFFFFFFA8
:20D8A000FFFFFFFFFFFFFFFFFFFFFFFFFFFFFFFFFFFFFFFFFFFFFFFFFFFFFFFFFFFFFFFF88
:20D8C000FFFFFFFFFFFFFFFFFFFFFFFFFFFFFFFFFFFFFFFFFFFFFFFFFFFFFFFFFFFFFFFF68
:20D8E000FFFFFFFFFFFFFFFFFFFFFFFFFFFFFFFFFFFFFFFFFFFFFFFFFFFFFFFFFFFFFFFF48
:20D90000FFFFFFFFFFFFFFFFFFFFFFFFFFFFFFFFFFFFFFFFFFFFFFFFFFFFFFFFFFFFFFFF27
:20D92000FFFFFFFFFFFFFFFFFFFFFFFFFFFFFFFFFFFFFFFFFFFFFFFFFFFFFFFFFFFFFFFF07
:20D94000FFFFFFFFFFFFFFFFFFFFFFFFFFFFFFFFFFFFFFFFFFFFFFFFFFFFFFFFFFFFFFFFE7
:20D96000FFFFFFFFFFFFFFFFFFFFFFFFFFFFFFFFFFFFFFFFFFFFFFFFFFFFFFFFFFFFFFFFC7
:20D98000FFFFFFFFFFFFFFFFFFFFFFFFFFFFFFFFFFFFFFFFFFFFFFFFFFFFFFFFFFFFFFFFA7
:20D9A000FFFFFFFFFFFFFFFFFFFFFFFFFFFFFFFFFFFFFFFFFFFFFFFFFFFFFFFFFFFFFFFF87
:20D9C000FFFFFFFFFFFFFFFFFFFFFFFFFFFFFFFFFFFFFFFFFFFFFFFFFFFFFFFFFFFFFFFF67
:20D9E000FFFFFFFFFFFFFFFFFFFFFFFFFFFFFFFFFFFFFFFFFFFFFFFFFFFFFFFFFFFFFFFF47
:20DA0000FFFFFFFFFFFFFFFFFFFFFFFFFFFFFFFFFFFFFFFFFFFFFFFFFFFFFFFFFFFFFFFF26
:20DA2000FFFFFFFFFFFFFFFFFFFFFFFFFFFFFFFFFFFFFFFFFFFFFFFFFFFFFFFFFFFFFFFF06
:20DA4000FFFFFFFFFFFFFFFFFFFFFFFFFFFFFFFFFFFFFFFFFFFFFFFFFFFFFFFFFFFFFFFFE6
:20DA6000FFFFFFFFFFFFFFFFFFFFFFFFFFFFFFFFFFFFFFFFFFFFFFFFFFFFFFFFFFFFFFFFC6
:20DA8000FFFFFFFFFFFFFFFFFFFFFFFFFFFFFFFFFFFFFFFFFFFFFFFFFFFFFFFFFFFFFFFFA6
:20DAA000FFFFFFFFFFFFFFFFFFFFFFFFFFFFFFFFFFFFFFFFFFFFFFFFFFFFFFFFFFFFFFFF86
:20DAC000FFFFFFFFFFFFFFFFFFFFFFFFFFFFFFFFFFFFFFFFFFFFFFFFFFFFFFFFFFFFFFFF66
:20DAE000FFFFFFFFFFFFFFFFFFFFFFFFFFFFFFFFFFFFFFFFFFFFFFFFFFFFFFFFFFFFFFFF46
:20DB0000FFFFFFFFFFFFFFFFFFFFFFFFFFFFFFFFFFFFFFFFFFFFFFFFFFFFFFFFFFFFFFFF25
:20DB2000FFFFFFFFFFFFFFFFFFFFFFFFFFFFFFFFFFFFFFFFFFFFFFFFFFFFFFFFFFFFFFFF05
:20DB4000FFFFFFFFFFFFFFFFFFFFFFFFFFFFFFFFFFFFFFFFFFFFFFFFFFFFFFFFFFFFFFFFE5
:20DB6000FFFFFFFFFFFFFFFFFFFFFFFFFFFFFFFFFFFFFFFFFFFFFFFFFFFFFFFFFFFFFFFFC5
:20DB8000FFFFFFFFFFFFFFFFFFFFFFFFFFFFFFFFFFFFFFFFFFFFFFFFFFFFFFFFFFFFFFFFA5
:20DBA000FFFFFFFFFFFFFFFFFFFFFFFFFFFFFFFFFFFFFFFFFFFFFFFFFFFFFFFFFFFFFFFF85
:20DBC000FFFFFFFFFFFFFFFFFFFFFFFFFFFFFFFFFFFFFFFFFFFFFFFFFFFFFFFFFFFFFFFF65
:20DBE000FFFFFFFFFFFFFFFFFFFFFFFFFFFFFFFFFFFFFFFFFFFFFFFFFFFFFFFFFFFFFFFF45
:20DC0000FFFFFFFFFFFFFFFFFFFFFFFFFFFFFFFFFFFFFFFFFFFFFFFFFFFFFFFFFFFFFFFF24
:20DC2000FFFFFFFFFFFFFFFFFFFFFFFFFFFFFFFFFFFFFFFFFFFFFFFFFFFFFFFFFFFFFFFF04
:20DC4000FFFFFFFFFFFFFFFFFFFFFFFFFFFFFFFFFFFFFFFFFFFFFFFFFFFFFFFFFFFFFFFFE4
:20DC6000FFFFFFFFFFFFFFFFFFFFFFFFFFFFFFFFFFFFFFFFFFFFFFFFFFFFFFFFFFFFFFFFC4
:20DC8000FFFFFFFFFFFFFFFFFFFFFFFFFFFFFFFFFFFFFFFFFFFFFFFFFFFFFFFFFFFFFFFFA4
:20DCA000FFFFFFFFFFFFFFFFFFFFFFFFFFFFFFFFFFFFFFFFFFFFFFFFFFFFFFFFFFFFFFFF84
:20DCC000FFFFFFFFFFFFFFFFFFFFFFFFFFFFFFFFFFFFFFFFFFFFFFFFFFFFFFFFFFFFFFFF64
:20DCE000FFFFFFFFFFFFFFFFFFFFFFFFFFFFFFFFFFFFFFFFFFFFFFFFFFFFFFFFFFFFFFFF44
:20DD0000FFFFFFFFFFFFFFFFFFFFFFFFFFFFFFFFFFFFFFFFFFFFFFFFFFFFFFFFFFFFFFFF23
:20DD2000FFFFFFFFFFFFFFFFFFFFFFFFFFFFFFFFFFFFFFFFFFFFFFFFFFFFFFFFFFFFFFFF03
:20DD4000FFFFFFFFFFFFFFFFFFFFFFFFFFFFFFFFFFFFFFFFFFFFFFFFFFFFFFFFFFFFFFFFE3
:20DD6000FFFFFFFFFFFFFFFFFFFFFFFFFFFFFFFFFFFFFFFFFFFFFFFFFFFFFFFFFFFFFFFFC3
:20DD8000FFFFFFFFFFFFFFFFFFFFFFFFFFFFFFFFFFFFFFFFFFFFFFFFFFFFFFFFFFFFFFFFA3
:20DDA000FFFFFFFFFFFFFFFFFFFFFFFFFFFFFFFFFFFFFFFFFFFFFFFFFFFFFFFFFFFFFFFF83
:20DDC000FFFFFFFFFFFFFFFFFFFFFFFFFFFFFFFFFFFFFFFFFFFFFFFFFFFFFFFFFFFFFFFF63
:20DDE000FFFFFFFFFFFFFFFFFFFFFFFFFFFFFFFFFFFFFFFFFFFFFFFFFFFFFFFFFFFFFFFF43
:20DE0000FFFFFFFFFFFFFFFFFFFFFFFFFFFFFFFFFFFFFFFFFFFFFFFFFFFFFFFFFFFFFFFF22
:20DE2000FFFFFFFFFFFFFFFFFFFFFFFFFFFFFFFFFFFFFFFFFFFFFFFFFFFFFFFFFFFFFFFF02
:20DE4000FFFFFFFFFFFFFFFFFFFFFFFFFFFFFFFFFFFFFFFFFFFFFFFFFFFFFFFFFFFFFFFFE2
:20DE6000FFFFFFFFFFFFFFFFFFFFFFFFFFFFFFFFFFFFFFFFFFFFFFFFFFFFFFFFFFFFFFFFC2
:20DE8000FFFFFFFFFFFFFFFFFFFFFFFFFFFFFFFFFFFFFFFFFFFFFFFFFFFFFFFFFFFFFFFFA2
:20DEA000FFFFFFFFFFFFFFFFFFFFFFFFFFFFFFFFFFFFFFFFFFFFFFFFFFFFFFFFFFFFFFFF82
:20DEC000FFFFFFFFFFFFFFFFFFFFFFFFFFFFFFFFFFFFFFFFFFFFFFFFFFFFFFFFFFFFFFFF62
:20DEE000FFFFFFFFFFFFFFFFFFFFFFFFFFFFFFFFFFFFFFFFFFFFFFFFFFFFFFFFFFFFFFFF42
:20DF0000FFFFFFFFFFFFFFFFFFFFFFFFFFFFFFFFFFFFFFFFFFFFFFFFFFFFFFFFFFFFFFFF21
:20DF2000FFFFFFFFFFFFFFFFFFFFFFFFFFFFFFFFFFFFFFFFFFFFFFFFFFFFFFFFFFFFFFFF01
:20DF4000FFFFFFFFFFFFFFFFFFFFFFFFFFFFFFFFFFFFFFFFFFFFFFFFFFFFFFFFFFFFFFFFE1
:20DF6000FFFFFFFFFFFFFFFFFFFFFFFFFFFFFFFFFFFFFFFFFFFFFFFFFFFFFFFFFFFFFFFFC1
:20DF8000FFFFFFFFFFFFFFFFFFFFFFFFFFFFFFFFFFFFFFFFFFFFFFFFFFFFFFFFFFFFFFFFA1
:20DFA000FFFFFFFFFFFFFFFFFFFFFFFFFFFFFFFFFFFFFFFFFFFFFFFFFFFFFFFFFFFFFFFF81
:20DFC000FFFFFFFFFFFFFFFFFFFFFFFFFFFFFFFFFFFFFFFFFFFFFFFFFFFFFFFFFFFFFFFF61
:20DFE000FFFFFFFFFFFFFFFFFFFFFFFFFFFFFFFFFFFFFFFFFFFFFFFFFFFFFFFFFFFFFFFF41
:20E00000FFFFFFFFFFFFFFFFFFFFFFFFFFFFFFFFFFFFFFFFFFFFFFFFFFFFFFFFFFFFFFFF20
:20E02000FFFFFFFFFFFFFFFFFFFFFFFFFFFFFFFFFFFFFFFFFFFFFFFFFFFFFFFFFFFFFFFF00
:20E04000FFFFFFFFFFFFFFFFFFFFFFFFFFFFFFFFFFFFFFFFFFFFFFFFFFFFFFFFFFFFFFFFE0
:20E06000FFFFFFFFFFFFFFFFFFFFFFFFFFFFFFFFFFFFFFFFFFFFFFFFFFFFFFFFFFFFFFFFC0
:20E08000FFFFFFFFFFFFFFFFFFFFFFFFFFFFFFFFFFFFFFFFFFFFFFFFFFFFFFFFFFFFFFFFA0
:20E0A000FFFFFFFFFFFFFFFFFFFFFFFFFFFFFFFFFFFFFFFFFFFFFFFFFFFFFFFFFFFFFFFF80
:20E0C000FFFFFFFFFFFFFFFFFFFFFFFFFFFFFFFFFFFFFFFFFFFFFFFFFFFFFFFFFFFFFFFF60
:20E0E000FFFFFFFFFFFFFFFFFFFFFFFFFFFFFFFFFFFFFFFFFFFFFFFFFFFFFFFFFFFFFFFF40
:20E10000FFFFFFFFFFFFFFFFFFFFFFFFFFFFFFFFFFFFFFFFFFFFFFFFFFFFFFFFFFFFFFFF1F
:20E12000FFFFFFFFFFFFFFFFFFFFFFFFFFFFFFFFFFFFFFFFFFFFFFFFFFFFFFFFFFFFFFFFFF
:20E14000FFFFFFFFFFFFFFFFFFFFFFFFFFFFFFFFFFFFFFFFFFFFFFFFFFFFFFFFFFFFFFFFDF
:20E16000FFFFFFFFFFFFFFFFFFFFFFFFFFFFFFFFFFFFFFFFFFFFFFFFFFFFFFFFFFFFFFFFBF
:20E18000FFFFFFFFFFFFFFFFFFFFFFFFFFFFFFFFFFFFFFFFFFFFFFFFFFFFFFFFFFFFFFFF9F
:20E1A000FFFFFFFFFFFFFFFFFFFFFFFFFFFFFFFFFFFFFFFFFFFFFFFFFFFFFFFFFFFFFFFF7F
:20E1C000FFFFFFFFFFFFFFFFFFFFFFFFFFFFFFFFFFFFFFFFFFFFFFFFFFFFFFFFFFFFFFFF5F
:20E1E000FFFFFFFFFFFFFFFFFFFFFFFFFFFFFFFFFFFFFFFFFFFFFFFFFFFFFFFFFFFFFFFF3F
:20E20000FFFFFFFFFFFFFFFFFFFFFFFFFFFFFFFFFFFFFFFFFFFFFFFFFFFFFFFFFFFFFFFF1E
:20E22000FFFFFFFFFFFFFFFFFFFFFFFFFFFFFFFFFFFFFFFFFFFFFFFFFFFFFFFFFFFFFFFFFE
:20E24000FFFFFFFFFFFFFFFFFFFFFFFFFFFFFFFFFFFFFFFFFFFFFFFFFFFFFFFFFFFFFFFFDE
:20E26000FFFFFFFFFFFFFFFFFFFFFFFFFFFFFFFFFFFFFFFFFFFFFFFFFFFFFFFFFFFFFFFFBE
:20E28000FFFFFFFFFFFFFFFFFFFFFFFFFFFFFFFFFFFFFFFFFFFFFFFFFFFFFFFFFFFFFFFF9E
:20E2A000FFFFFFFFFFFFFFFFFFFFFFFFFFFFFFFFFFFFFFFFFFFFFFFFFFFFFFFFFFFFFFFF7E
:20E2C000FFFFFFFFFFFFFFFFFFFFFFFFFFFFFFFFFFFFFFFFFFFFFFFFFFFFFFFFFFFFFFFF5E
:20E2E000FFFFFFFFFFFFFFFFFFFFFFFFFFFFFFFFFFFFFFFFFFFFFFFFFFFFFFFFFFFFFFFF3E
:20E30000FFFFFFFFFFFFFFFFFFFFFFFFFFFFFFFFFFFFFFFFFFFFFFFFFFFFFFFFFFFFFFFF1D
:20E32000FFFFFFFFFFFFFFFFFFFFFFFFFFFFFFFFFFFFFFFFFFFFFFFFFFFFFFFFFFFFFFFFFD
:20E34000FFFFFFFFFFFFFFFFFFFFFFFFFFFFFFFFFFFFFFFFFFFFFFFFFFFFFFFFFFFFFFFFDD
:20E36000FFFFFFFFFFFFFFFFFFFFFFFFFFFFFFFFFFFFFFFFFFFFFFFFFFFFFFFFFFFFFFFFBD
:20E38000FFFFFFFFFFFFFFFFFFFFFFFFFFFFFFFFFFFFFFFFFFFFFFFFFFFFFFFFFFFFFFFF9D
:20E3A000FFFFFFFFFFFFFFFFFFFFFFFFFFFFFFFFFFFFFFFFFFFFFFFFFFFFFFFFFFFFFFFF7D
:20E3C000FFFFFFFFFFFFFFFFFFFFFFFFFFFFFFFFFFFFFFFFFFFFFFFFFFFFFFFFFFFFFFFF5D
:20E3E000FFFFFFFFFFFFFFFFFFFFFFFFFFFFFFFFFFFFFFFFFFFFFFFFFFFFFFFFFFFFFFFF3D
:20E40000FFFFFFFFFFFFFFFFFFFFFFFFFFFFFFFFFFFFFFFFFFFFFFFFFFFFFFFFFFFFFFFF1C
:20E42000FFFFFFFFFFFFFFFFFFFFFFFFFFFFFFFFFFFFFFFFFFFFFFFFFFFFFFFFFFFFFFFFFC
:20E44000FFFFFFFFFFFFFFFFFFFFFFFFFFFFFFFFFFFFFFFFFFFFFFFFFFFFFFFFFFFFFFFFDC
:20E46000FFFFFFFFFFFFFFFFFFFFFFFFFFFFFFFFFFFFFFFFFFFFFFFFFFFFFFFFFFFFFFFFBC
:20E48000FFFFFFFFFFFFFFFFFFFFFFFFFFFFFFFFFFFFFFFFFFFFFFFFFFFFFFFFFFFFFFFF9C
:20E4A000FFFFFFFFFFFFFFFFFFFFFFFFFFFFFFFFFFFFFFFFFFFFFFFFFFFFFFFFFFFFFFFF7C
:20E4C000FFFFFFFFFFFFFFFFFFFFFFFFFFFFFFFFFFFFFFFFFFFFFFFFFFFFFFFFFFFFFFFF5C
:20E4E000FFFFFFFFFFFFFFFFFFFFFFFFFFFFFFFFFFFFFFFFFFFFFFFFFFFFFFFFFFFFFFFF3C
:20E50000FFFFFFFFFFFFFFFFFFFFFFFFFFFFFFFFFFFFFFFFFFFFFFFFFFFFFFFFFFFFFFFF1B
:20E52000FFFFFFFFFFFFFFFFFFFFFFFFFFFFFFFFFFFFFFFFFFFFFFFFFFFFFFFFFFFFFFFFFB
:20E54000FFFFFFFFFFFFFFFFFFFFFFFFFFFFFFFFFFFFFFFFFFFFFFFFFFFFFFFFFFFFFFFFDB
:20E56000FFFFFFFFFFFFFFFFFFFFFFFFFFFFFFFFFFFFFFFFFFFFFFFFFFFFFFFFFFFFFFFFBB
:20E58000FFFFFFFFFFFFFFFFFFFFFFFFFFFFFFFFFFFFFFFFFFFFFFFFFFFFFFFFFFFFFFFF9B
:20E5A000FFFFFFFFFFFFFFFFFFFFFFFFFFFFFFFFFFFFFFFFFFFFFFFFFFFFFFFFFFFFFFFF7B
:20E5C000FFFFFFFFFFFFFFFFFFFFFFFFFFFFFFFFFFFFFFFFFFFFFFFFFFFFFFFFFFFFFFFF5B
:20E5E000FFFFFFFFFFFFFFFFFFFFFFFFFFFFFFFFFFFFFFFFFFFFFFFFFFFFFFFFFFFFFFFF3B
:20E60000FFFFFFFFFFFFFFFFFFFFFFFFFFFFFFFFFFFFFFFFFFFFFFFFFFFFFFFFFFFFFFFF1A
:20E62000FFFFFFFFFFFFFFFFFFFFFFFFFFFFFFFFFFFFFFFFFFFFFFFFFFFFFFFFFFFFFFFFFA
:20E64000FFFFFFFFFFFFFFFFFFFFFFFFFFFFFFFFFFFFFFFFFFFFFFFFFFFFFFFFFFFFFFFFDA
:20E66000FFFFFFFFFFFFFFFFFFFFFFFFFFFFFFFFFFFFFFFFFFFFFFFFFFFFFFFFFFFFFFFFBA
:20E68000FFFFFFFFFFFFFFFFFFFFFFFFFFFFFFFFFFFFFFFFFFFFFFFFFFFFFFFFFFFFFFFF9A
:20E6A000FFFFFFFFFFFFFFFFFFFFFFFFFFFFFFFFFFFFFFFFFFFFFFFFFFFFFFFFFFFFFFFF7A
:20E6C000FFFFFFFFFFFFFFFFFFFFFFFFFFFFFFFFFFFFFFFFFFFFFFFFFFFFFFFFFFFFFFFF5A
:20E6E000FFFFFFFFFFFFFFFFFFFFFFFFFFFFFFFFFFFFFFFFFFFFFFFFFFFFFFFFFFFFFFFF3A
:20E70000FFFFFFFFFFFFFFFFFFFFFFFFFFFFFFFFFFFFFFFFFFFFFFFFFFFFFFFFFFFFFFFF19
:20E72000FFFFFFFFFFFFFFFFFFFFFFFFFFFFFFFFFFFFFFFFFFFFFFFFFFFFFFFFFFFFFFFFF9
:20E74000FFFFFFFFFFFFFFFFFFFFFFFFFFFFFFFFFFFFFFFFFFFFFFFFFFFFFFFFFFFFFFFFD9
:20E76000FFFFFFFFFFFFFFFFFFFFFFFFFFFFFFFFFFFFFFFFFFFFFFFFFFFFFFFFFFFFFFFFB9
:20E78000FFFFFFFFFFFFFFFFFFFFFFFFFFFFFFFFFFFFFFFFFFFFFFFFFFFFFFFFFFFFFFFF99
:20E7A000FFFFFFFFFFFFFFFFFFFFFFFFFFFFFFFFFFFFFFFFFFFFFFFFFFFFFFFFFFFFFFFF79
:20E7C000FFFFFFFFFFFFFFFFFFFFFFFFFFFFFFFFFFFFFFFFFFFFFFFFFFFFFFFFFFFFFFFF59
:20E7E000FFFFFFFFFFFFFFFFFFFFFFFFFFFFFFFFFFFFFFFFFFFFFFFFFFFFFFFFFFFFFFFF39
:20E80000FFFFFFFFFFFFFFFFFFFFFFFFFFFFFFFFFFFFFFFFFFFFFFFFFFFFFFFFFFFFFFFF18
:20E82000FFFFFFFFFFFFFFFFFFFFFFFFFFFFFFFFFFFFFFFFFFFFFFFFFFFFFFFFFFFFFFFFF8
:20E84000FFFFFFFFFFFFFFFFFFFFFFFFFFFFFFFFFFFFFFFFFFFFFFFFFFFFFFFFFFFFFFFFD8
:20E86000FFFFFFFFFFFFFFFFFFFFFFFFFFFFFFFFFFFFFFFFFFFFFFFFFFFFFFFFFFFFFFFFB8
:20E88000FFFFFFFFFFFFFFFFFFFFFFFFFFFFFFFFFFFFFFFFFFFFFFFFFFFFFFFFFFFFFFFF98
:20E8A000FFFFFFFFFFFFFFFFFFFFFFFFFFFFFFFFFFFFFFFFFFFFFFFFFFFFFFFFFFFFFFFF78
:20E8C000FFFFFFFFFFFFFFFFFFFFFFFFFFFFFFFFFFFFFFFFFFFFFFFFFFFFFFFFFFFFFFFF58
:20E8E000FFFFFFFFFFFFFFFFFFFFFFFFFFFFFFFFFFFFFFFFFFFFFFFFFFFFFFFFFFFFFFFF38
:20E90000FFFFFFFFFFFFFFFFFFFFFFFFFFFFFFFFFFFFFFFFFFFFFFFFFFFFFFFFFFFFFFFF17
:20E92000FFFFFFFFFFFFFFFFFFFFFFFFFFFFFFFFFFFFFFFFFFFFFFFFFFFFFFFFFFFFFFFFF7
:20E94000FFFFFFFFFFFFFFFFFFFFFFFFFFFFFFFFFFFFFFFFFFFFFFFFFFFFFFFFFFFFFFFFD7
:20E96000FFFFFFFFFFFFFFFFFFFFFFFFFFFFFFFFFFFFFFFFFFFFFFFFFFFFFFFFFFFFFFFFB7
:20E98000FFFFFFFFFFFFFFFFFFFFFFFFFFFFFFFFFFFFFFFFFFFFFFFFFFFFFFFFFFFFFFFF97
:20E9A000FFFFFFFFFFFFFFFFFFFFFFFFFFFFFFFFFFFFFFFFFFFFFFFFFFFFFFFFFFFFFFFF77
:20E9C000FFFFFFFFFFFFFFFFFFFFFFFFFFFFFFFFFFFFFFFFFFFFFFFFFFFFFFFFFFFFFFFF57
:20E9E000FFFFFFFFFFFFFFFFFFFFFFFFFFFFFFFFFFFFFFFFFFFFFFFFFFFFFFFFFFFFFFFF37
:20EA0000FFFFFFFFFFFFFFFFFFFFFFFFFFFFFFFFFFFFFFFFFFFFFFFFFFFFFFFFFFFFFFFF16
:20EA2000FFFFFFFFFFFFFFFFFFFFFFFFFFFFFFFFFFFFFFFFFFFFFFFFFFFFFFFFFFFFFFFFF6
:20EA4000FFFFFFFFFFFFFFFFFFFFFFFFFFFFFFFFFFFFFFFFFFFFFFFFFFFFFFFFFFFFFFFFD6
:20EA6000FFFFFFFFFFFFFFFFFFFFFFFFFFFFFFFFFFFFFFFFFFFFFFFFFFFFFFFFFFFFFFFFB6
:20EA8000FFFFFFFFFFFFFFFFFFFFFFFFFFFFFFFFFFFFFFFFFFFFFFFFFFFFFFFFFFFFFFFF96
:20EAA000FFFFFFFFFFFFFFFFFFFFFFFFFFFFFFFFFFFFFFFFFFFFFFFFFFFFFFFFFFFFFFFF76
:20EAC000FFFFFFFFFFFFFFFFFFFFFFFFFFFFFFFFFFFFFFFFFFFFFFFFFFFFFFFFFFFFFFFF56
:20EAE000FFFFFFFFFFFFFFFFFFFFFFFFFFFFFFFFFFFFFFFFFFFFFFFFFFFFFFFFFFFFFFFF36
:20EB0000FFFFFFFFFFFFFFFFFFFFFFFFFFFFFFFFFFFFFFFFFFFFFFFFFFFFFFFFFFFFFFFF15
:20EB2000FFFFFFFFFFFFFFFFFFFFFFFFFFFFFFFFFFFFFFFFFFFFFFFFFFFFFFFFFFFFFFFFF5
:20EB4000FFFFFFFFFFFFFFFFFFFFFFFFFFFFFFFFFFFFFFFFFFFFFFFFFFFFFFFFFFFFFFFFD5
:20EB6000FFFFFFFFFFFFFFFFFFFFFFFFFFFFFFFFFFFFFFFFFFFFFFFFFFFFFFFFFFFFFFFFB5
:20EB8000FFFFFFFFFFFFFFFFFFFFFFFFFFFFFFFFFFFFFFFFFFFFFFFFFFFFFFFFFFFFFFFF95
:20EBA000FFFFFFFFFFFFFFFFFFFFFFFFFFFFFFFFFFFFFFFFFFFFFFFFFFFFFFFFFFFFFFFF75
:20EBC000FFFFFFFFFFFFFFFFFFFFFFFFFFFFFFFFFFFFFFFFFFFFFFFFFFFFFFFFFFFFFFFF55
:20EBE000FFFFFFFFFFFFFFFFFFFFFFFFFFFFFFFFFFFFFFFFFFFFFFFFFFFFFFFFFFFFFFFF35
:20EC0000FFFFFFFFFFFFFFFFFFFFFFFFFFFFFFFFFFFFFFFFFFFFFFFFFFFFFFFFFFFFFFFF14
:20EC2000FFFFFFFFFFFFFFFFFFFFFFFFFFFFFFFFFFFFFFFFFFFFFFFFFFFFFFFFFFFFFFFFF4
:20EC4000FFFFFFFFFFFFFFFFFFFFFFFFFFFFFFFFFFFFFFFFFFFFFFFFFFFFFFFFFFFFFFFFD4
:20EC6000FFFFFFFFFFFFFFFFFFFFFFFFFFFFFFFFFFFFFFFFFFFFFFFFFFFFFFFFFFFFFFFFB4
:20EC8000FFFFFFFFFFFFFFFFFFFFFFFFFFFFFFFFFFFFFFFFFFFFFFFFFFFFFFFFFFFFFFFF94
:20ECA000FFFFFFFFFFFFFFFFFFFFFFFFFFFFFFFFFFFFFFFFFFFFFFFFFFFFFFFFFFFFFFFF74
:20ECC000FFFFFFFFFFFFFFFFFFFFFFFFFFFFFFFFFFFFFFFFFFFFFFFFFFFFFFFFFFFFFFFF54
:20ECE000FFFFFFFFFFFFFFFFFFFFFFFFFFFFFFFFFFFFFFFFFFFFFFFFFFFFFFFFFFFFFFFF34
:20ED0000FFFFFFFFFFFFFFFFFFFFFFFFFFFFFFFFFFFFFFFFFFFFFFFFFFFFFFFFFFFFFFFF13
:20ED2000FFFFFFFFFFFFFFFFFFFFFFFFFFFFFFFFFFFFFFFFFFFFFFFFFFFFFFFFFFFFFFFFF3
:20ED4000FFFFFFFFFFFFFFFFFFFFFFFFFFFFFFFFFFFFFFFFFFFFFFFFFFFFFFFFFFFFFFFFD3
:20ED6000FFFFFFFFFFFFFFFFFFFFFFFFFFFFFFFFFFFFFFFFFFFFFFFFFFFFFFFFFFFFFFFFB3
:20ED8000FFFFFFFFFFFFFFFFFFFFFFFFFFFFFFFFFFFFFFFFFFFFFFFFFFFFFFFFFFFFFFFF93
:20EDA000FFFFFFFFFFFFFFFFFFFFFFFFFFFFFFFFFFFFFFFFFFFFFFFFFFFFFFFFFFFFFFFF73
:20EDC000FFFFFFFFFFFFFFFFFFFFFFFFFFFFFFFFFFFFFFFFFFFFFFFFFFFFFFFFFFFFFFFF53
:20EDE000FFFFFFFFFFFFFFFFFFFFFFFFFFFFFFFFFFFFFFFFFFFFFFFFFFFFFFFFFFFFFFFF33
:20EE0000FFFFFFFFFFFFFFFFFFFFFFFFFFFFFFFFFFFFFFFFFFFFFFFFFFFFFFFFFFFFFFFF12
:20EE2000FFFFFFFFFFFFFFFFFFFFFFFFFFFFFFFFFFFFFFFFFFFFFFFFFFFFFFFFFFFFFFFFF2
:20EE4000FFFFFFFFFFFFFFFFFFFFFFFFFFFFFFFFFFFFFFFFFFFFFFFFFFFFFFFFFFFFFFFFD2
:20EE6000FFFFFFFFFFFFFFFFFFFFFFFFFFFFFFFFFFFFFFFFFFFFFFFFFFFFFFFFFFFFFFFFB2
:20EE8000FFFFFFFFFFFFFFFFFFFFFFFFFFFFFFFFFFFFFFFFFFFFFFFFFFFFFFFFFFFFFFFF92
:20EEA000FFFFFFFFFFFFFFFFFFFFFFFFFFFFFFFFFFFFFFFFFFFFFFFFFFFFFFFFFFFFFFFF72
:20EEC000FFFFFFFFFFFFFFFFFFFFFFFFFFFFFFFFFFFFFFFFFFFFFFFFFFFFFFFFFFFFFFFF52
:20EEE000FFFFFFFFFFFFFFFFFFFFFFFFFFFFFFFFFFFFFFFFFFFFFFFFFFFFFFFFFFFFFFFF32
:20EF0000FFFFFFFFFFFFFFFFFFFFFFFFFFFFFFFFFFFFFFFFFFFFFFFFFFFFFFFFFFFFFFFF11
:20EF2000FFFFFFFFFFFFFFFFFFFFFFFFFFFFFFFFFFFFFFFFFFFFFFFFFFFFFFFFFFFFFFFFF1
:20EF4000FFFFFFFFFFFFFFFFFFFFFFFFFFFFFFFFFFFFFFFFFFFFFFFFFFFFFFFFFFFFFFFFD1
:20EF6000FFFFFFFFFFFFFFFFFFFFFFFFFFFFFFFFFFFFFFFFFFFFFFFFFFFFFFFFFFFFFFFFB1
:20EF8000FFFFFFFFFFFFFFFFFFFFFFFFFFFFFFFFFFFFFFFFFFFFFFFFFFFFFFFFFFFFFFFF91
:20EFA000FFFFFFFFFFFFFFFFFFFFFFFFFFFFFFFFFFFFFFFFFFFFFFFFFFFFFFFFFFFFFFFF71
:20EFC000FFFFFFFFFFFFFFFFFFFFFFFFFFFFFFFFFFFFFFFFFFFFFFFFFFFFFFFFFFFFFFFF51
:20EFE000FFFFFFFFFFFFFFFFFFFFFFFFFFFFFFFFFFFFFFFFFFFFFFFFFFFFFFFFFFFFFFFF31
:20F00000FFFFFFFFFFFFFFFFFFFFFFFFFFFFFFFFFFFFFFFFFFFFFFFFFFFFFFFFFFFFFFFF10
:20F02000FFFFFFFFFFFFFFFFFFFFFFFFFFFFFFFFFFFFFFFFFFFFFFFFFFFFFFFFFFFFFFFFF0
:20F04000FFFFFFFFFFFFFFFFFFFFFFFFFFFFFFFFFFFFFFFFFFFFFFFFFFFFFFFFFFFFFFFFD0
:20F06000FFFFFFFFFFFFFFFFFFFFFFFFFFFFFFFFFFFFFFFFFFFFFFFFFFFFFFFFFFFFFFFFB0
:20F08000FFFFFFFFFFFFFFFFFFFFFFFFFFFFFFFFFFFFFFFFFFFFFFFFFFFFFFFFFFFFFFFF90
:20F0A000FFFFFFFFFFFFFFFFFFFFFFFFFFFFFFFFFFFFFFFFFFFFFFFFFFFFFFFFFFFFFFFF70
:20F0C000FFFFFFFFFFFFFFFFFFFFFFFFFFFFFFFFFFFFFFFFFFFFFFFFFFFFFFFFFFFFFFFF50
:20F0E000FFFFFFFFFFFFFFFFFFFFFFFFFFFFFFFFFFFFFFFFFFFFFFFFFFFFFFFFFFFFFFFF30
:20F10000FFFFFFFFFFFFFFFFFFFFFFFFFFFFFFFFFFFFFFFFFFFFFFFFFFFFFFFFFFFFFFFF0F
:20F12000FFFFFFFFFFFFFFFFFFFFFFFFFFFFFFFFFFFFFFFFFFFFFFFFFFFFFFFFFFFFFFFFEF
:20F14000FFFFFFFFFFFFFFFFFFFFFFFFFFFFFFFFFFFFFFFFFFFFFFFFFFFFFFFFFFFFFFFFCF
:20F16000FFFFFFFFFFFFFFFFFFFFFFFFFFFFFFFFFFFFFFFFFFFFFFFFFFFFFFFFFFFFFFFFAF
:20F18000FFFFFFFFFFFFFFFFFFFFFFFFFFFFFFFFFFFFFFFFFFFFFFFFFFFFFFFFFFFFFFFF8F
:20F1A000FFFFFFFFFFFFFFFFFFFFFFFFFFFFFFFFFFFFFFFFFFFFFFFFFFFFFFFFFFFFFFFF6F
:20F1C000FFFFFFFFFFFFFFFFFFFFFFFFFFFFFFFFFFFFFFFFFFFFFFFFFFFFFFFFFFFFFFFF4F
:20F1E000FFFFFFFFFFFFFFFFFFFFFFFFFFFFFFFFFFFFFFFFFFFFFFFFFFFFFFFFFFFFFFFF2F
:20F20000FFFFFFFFFFFFFFFFFFFFFFFFFFFFFFFFFFFFFFFFFFFFFFFFFFFFFFFFFFFFFFFF0E
:20F22000FFFFFFFFFFFFFFFFFFFFFFFFFFFFFFFFFFFFFFFFFFFFFFFFFFFFFFFFFFFFFFFFEE
:20F24000FFFFFFFFFFFFFFFFFFFFFFFFFFFFFFFFFFFFFFFFFFFFFFFFFFFFFFFFFFFFFFFFCE
:20F26000FFFFFFFFFFFFFFFFFFFFFFFFFFFFFFFFFFFFFFFFFFFFFFFFFFFFFFFFFFFFFFFFAE
:20F28000FFFFFFFFFFFFFFFFFFFFFFFFFFFFFFFFFFFFFFFFFFFFFFFFFFFFFFFFFFFFFFFF8E
:20F2A000FFFFFFFFFFFFFFFFFFFFFFFFFFFFFFFFFFFFFFFFFFFFFFFFFFFFFFFFFFFFFFFF6E
:20F2C000FFFFFFFFFFFFFFFFFFFFFFFFFFFFFFFFFFFFFFFFFFFFFFFFFFFFFFFFFFFFFFFF4E
:20F2E000FFFFFFFFFFFFFFFFFFFFFFFFFFFFFFFFFFFFFFFFFFFFFFFFFFFFFFFFFFFFFFFF2E
:20F30000FFFFFFFFFFFFFFFFFFFFFFFFFFFFFFFFFFFFFFFFFFFFFFFFFFFFFFFFFFFFFFFF0D
:20F32000FFFFFFFFFFFFFFFFFFFFFFFFFFFFFFFFFFFFFFFFFFFFFFFFFFFFFFFFFFFFFFFFED
:20F34000FFFFFFFFFFFFFFFFFFFFFFFFFFFFFFFFFFFFFFFFFFFFFFFFFFFFFFFFFFFFFFFFCD
:20F36000FFFFFFFFFFFFFFFFFFFFFFFFFFFFFFFFFFFFFFFFFFFFFFFFFFFFFFFFFFFFFFFFAD
:20F38000FFFFFFFFFFFFFFFFFFFFFFFFFFFFFFFFFFFFFFFFFFFFFFFFFFFFFFFFFFFFFFFF8D
:20F3A000FFFFFFFFFFFFFFFFFFFFFFFFFFFFFFFFFFFFFFFFFFFFFFFFFFFFFFFFFFFFFFFF6D
:20F3C000FFFFFFFFFFFFFFFFFFFFFFFFFFFFFFFFFFFFFFFFFFFFFFFFFFFFFFFFFFFFFFFF4D
:20F3E000FFFFFFFFFFFFFFFFFFFFFFFFFFFFFFFFFFFFFFFFFFFFFFFFFFFFFFFFFFFFFFFF2D
:20F40000FFFFFFFFFFFFFFFFFFFFFFFFFFFFFFFFFFFFFFFFFFFFFFFFFFFFFFFFFFFFFFFF0C
:20F42000FFFFFFFFFFFFFFFFFFFFFFFFFFFFFFFFFFFFFFFFFFFFFFFFFFFFFFFFFFFFFFFFEC
:20F44000FFFFFFFFFFFFFFFFFFFFFFFFFFFFFFFFFFFFFFFFFFFFFFFFFFFFFFFFFFFFFFFFCC
:20F46000FFFFFFFFFFFFFFFFFFFFFFFFFFFFFFFFFFFFFFFFFFFFFFFFFFFFFFFFFFFFFFFFAC
:20F48000FFFFFFFFFFFFFFFFFFFFFFFFFFFFFFFFFFFFFFFFFFFFFFFFFFFFFFFFFFFFFFFF8C
:20F4A000FFFFFFFFFFFFFFFFFFFFFFFFFFFFFFFFFFFFFFFFFFFFFFFFFFFFFFFFFFFFFFFF6C
:20F4C000FFFFFFFFFFFFFFFFFFFFFFFFFFFFFFFFFFFFFFFFFFFFFFFFFFFFFFFFFFFFFFFF4C
:20F4E000FFFFFFFFFFFFFFFFFFFFFFFFFFFFFFFFFFFFFFFFFFFFFFFFFFFFFFFFFFFFFFFF2C
:20F50000FFFFFFFFFFFFFFFFFFFFFFFFFFFFFFFFFFFFFFFFFFFFFFFFFFFFFFFFFFFFFFFF0B
:20F52000FFFFFFFFFFFFFFFFFFFFFFFFFFFFFFFFFFFFFFFFFFFFFFFFFFFFFFFFFFFFFFFFEB
:20F54000FFFFFFFFFFFFFFFFFFFFFFFFFFFFFFFFFFFFFFFFFFFFFFFFFFFFFFFFFFFFFFFFCB
:20F56000FFFFFFFFFFFFFFFFFFFFFFFFFFFFFFFFFFFFFFFFFFFFFFFFFFFFFFFFFFFFFFFFAB
:20F58000FFFFFFFFFFFFFFFFFFFFFFFFFFFFFFFFFFFFFFFFFFFFFFFFFFFFFFFFFFFFFFFF8B
:20F5A000FFFFFFFFFFFFFFFFFFFFFFFFFFFFFFFFFFFFFFFFFFFFFFFFFFFFFFFFFFFFFFFF6B
:20F5C000FFFFFFFFFFFFFFFFFFFFFFFFFFFFFFFFFFFFFFFFFFFFFFFFFFFFFFFFFFFFFFFF4B
:20F5E000FFFFFFFFFFFFFFFFFFFFFFFFFFFFFFFFFFFFFFFFFFFFFFFFFFFFFFFFFFFFFFFF2B
:20F60000FFFFFFFFFFFFFFFFFFFFFFFFFFFFFFFFFFFFFFFFFFFFFFFFFFFFFFFFFFFFFFFF0A
:20F62000FFFFFFFFFFFFFFFFFFFFFFFFFFFFFFFFFFFFFFFFFFFFFFFFFFFFFFFFFFFFFFFFEA
:20F64000FFFFFFFFFFFFFFFFFFFFFFFFFFFFFFFFFFFFFFFFFFFFFFFFFFFFFFFFFFFFFFFFCA
:20F66000FFFFFFFFFFFFFFFFFFFFFFFFFFFFFFFFFFFFFFFFFFFFFFFFFFFFFFFFFFFFFFFFAA
:20F68000FFFFFFFFFFFFFFFFFFFFFFFFFFFFFFFFFFFFFFFFFFFFFFFFFFFFFFFFFFFFFFFF8A
:20F6A000FFFFFFFFFFFFFFFFFFFFFFFFFFFFFFFFFFFFFFFFFFFFFFFFFFFFFFFFFFFFFFFF6A
:20F6C000FFFFFFFFFFFFFFFFFFFFFFFFFFFFFFFFFFFFFFFFFFFFFFFFFFFFFFFFFFFFFFFF4A
:20F6E000FFFFFFFFFFFFFFFFFFFFFFFFFFFFFFFFFFFFFFFFFFFFFFFFFFFFFFFFFFFFFFFF2A
:20F70000FFFFFFFFFFFFFFFFFFFFFFFFFFFFFFFFFFFFFFFFFFFFFFFFFFFFFFFFFFFFFFFF09
:20F72000FFFFFFFFFFFFFFFFFFFFFFFFFFFFFFFFFFFFFFFFFFFFFFFFFFFFFFFFFFFFFFFFE9
:20F74000FFFFFFFFFFFFFFFFFFFFFFFFFFFFFFFFFFFFFFFFFFFFFFFFFFFFFFFFFFFFFFFFC9
:20F76000FFFFFFFFFFFFFFFFFFFFFFFFFFFFFFFFFFFFFFFFFFFFFFFFFFFFFFFFFFFFFFFFA9
:20F78000FFFFFFFFFFFFFFFFFFFFFFFFFFFFFFFFFFFFFFFFFFFFFFFFFFFFFFFFFFFFFFFF89
:20F7A000FFFFFFFFFFFFFFFFFFFFFFFFFFFFFFFFFFFFFFFFFFFFFFFFFFFFFFFFFFFFFFFF69
:20F7C000FFFFFFFFFFFFFFFFFFFFFFFFFFFFFFFFFFFFFFFFFFFFFFFFFFFFFFFFFFFFFFFF49
:20F7E000FFFFFFFFFFFFFFFFFFFFFFFFFFFFFFFFFFFFFFFFFFFFFFFFFFFFFFFFFFFFFFFF29
:20F80000FFFFFFFFFFFFFFFFFFFFFFFFFFFFFFFFFFFFFFFFFFFFFFFFFFFFFFFFFFFFFFFF08
:20F82000FFFFFFFFFFFFFFFFFFFFFFFFFFFFFFFFFFFFFFFFFFFFFFFFFFFFFFFFFFFFFFFFE8
:20F84000FFFFFFFFFFFFFFFFFFFFFFFFFFFFFFFFFFFFFFFFFFFFFFFFFFFFFFFFFFFFFFFFC8
:20F86000FFFFFFFFFFFFFFFFFFFFFFFFFFFFFFFFFFFFFFFFFFFFFFFFFFFFFFFFFFFFFFFFA8
:20F88000FFFFFFFFFFFFFFFFFFFFFFFFFFFFFFFFFFFFFFFFFFFFFFFFFFFFFFFFFFFFFFFF88
:20F8A000FFFFFFFFFFFFFFFFFFFFFFFFFFFFFFFFFFFFFFFFFFFFFFFFFFFFFFFFFFFFFFFF68
:20F8C000FFFFFFFFFFFFFFFFFFFFFFFFFFFFFFFFFFFFFFFFFFFFFFFFFFFFFFFFFFFFFFFF48
:20F8E000FFFFFFFFFFFFFFFFFFFFFFFFFFFFFFFFFFFFFFFFFFFFFFFFFFFFFFFFFFFFFFFF28
:20F90000FFFFFFFFFFFFFFFFFFFFFFFFFFFFFFFFFFFFFFFFFFFFFFFFFFFFFFFFFFFFFFFF07
:20F92000FFFFFFFFFFFFFFFFFFFFFFFFFFFFFFFFFFFFFFFFFFFFFFFFFFFFFFFFFFFFFFFFE7
:20F94000FFFFFFFFFFFFFFFFFFFFFFFFFFFFFFFFFFFFFFFFFFFFFFFFFFFFFFFFFFFFFFFFC7
:20F96000FFFFFFFFFFFFFFFFFFFFFFFFFFFFFFFFFFFFFFFFFFFFFFFFFFFFFFFFFFFFFFFFA7
:20F98000FFFFFFFFFFFFFFFFFFFFFFFFFFFFFFFFFFFFFFFFFFFFFFFFFFFFFFFFFFFFFFFF87
:20F9A000FFFFFFFFFFFFFFFFFFFFFFFFFFFFFFFFFFFFFFFFFFFFFFFFFFFFFFFFFFFFFFFF67
:20F9C000FFFFFFFFFFFFFFFFFFFFFFFFFFFFFFFFFFFFFFFFFFFFFFFFFFFFFFFFFFFFFFFF47
:20F9E000FFFFFFFFFFFFFFFFFFFFFFFFFFFFFFFFFFFFFFFFFFFFFFFFFFFFFFFFFFFFFFFF27
:20FA0000FFFFFFFFFFFFFFFFFFFFFFFFFFFFFFFFFFFFFFFFFFFFFFFFFFFFFFFFFFFFFFFF06
:20FA2000FFFFFFFFFFFFFFFFFFFFFFFFFFFFFFFFFFFFFFFFFFFFFFFFFFFFFFFFFFFFFFFFE6
:20FA4000FFFFFFFFFFFFFFFFFFFFFFFFFFFFFFFFFFFFFFFFFFFFFFFFFFFFFFFFFFFFFFFFC6
:20FA6000FFFFFFFFFFFFFFFFFFFFFFFFFFFFFFFFFFFFFFFFFFFFFFFFFFFFFFFFFFFFFFFFA6
:20FA8000FFFFFFFFFFFFFFFFFFFFFFFFFFFFFFFFFFFFFFFFFFFFFFFFFFFFFFFFFFFFFFFF86
:20FAA000FFFFFFFFFFFFFFFFFFFFFFFFFFFFFFFFFFFFFFFFFFFFFFFFFFFFFFFFFFFFFFFF66
:20FAC000FFFFFFFFFFFFFFFFFFFFFFFFFFFFFFFFFFFFFFFFFFFFFFFFFFFFFFFFFFFFFFFF46
:20FAE000FFFFFFFFFFFFFFFFFFFFFFFFFFFFFFFFFFFFFFFFFFFFFFFFFFFFFFFFFFFFFFFF26
:20FB0000FFFFFFFFFFFFFFFFFFFFFFFFFFFFFFFFFFFFFFFFFFFFFFFFFFFFFFFFFFFFFFFF05
:20FB2000FFFFFFFFFFFFFFFFFFFFFFFFFFFFFFFFFFFFFFFFFFFFFFFFFFFFFFFFFFFFFFFFE5
:20FB4000FFFFFFFFFFFFFFFFFFFFFFFFFFFFFFFFFFFFFFFFFFFFFFFFFFFFFFFFFFFFFFFFC5
:20FB6000FFFFFFFFFFFFFFFFFFFFFFFFFFFFFFFFFFFFFFFFFFFFFFFFFFFFFFFFFFFFFFFFA5
:20FB8000FFFFFFFFFFFFFFFFFFFFFFFFFFFFFFFFFFFFFFFFFFFFFFFFFFFFFFFFFFFFFFFF85
:20FBA000FFFFFFFFFFFFFFFFFFFFFFFFFFFFFFFFFFFFFFFFFFFFFFFFFFFFFFFFFFFFFFFF65
:20FBC000FFFFFFFFFFFFFFFFFFFFFFFFFFFFFFFFFFFFFFFFFFFFFFFFFFFFFFFFFFFFFFFF45
:20FBE000FFFFFFFFFFFFFFFFFFFFFFFFFFFFFFFFFFFFFFFFFFFFFFFFFFFFFFFFFFFFFFFF25
:20FC0000FFFFFFFFFFFFFFFFFFFFFFFFFFFFFFFFFFFFFFFFFFFFFFFFFFFFFFFFFFFFFFFF04
:20FC2000FFFFFFFFFFFFFFFFFFFFFFFFFFFFFFFFFFFFFFFFFFFFFFFFFFFFFFFFFFFFFFFFE4
:20FC4000FFFFFFFFFFFFFFFFFFFFFFFFFFFFFFFFFFFFFFFFFFFFFFFFFFFFFFFFFFFFFFFFC4
:20FC6000FFFFFFFFFFFFFFFFFFFFFFFFFFFFFFFFFFFFFFFFFFFFFFFFFFFFFFFFFFFFFFFFA4
:20FC8000FFFFFFFFFFFFFFFFFFFFFFFFFFFFFFFFFFFFFFFFFFFFFFFFFFFFFFFFFFFFFFFF84
:20FCA000FFFFFFFFFFFFFFFFFFFFFFFFFFFFFFFFFFFFFFFFFFFFFFFFFFFFFFFFFFFFFFFF64
:20FCC000FFFFFFFFFFFFFFFFFFFFFFFFFFFFFFFFFFFFFFFFFFFFFFFFFFFFFFFFFFFFFFFF44
:20FCE000FFFFFFFFFFFFFFFFFFFFFFFFFFFFFFFFFFFFFFFFFFFFFFFFFFFFFFFFFFFFFFFF24
:20FD0000FFFFFFFFFFFFFFFFFFFFFFFFFFFFFFFFFFFFFFFFFFFFFFFFFFFFFFFFFFFFFFFF03
:20FD2000FFFFFFFFFFFFFFFFFFFFFFFFFFFFFFFFFFFFFFFFFFFFFFFFFFFFFFFFFFFFFFFFE3
:20FD4000FFFFFFFFFFFFFFFFFFFFFFFFFFFFFFFFFFFFFFFFFFFFFFFFFFFFFFFFFFFFFFFFC3
:20FD6000FFFFFFFFFFFFFFFFFFFFFFFFFFFFFFFFFFFFFFFFFFFFFFFFFFFFFFFFFFFFFFFFA3
:20FD8000FFFFFFFFFFFFFFFFFFFFFFFFFFFFFFFFFFFFFFFFFFFFFFFFFFFFFFFFFFFFFFFF83
:20FDA000FFFFFFFFFFFFFFFFFFFFFFFFFFFFFFFFFFFFFFFFFFFFFFFFFFFFFFFFFFFFFFFF63
:20FDC000FFFFFFFFFFFFFFFFFFFFFFFFFFFFFFFFFFFFFFFFFFFFFFFFFFFFFFFFFFFFFFFF43
:20FDE000FFFFFFFFFFFFFFFFFFFFFFFFFFFFFFFFFFFFFFFFFFFFFFFFFFFFFFFFFFFFFFFF23
:20FE0000FFFFFFFFFFFFFFFFFFFFFFFFFFFFFFFFFFFFFFFFFFFFFFFFFFFFFFFFFFFFFFFF02
:20FE2000FFFFFFFFFFFFFFFFFFFFFFFFFFFFFFFFFFFFFFFFFFFFFFFFFFFFFFFFFFFFFFFFE2
:20FE4000FFFFFFFFFFFFFFFFFFFFFFFFFFFFFFFFFFFFFFFFFFFFFFFFFFFFFFFFFFFFFFFFC2
:20FE6000FFFFFFFFFFFFFFFFFFFFFFFFFFFFFFFFFFFFFFFFFFFFFFFFFFFFFFFFFFFFFFFFA2
:20FE8000FFFFFFFFFFFFFFFFFFFFFFFFFFFFFFFFFFFFFFFFFFFFFFFFFFFFFFFFFFFFFFFF82
:20FEA000FFFFFFFFFFFFFFFFFFFFFFFFFFFFFFFFFFFFFFFFFFFFFFFFFFFFFFFFFFFFFFFF62
:20FEC000FFFFFFFFFFFFFFFFFFFFFFFFFFFFFFFFFFFFFFFFFFFFFFFFFFFFFFFFFFFFFFFF42
:20FEE000FFFFFFFFFFFFFFFFFFFFFFFFFFFFFFFFFFFFFFFFFFFFFFFFFFFFFFFFFFFFFFFF22
:20FF0000FFFFFFFFFFFFFFFFFFFFFFFFFFFFFFFFFFFFFFFFFFFFFFFFFFFFFFFFFFFFFFFF01
:20FF2000FFFFFFFFFFFFFFFFFFFFFFFFFFFFFFFFFFFFFFFFFFFFFFFFFFFFFFFFFFFFFFFFE1
:20FF4000FFFFFFFFFFFFFFFFFFFFFFFFFFFFFFFFFFFFFFFFFFFFFFFFFFFFFFFFFFFFFFFFC1
:20FF6000FFFFFFFFFFFFFFFFFFFFFFFFFFFFFFFFFFFFFFFFFFFFFFFFFFFFFFFFFFFFFFFFA1
:20FF8000FFFFFFFFFFFFFFFFFFFFFFFFFFFFFFFFFFFFFFFFFFFFFFFFFFFFFFFFFFFFFFFF81
:20FFA000FFFFFFFFFFFFFFFFFFFFFFFFFFFFFFFFFFFFFFFFFFFFFFFFFFFFFFFFFFFFFFFF61
:20FFC000FFFFFFFFFFFFFFFFFFFFFFFFFFFFFFFFFFFFFFFFFFFFFFFFFFFFFFFFFFFFFFFF41
:20FFE000FFFFFFFFFFFFFFFFFFFFFFFFFFFFFFFFFFFFFFFFFFFFFFFFFFFFFFFFFFFFFFFF21
:020000040803EF
:20000000FFFFFFFFFFFFFFFFFFFFFFFFFFFFFFFFFFFFFFFFFFFFFFFFFFFFFFFFFFFFFFFF00
:20002000FFFFFFFFFFFFFFFFFFFFFFFFFFFFFFFFFFFFFFFFFFFFFFFFFFFFFFFFFFFFFFFFE0
:20004000FFFFFFFFFFFFFFFFFFFFFFFFFFFFFFFFFFFFFFFFFFFFFFFFFFFFFFFFFFFFFFFFC0
:20006000FFFFFFFFFFFFFFFFFFFFFFFFFFFFFFFFFFFFFFFFFFFFFFFFFFFFFFFFFFFFFFFFA0
:20008000FFFFFFFFFFFFFFFFFFFFFFFFFFFFFFFFFFFFFFFFFFFFFFFFFFFFFFFFFFFFFFFF80
:2000A000FFFFFFFFFFFFFFFFFFFFFFFFFFFFFFFFFFFFFFFFFFFFFFFFFFFFFFFFFFFFFFFF60
:2000C000FFFFFFFFFFFFFFFFFFFFFFFFFFFFFFFFFFFFFFFFFFFFFFFFFFFFFFFFFFFFFFFF40
:2000E000FFFFFFFFFFFFFFFFFFFFFFFFFFFFFFFFFFFFFFFFFFFFFFFFFFFFFFFFFFFFFFFF20
:20010000FFFFFFFFFFFFFFFFFFFFFFFFFFFFFFFFFFFFFFFFFFFFFFFFFFFFFFFFFFFFFFFFFF
:20012000FFFFFFFFFFFFFFFFFFFFFFFFFFFFFFFFFFFFFFFFFFFFFFFFFFFFFFFFFFFFFFFFDF
:20014000FFFFFFFFFFFFFFFFFFFFFFFFFFFFFFFFFFFFFFFFFFFFFFFFFFFFFFFFFFFFFFFFBF
:20016000FFFFFFFFFFFFFFFFFFFFFFFFFFFFFFFFFFFFFFFFFFFFFFFFFFFFFFFFFFFFFFFF9F
:20018000FFFFFFFFFFFFFFFFFFFFFFFFFFFFFFFFFFFFFFFFFFFFFFFFFFFFFFFFFFFFFFFF7F
:2001A000FFFFFFFFFFFFFFFFFFFFFFFFFFFFFFFFFFFFFFFFFFFFFFFFFFFFFFFFFFFFFFFF5F
:2001C000FFFFFFFFFFFFFFFFFFFFFFFFFFFFFFFFFFFFFFFFFFFFFFFFFFFFFFFFFFFFFFFF3F
:2001E000FFFFFFFFFFFFFFFFFFFFFFFFFFFFFFFFFFFFFFFFFFFFFFFFFFFFFFFFFFFFFFFF1F
:20020000FFFFFFFFFFFFFFFFFFFFFFFFFFFFFFFFFFFFFFFFFFFFFFFFFFFFFFFFFFFFFFFFFE
:20022000FFFFFFFFFFFFFFFFFFFFFFFFFFFFFFFFFFFFFFFFFFFFFFFFFFFFFFFFFFFFFFFFDE
:20024000FFFFFFFFFFFFFFFFFFFFFFFFFFFFFFFFFFFFFFFFFFFFFFFFFFFFFFFFFFFFFFFFBE
:20026000FFFFFFFFFFFFFFFFFFFFFFFFFFFFFFFFFFFFFFFFFFFFFFFFFFFFFFFFFFFFFFFF9E
:20028000FFFFFFFFFFFFFFFFFFFFFFFFFFFFFFFFFFFFFFFFFFFFFFFFFFFFFFFFFFFFFFFF7E
:2002A000FFFFFFFFFFFFFFFFFFFFFFFFFFFFFFFFFFFFFFFFFFFFFFFFFFFFFFFFFFFFFFFF5E
:2002C000FFFFFFFFFFFFFFFFFFFFFFFFFFFFFFFFFFFFFFFFFFFFFFFFFFFFFFFFFFFFFFFF3E
:2002E000FFFFFFFFFFFFFFFFFFFFFFFFFFFFFFFFFFFFFFFFFFFFFFFFFFFFFFFFFFFFFFFF1E
:20030000FFFFFFFFFFFFFFFFFFFFFFFFFFFFFFFFFFFFFFFFFFFFFFFFFFFFFFFFFFFFFFFFFD
:20032000FFFFFFFFFFFFFFFFFFFFFFFFFFFFFFFFFFFFFFFFFFFFFFFFFFFFFFFFFFFFFFFFDD
:20034000FFFFFFFFFFFFFFFFFFFFFFFFFFFFFFFFFFFFFFFFFFFFFFFFFFFFFFFFFFFFFFFFBD
:20036000FFFFFFFFFFFFFFFFFFFFFFFFFFFFFFFFFFFFFFFFFFFFFFFFFFFFFFFFFFFFFFFF9D
:20038000FFFFFFFFFFFFFFFFFFFFFFFFFFFFFFFFFFFFFFFFFFFFFFFFFFFFFFFFFFFFFFFF7D
:2003A000FFFFFFFFFFFFFFFFFFFFFFFFFFFFFFFFFFFFFFFFFFFFFFFFFFFFFFFFFFFFFFFF5D
:2003C000FFFFFFFFFFFFFFFFFFFFFFFFFFFFFFFFFFFFFFFFFFFFFFFFFFFFFFFFFFFFFFFF3D
:2003E000FFFFFFFFFFFFFFFFFFFFFFFFFFFFFFFFFFFFFFFFFFFFFFFFFFFFFFFFFFFFFFFF1D
:20040000FFFFFFFFFFFFFFFFFFFFFFFFFFFFFFFFFFFFFFFFFFFFFFFFFFFFFFFFFFFFFFFFFC
:20042000FFFFFFFFFFFFFFFFFFFFFFFFFFFFFFFFFFFFFFFFFFFFFFFFFFFFFFFFFFFFFFFFDC
:20044000FFFFFFFFFFFFFFFFFFFFFFFFFFFFFFFFFFFFFFFFFFFFFFFFFFFFFFFFFFFFFFFFBC
:20046000FFFFFFFFFFFFFFFFFFFFFFFFFFFFFFFFFFFFFFFFFFFFFFFFFFFFFFFFFFFFFFFF9C
:20048000FFFFFFFFFFFFFFFFFFFFFFFFFFFFFFFFFFFFFFFFFFFFFFFFFFFFFFFFFFFFFFFF7C
:2004A000FFFFFFFFFFFFFFFFFFFFFFFFFFFFFFFFFFFFFFFFFFFFFFFFFFFFFFFFFFFFFFFF5C
:2004C000FFFFFFFFFFFFFFFFFFFFFFFFFFFFFFFFFFFFFFFFFFFFFFFFFFFFFFFFFFFFFFFF3C
:2004E000FFFFFFFFFFFFFFFFFFFFFFFFFFFFFFFFFFFFFFFFFFFFFFFFFFFFFFFFFFFFFFFF1C
:20050000FFFFFFFFFFFFFFFFFFFFFFFFFFFFFFFFFFFFFFFFFFFFFFFFFFFFFFFFFFFFFFFFFB
:20052000FFFFFFFFFFFFFFFFFFFFFFFFFFFFFFFFFFFFFFFFFFFFFFFFFFFFFFFFFFFFFFFFDB
:20054000FFFFFFFFFFFFFFFFFFFFFFFFFFFFFFFFFFFFFFFFFFFFFFFFFFFFFFFFFFFFFFFFBB
:20056000FFFFFFFFFFFFFFFFFFFFFFFFFFFFFFFFFFFFFFFFFFFFFFFFFFFFFFFFFFFFFFFF9B
:20058000FFFFFFFFFFFFFFFFFFFFFFFFFFFFFFFFFFFFFFFFFFFFFFFFFFFFFFFFFFFFFFFF7B
:2005A000FFFFFFFFFFFFFFFFFFFFFFFFFFFFFFFFFFFFFFFFFFFFFFFFFFFFFFFFFFFFFFFF5B
:2005C000FFFFFFFFFFFFFFFFFFFFFFFFFFFFFFFFFFFFFFFFFFFFFFFFFFFFFFFFFFFFFFFF3B
:2005E000FFFFFFFFFFFFFFFFFFFFFFFFFFFFFFFFFFFFFFFFFFFFFFFFFFFFFFFFFFFFFFFF1B
:20060000FFFFFFFFFFFFFFFFFFFFFFFFFFFFFFFFFFFFFFFFFFFFFFFFFFFFFFFFFFFFFFFFFA
:20062000FFFFFFFFFFFFFFFFFFFFFFFFFFFFFFFFFFFFFFFFFFFFFFFFFFFFFFFFFFFFFFFFDA
:20064000FFFFFFFFFFFFFFFFFFFFFFFFFFFFFFFFFFFFFFFFFFFFFFFFFFFFFFFFFFFFFFFFBA
:20066000FFFFFFFFFFFFFFFFFFFFFFFFFFFFFFFFFFFFFFFFFFFFFFFFFFFFFFFFFFFFFFFF9A
:20068000FFFFFFFFFFFFFFFFFFFFFFFFFFFFFFFFFFFFFFFFFFFFFFFFFFFFFFFFFFFFFFFF7A
:2006A000FFFFFFFFFFFFFFFFFFFFFFFFFFFFFFFFFFFFFFFFFFFFFFFFFFFFFFFFFFFFFFFF5A
:2006C000FFFFFFFFFFFFFFFFFFFFFFFFFFFFFFFFFFFFFFFFFFFFFFFFFFFFFFFFFFFFFFFF3A
:2006E000FFFFFFFFFFFFFFFFFFFFFFFFFFFFFFFFFFFFFFFFFFFFFFFFFFFFFFFFFFFFFFFF1A
:20070000FFFFFFFFFFFFFFFFFFFFFFFFFFFFFFFFFFFFFFFFFFFFFFFFFFFFFFFFFFFFFFFFF9
:20072000FFFFFFFFFFFFFFFFFFFFFFFFFFFFFFFFFFFFFFFFFFFFFFFFFFFFFFFFFFFFFFFFD9
:20074000FFFFFFFFFFFFFFFFFFFFFFFFFFFFFFFFFFFFFFFFFFFFFFFFFFFFFFFFFFFFFFFFB9
:20076000FFFFFFFFFFFFFFFFFFFFFFFFFFFFFFFFFFFFFFFFFFFFFFFFFFFFFFFFFFFFFFFF99
:20078000FFFFFFFFFFFFFFFFFFFFFFFFFFFFFFFFFFFFFFFFFFFFFFFFFFFFFFFFFFFFFFFF79
:2007A000FFFFFFFFFFFFFFFFFFFFFFFFFFFFFFFFFFFFFFFFFFFFFFFFFFFFFFFFFFFFFFFF59
:2007C000FFFFFFFFFFFFFFFFFFFFFFFFFFFFFFFFFFFFFFFFFFFFFFFFFFFFFFFFFFFFFFFF39
:2007E000FFFFFFFFFFFFFFFFFFFFFFFFFFFFFFFFFFFFFFFFFFFFFFFFFFFFFFFFFFFFFFFF19
:20080000FFFFFFFFFFFFFFFFFFFFFFFFFFFFFFFFFFFFFFFFFFFFFFFFFFFFFFFFFFFFFFFFF8
:20082000FFFFFFFFFFFFFFFFFFFFFFFFFFFFFFFFFFFFFFFFFFFFFFFFFFFFFFFFFFFFFFFFD8
:20084000FFFFFFFFFFFFFFFFFFFFFFFFFFFFFFFFFFFFFFFFFFFFFFFFFFFFFFFFFFFFFFFFB8
:20086000FFFFFFFFFFFFFFFFFFFFFFFFFFFFFFFFFFFFFFFFFFFFFFFFFFFFFFFFFFFFFFFF98
:20088000FFFFFFFFFFFFFFFFFFFFFFFFFFFFFFFFFFFFFFFFFFFFFFFFFFFFFFFFFFFFFFFF78
:2008A000FFFFFFFFFFFFFFFFFFFFFFFFFFFFFFFFFFFFFFFFFFFFFFFFFFFFFFFFFFFFFFFF58
:2008C000FFFFFFFFFFFFFFFFFFFFFFFFFFFFFFFFFFFFFFFFFFFFFFFFFFFFFFFFFFFFFFFF38
:2008E000FFFFFFFFFFFFFFFFFFFFFFFFFFFFFFFFFFFFFFFFFFFFFFFFFFFFFFFFFFFFFFFF18
:20090000FFFFFFFFFFFFFFFFFFFFFFFFFFFFFFFFFFFFFFFFFFFFFFFFFFFFFFFFFFFFFFFFF7
:20092000FFFFFFFFFFFFFFFFFFFFFFFFFFFFFFFFFFFFFFFFFFFFFFFFFFFFFFFFFFFFFFFFD7
:20094000FFFFFFFFFFFFFFFFFFFFFFFFFFFFFFFFFFFFFFFFFFFFFFFFFFFFFFFFFFFFFFFFB7
:20096000FFFFFFFFFFFFFFFFFFFFFFFFFFFFFFFFFFFFFFFFFFFFFFFFFFFFFFFFFFFFFFFF97
:20098000FFFFFFFFFFFFFFFFFFFFFFFFFFFFFFFFFFFFFFFFFFFFFFFFFFFFFFFFFFFFFFFF77
:2009A000FFFFFFFFFFFFFFFFFFFFFFFFFFFFFFFFFFFFFFFFFFFFFFFFFFFFFFFFFFFFFFFF57
:2009C000FFFFFFFFFFFFFFFFFFFFFFFFFFFFFFFFFFFFFFFFFFFFFFFFFFFFFFFFFFFFFFFF37
:2009E000FFFFFFFFFFFFFFFFFFFFFFFFFFFFFFFFFFFFFFFFFFFFFFFFFFFFFFFFFFFFFFFF17
:200A0000FFFFFFFFFFFFFFFFFFFFFFFFFFFFFFFFFFFFFFFFFFFFFFFFFFFFFFFFFFFFFFFFF6
:200A2000FFFFFFFFFFFFFFFFFFFFFFFFFFFFFFFFFFFFFFFFFFFFFFFFFFFFFFFFFFFFFFFFD6
:200A4000FFFFFFFFFFFFFFFFFFFFFFFFFFFFFFFFFFFFFFFFFFFFFFFFFFFFFFFFFFFFFFFFB6
:200A6000FFFFFFFFFFFFFFFFFFFFFFFFFFFFFFFFFFFFFFFFFFFFFFFFFFFFFFFFFFFFFFFF96
:200A8000FFFFFFFFFFFFFFFFFFFFFFFFFFFFFFFFFFFFFFFFFFFFFFFFFFFFFFFFFFFFFFFF76
:200AA000FFFFFFFFFFFFFFFFFFFFFFFFFFFFFFFFFFFFFFFFFFFFFFFFFFFFFFFFFFFFFFFF56
:200AC000FFFFFFFFFFFFFFFFFFFFFFFFFFFFFFFFFFFFFFFFFFFFFFFFFFFFFFFFFFFFFFFF36
:200AE000FFFFFFFFFFFFFFFFFFFFFFFFFFFFFFFFFFFFFFFFFFFFFFFFFFFFFFFFFFFFFFFF16
:200B0000FFFFFFFFFFFFFFFFFFFFFFFFFFFFFFFFFFFFFFFFFFFFFFFFFFFFFFFFFFFFFFFFF5
:200B2000FFFFFFFFFFFFFFFFFFFFFFFFFFFFFFFFFFFFFFFFFFFFFFFFFFFFFFFFFFFFFFFFD5
:200B4000FFFFFFFFFFFFFFFFFFFFFFFFFFFFFFFFFFFFFFFFFFFFFFFFFFFFFFFFFFFFFFFFB5
:200B6000FFFFFFFFFFFFFFFFFFFFFFFFFFFFFFFFFFFFFFFFFFFFFFFFFFFFFFFFFFFFFFFF95
:200B8000FFFFFFFFFFFFFFFFFFFFFFFFFFFFFFFFFFFFFFFFFFFFFFFFFFFFFFFFFFFFFFFF75
:200BA000FFFFFFFFFFFFFFFFFFFFFFFFFFFFFFFFFFFFFFFFFFFFFFFFFFFFFFFFFFFFFFFF55
:200BC000FFFFFFFFFFFFFFFFFFFFFFFFFFFFFFFFFFFFFFFFFFFFFFFFFFFFFFFFFFFFFFFF35
:200BE000FFFFFFFFFFFFFFFFFFFFFFFFFFFFFFFFFFFFFFFFFFFFFFFFFFFFFFFFFFFFFFFF15
:200C0000FFFFFFFFFFFFFFFFFFFFFFFFFFFFFFFFFFFFFFFFFFFFFFFFFFFFFFFFFFFFFFFFF4
:200C2000FFFFFFFFFFFFFFFFFFFFFFFFFFFFFFFFFFFFFFFFFFFFFFFFFFFFFFFFFFFFFFFFD4
:200C4000FFFFFFFFFFFFFFFFFFFFFFFFFFFFFFFFFFFFFFFFFFFFFFFFFFFFFFFFFFFFFFFFB4
:200C6000FFFFFFFFFFFFFFFFFFFFFFFFFFFFFFFFFFFFFFFFFFFFFFFFFFFFFFFFFFFFFFFF94
:200C8000FFFFFFFFFFFFFFFFFFFFFFFFFFFFFFFFFFFFFFFFFFFFFFFFFFFFFFFFFFFFFFFF74
:200CA000FFFFFFFFFFFFFFFFFFFFFFFFFFFFFFFFFFFFFFFFFFFFFFFFFFFFFFFFFFFFFFFF54
:200CC000FFFFFFFFFFFFFFFFFFFFFFFFFFFFFFFFFFFFFFFFFFFFFFFFFFFFFFFFFFFFFFFF34
:200CE000FFFFFFFFFFFFFFFFFFFFFFFFFFFFFFFFFFFFFFFFFFFFFFFFFFFFFFFFFFFFFFFF14
:200D0000FFFFFFFFFFFFFFFFFFFFFFFFFFFFFFFFFFFFFFFFFFFFFFFFFFFFFFFFFFFFFFFFF3
:200D2000FFFFFFFFFFFFFFFFFFFFFFFFFFFFFFFFFFFFFFFFFFFFFFFFFFFFFFFFFFFFFFFFD3
:200D4000FFFFFFFFFFFFFFFFFFFFFFFFFFFFFFFFFFFFFFFFFFFFFFFFFFFFFFFFFFFFFFFFB3
:200D6000FFFFFFFFFFFFFFFFFFFFFFFFFFFFFFFFFFFFFFFFFFFFFFFFFFFFFFFFFFFFFFFF93
:200D8000FFFFFFFFFFFFFFFFFFFFFFFFFFFFFFFFFFFFFFFFFFFFFFFFFFFFFFFFFFFFFFFF73
:200DA000FFFFFFFFFFFFFFFFFFFFFFFFFFFFFFFFFFFFFFFFFFFFFFFFFFFFFFFFFFFFFFFF53
:200DC000FFFFFFFFFFFFFFFFFFFFFFFFFFFFFFFFFFFFFFFFFFFFFFFFFFFFFFFFFFFFFFFF33
:200DE000FFFFFFFFFFFFFFFFFFFFFFFFFFFFFFFFFFFFFFFFFFFFFFFFFFFFFFFFFFFFFFFF13
:200E0000FFFFFFFFFFFFFFFFFFFFFFFFFFFFFFFFFFFFFFFFFFFFFFFFFFFFFFFFFFFFFFFFF2
:200E2000FFFFFFFFFFFFFFFFFFFFFFFFFFFFFFFFFFFFFFFFFFFFFFFFFFFFFFFFFFFFFFFFD2
:200E4000FFFFFFFFFFFFFFFFFFFFFFFFFFFFFFFFFFFFFFFFFFFFFFFFFFFFFFFFFFFFFFFFB2
:200E6000FFFFFFFFFFFFFFFFFFFFFFFFFFFFFFFFFFFFFFFFFFFFFFFFFFFFFFFFFFFFFFFF92
:200E8000FFFFFFFFFFFFFFFFFFFFFFFFFFFFFFFFFFFFFFFFFFFFFFFFFFFFFFFFFFFFFFFF72
:200EA000FFFFFFFFFFFFFFFFFFFFFFFFFFFFFFFFFFFFFFFFFFFFFFFFFFFFFFFFFFFFFFFF52
:200EC000FFFFFFFFFFFFFFFFFFFFFFFFFFFFFFFFFFFFFFFFFFFFFFFFFFFFFFFFFFFFFFFF32
:200EE000FFFFFFFFFFFFFFFFFFFFFFFFFFFFFFFFFFFFFFFFFFFFFFFFFFFFFFFFFFFFFFFF12
:200F0000FFFFFFFFFFFFFFFFFFFFFFFFFFFFFFFFFFFFFFFFFFFFFFFFFFFFFFFFFFFFFFFFF1
:200F2000FFFFFFFFFFFFFFFFFFFFFFFFFFFFFFFFFFFFFFFFFFFFFFFFFFFFFFFFFFFFFFFFD1
:200F4000FFFFFFFFFFFFFFFFFFFFFFFFFFFFFFFFFFFFFFFFFFFFFFFFFFFFFFFFFFFFFFFFB1
:200F6000FFFFFFFFFFFFFFFFFFFFFFFFFFFFFFFFFFFFFFFFFFFFFFFFFFFFFFFFFFFFFFFF91
:200F8000FFFFFFFFFFFFFFFFFFFFFFFFFFFFFFFFFFFFFFFFFFFFFFFFFFFFFFFFFFFFFFFF71
:200FA000FFFFFFFFFFFFFFFFFFFFFFFFFFFFFFFFFFFFFFFFFFFFFFFFFFFFFFFFFFFFFFFF51
:200FC000FFFFFFFFFFFFFFFFFFFFFFFFFFFFFFFFFFFFFFFFFFFFFFFFFFFFFFFFFFFFFFFF31
:200FE000FFFFFFFFFFFFFFFFFFFFFFFFFFFFFFFFFFFFFFFFFFFFFFFFFFFFFFFFFFFFFFFF11
:20100000FFFFFFFFFFFFFFFFFFFFFFFFFFFFFFFFFFFFFFFFFFFFFFFFFFFFFFFFFFFFFFFFF0
:20102000FFFFFFFFFFFFFFFFFFFFFFFFFFFFFFFFFFFFFFFFFFFFFFFFFFFFFFFFFFFFFFFFD0
:20104000FFFFFFFFFFFFFFFFFFFFFFFFFFFFFFFFFFFFFFFFFFFFFFFFFFFFFFFFFFFFFFFFB0
:20106000FFFFFFFFFFFFFFFFFFFFFFFFFFFFFFFFFFFFFFFFFFFFFFFFFFFFFFFFFFFFFFFF90
:20108000FFFFFFFFFFFFFFFFFFFFFFFFFFFFFFFFFFFFFFFFFFFFFFFFFFFFFFFFFFFFFFFF70
:2010A000FFFFFFFFFFFFFFFFFFFFFFFFFFFFFFFFFFFFFFFFFFFFFFFFFFFFFFFFFFFFFFFF50
:2010C000FFFFFFFFFFFFFFFFFFFFFFFFFFFFFFFFFFFFFFFFFFFFFFFFFFFFFFFFFFFFFFFF30
:2010E000FFFFFFFFFFFFFFFFFFFFFFFFFFFFFFFFFFFFFFFFFFFFFFFFFFFFFFFFFFFFFFFF10
:20110000FFFFFFFFFFFFFFFFFFFFFFFFFFFFFFFFFFFFFFFFFFFFFFFFFFFFFFFFFFFFFFFFEF
:20112000FFFFFFFFFFFFFFFFFFFFFFFFFFFFFFFFFFFFFFFFFFFFFFFFFFFFFFFFFFFFFFFFCF
:20114000FFFFFFFFFFFFFFFFFFFFFFFFFFFFFFFFFFFFFFFFFFFFFFFFFFFFFFFFFFFFFFFFAF
:20116000FFFFFFFFFFFFFFFFFFFFFFFFFFFFFFFFFFFFFFFFFFFFFFFFFFFFFFFFFFFFFFFF8F
:20118000FFFFFFFFFFFFFFFFFFFFFFFFFFFFFFFFFFFFFFFFFFFFFFFFFFFFFFFFFFFFFFFF6F
:2011A000FFFFFFFFFFFFFFFFFFFFFFFFFFFFFFFFFFFFFFFFFFFFFFFFFFFFFFFFFFFFFFFF4F
:2011C000FFFFFFFFFFFFFFFFFFFFFFFFFFFFFFFFFFFFFFFFFFFFFFFFFFFFFFFFFFFFFFFF2F
:2011E000FFFFFFFFFFFFFFFFFFFFFFFFFFFFFFFFFFFFFFFFFFFFFFFFFFFFFFFFFFFFFFFF0F
:20120000FFFFFFFFFFFFFFFFFFFFFFFFFFFFFFFFFFFFFFFFFFFFFFFFFFFFFFFFFFFFFFFFEE
:20122000FFFFFFFFFFFFFFFFFFFFFFFFFFFFFFFFFFFFFFFFFFFFFFFFFFFFFFFFFFFFFFFFCE
:20124000FFFFFFFFFFFFFFFFFFFFFFFFFFFFFFFFFFFFFFFFFFFFFFFFFFFFFFFFFFFFFFFFAE
:20126000FFFFFFFFFFFFFFFFFFFFFFFFFFFFFFFFFFFFFFFFFFFFFFFFFFFFFFFFFFFFFFFF8E
:20128000FFFFFFFFFFFFFFFFFFFFFFFFFFFFFFFFFFFFFFFFFFFFFFFFFFFFFFFFFFFFFFFF6E
:2012A000FFFFFFFFFFFFFFFFFFFFFFFFFFFFFFFFFFFFFFFFFFFFFFFFFFFFFFFFFFFFFFFF4E
:2012C000FFFFFFFFFFFFFFFFFFFFFFFFFFFFFFFFFFFFFFFFFFFFFFFFFFFFFFFFFFFFFFFF2E
:2012E000FFFFFFFFFFFFFFFFFFFFFFFFFFFFFFFFFFFFFFFFFFFFFFFFFFFFFFFFFFFFFFFF0E
:20130000FFFFFFFFFFFFFFFFFFFFFFFFFFFFFFFFFFFFFFFFFFFFFFFFFFFFFFFFFFFFFFFFED
:20132000FFFFFFFFFFFFFFFFFFFFFFFFFFFFFFFFFFFFFFFFFFFFFFFFFFFFFFFFFFFFFFFFCD
:20134000FFFFFFFFFFFFFFFFFFFFFFFFFFFFFFFFFFFFFFFFFFFFFFFFFFFFFFFFFFFFFFFFAD
:20136000FFFFFFFFFFFFFFFFFFFFFFFFFFFFFFFFFFFFFFFFFFFFFFFFFFFFFFFFFFFFFFFF8D
:20138000FFFFFFFFFFFFFFFFFFFFFFFFFFFFFFFFFFFFFFFFFFFFFFFFFFFFFFFFFFFFFFFF6D
:2013A000FFFFFFFFFFFFFFFFFFFFFFFFFFFFFFFFFFFFFFFFFFFFFFFFFFFFFFFFFFFFFFFF4D
:2013C000FFFFFFFFFFFFFFFFFFFFFFFFFFFFFFFFFFFFFFFFFFFFFFFFFFFFFFFFFFFFFFFF2D
:2013E000FFFFFFFFFFFFFFFFFFFFFFFFFFFFFFFFFFFFFFFFFFFFFFFFFFFFFFFFFFFFFFFF0D
:20140000FFFFFFFFFFFFFFFFFFFFFFFFFFFFFFFFFFFFFFFFFFFFFFFFFFFFFFFFFFFFFFFFEC
:20142000FFFFFFFFFFFFFFFFFFFFFFFFFFFFFFFFFFFFFFFFFFFFFFFFFFFFFFFFFFFFFFFFCC
:20144000FFFFFFFFFFFFFFFFFFFFFFFFFFFFFFFFFFFFFFFFFFFFFFFFFFFFFFFFFFFFFFFFAC
:20146000FFFFFFFFFFFFFFFFFFFFFFFFFFFFFFFFFFFFFFFFFFFFFFFFFFFFFFFFFFFFFFFF8C
:20148000FFFFFFFFFFFFFFFFFFFFFFFFFFFFFFFFFFFFFFFFFFFFFFFFFFFFFFFFFFFFFFFF6C
:2014A000FFFFFFFFFFFFFFFFFFFFFFFFFFFFFFFFFFFFFFFFFFFFFFFFFFFFFFFFFFFFFFFF4C
:2014C000FFFFFFFFFFFFFFFFFFFFFFFFFFFFFFFFFFFFFFFFFFFFFFFFFFFFFFFFFFFFFFFF2C
:2014E000FFFFFFFFFFFFFFFFFFFFFFFFFFFFFFFFFFFFFFFFFFFFFFFFFFFFFFFFFFFFFFFF0C
:20150000FFFFFFFFFFFFFFFFFFFFFFFFFFFFFFFFFFFFFFFFFFFFFFFFFFFFFFFFFFFFFFFFEB
:20152000FFFFFFFFFFFFFFFFFFFFFFFFFFFFFFFFFFFFFFFFFFFFFFFFFFFFFFFFFFFFFFFFCB
:20154000FFFFFFFFFFFFFFFFFFFFFFFFFFFFFFFFFFFFFFFFFFFFFFFFFFFFFFFFFFFFFFFFAB
:20156000FFFFFFFFFFFFFFFFFFFFFFFFFFFFFFFFFFFFFFFFFFFFFFFFFFFFFFFFFFFFFFFF8B
:20158000FFFFFFFFFFFFFFFFFFFFFFFFFFFFFFFFFFFFFFFFFFFFFFFFFFFFFFFFFFFFFFFF6B
:2015A000FFFFFFFFFFFFFFFFFFFFFFFFFFFFFFFFFFFFFFFFFFFFFFFFFFFFFFFFFFFFFFFF4B
:2015C000FFFFFFFFFFFFFFFFFFFFFFFFFFFFFFFFFFFFFFFFFFFFFFFFFFFFFFFFFFFFFFFF2B
:2015E000FFFFFFFFFFFFFFFFFFFFFFFFFFFFFFFFFFFFFFFFFFFFFFFFFFFFFFFFFFFFFFFF0B
:20160000FFFFFFFFFFFFFFFFFFFFFFFFFFFFFFFFFFFFFFFFFFFFFFFFFFFFFFFFFFFFFFFFEA
:20162000FFFFFFFFFFFFFFFFFFFFFFFFFFFFFFFFFFFFFFFFFFFFFFFFFFFFFFFFFFFFFFFFCA
:20164000FFFFFFFFFFFFFFFFFFFFFFFFFFFFFFFFFFFFFFFFFFFFFFFFFFFFFFFFFFFFFFFFAA
:20166000FFFFFFFFFFFFFFFFFFFFFFFFFFFFFFFFFFFFFFFFFFFFFFFFFFFFFFFFFFFFFFFF8A
:20168000FFFFFFFFFFFFFFFFFFFFFFFFFFFFFFFFFFFFFFFFFFFFFFFFFFFFFFFFFFFFFFFF6A
:2016A000FFFFFFFFFFFFFFFFFFFFFFFFFFFFFFFFFFFFFFFFFFFFFFFFFFFFFFFFFFFFFFFF4A
:2016C000FFFFFFFFFFFFFFFFFFFFFFFFFFFFFFFFFFFFFFFFFFFFFFFFFFFFFFFFFFFFFFFF2A
:2016E000FFFFFFFFFFFFFFFFFFFFFFFFFFFFFFFFFFFFFFFFFFFFFFFFFFFFFFFFFFFFFFFF0A
:20170000FFFFFFFFFFFFFFFFFFFFFFFFFFFFFFFFFFFFFFFFFFFFFFFFFFFFFFFFFFFFFFFFE9
:20172000FFFFFFFFFFFFFFFFFFFFFFFFFFFFFFFFFFFFFFFFFFFFFFFFFFFFFFFFFFFFFFFFC9
:20174000FFFFFFFFFFFFFFFFFFFFFFFFFFFFFFFFFFFFFFFFFFFFFFFFFFFFFFFFFFFFFFFFA9
:20176000FFFFFFFFFFFFFFFFFFFFFFFFFFFFFFFFFFFFFFFFFFFFFFFFFFFFFFFFFFFFFFFF89
:20178000FFFFFFFFFFFFFFFFFFFFFFFFFFFFFFFFFFFFFFFFFFFFFFFFFFFFFFFFFFFFFFFF69
:2017A000FFFFFFFFFFFFFFFFFFFFFFFFFFFFFFFFFFFFFFFFFFFFFFFFFFFFFFFFFFFFFFFF49
:2017C000FFFFFFFFFFFFFFFFFFFFFFFFFFFFFFFFFFFFFFFFFFFFFFFFFFFFFFFFFFFFFFFF29
:2017E000FFFFFFFFFFFFFFFFFFFFFFFFFFFFFFFFFFFFFFFFFFFFFFFFFFFFFFFFFFFFFFFF09
:20180000FFFFFFFFFFFFFFFFFFFFFFFFFFFFFFFFFFFFFFFFFFFFFFFFFFFFFFFFFFFFFFFFE8
:20182000FFFFFFFFFFFFFFFFFFFFFFFFFFFFFFFFFFFFFFFFFFFFFFFFFFFFFFFFFFFFFFFFC8
:20184000FFFFFFFFFFFFFFFFFFFFFFFFFFFFFFFFFFFFFFFFFFFFFFFFFFFFFFFFFFFFFFFFA8
:20186000FFFFFFFFFFFFFFFFFFFFFFFFFFFFFFFFFFFFFFFFFFFFFFFFFFFFFFFFFFFFFFFF88
:20188000FFFFFFFFFFFFFFFFFFFFFFFFFFFFFFFFFFFFFFFFFFFFFFFFFFFFFFFFFFFFFFFF68
:2018A000FFFFFFFFFFFFFFFFFFFFFFFFFFFFFFFFFFFFFFFFFFFFFFFFFFFFFFFFFFFFFFFF48
:2018C000FFFFFFFFFFFFFFFFFFFFFFFFFFFFFFFFFFFFFFFFFFFFFFFFFFFFFFFFFFFFFFFF28
:2018E000FFFFFFFFFFFFFFFFFFFFFFFFFFFFFFFFFFFFFFFFFFFFFFFFFFFFFFFFFFFFFFFF08
:20190000FFFFFFFFFFFFFFFFFFFFFFFFFFFFFFFFFFFFFFFFFFFFFFFFFFFFFFFFFFFFFFFFE7
:20192000FFFFFFFFFFFFFFFFFFFFFFFFFFFFFFFFFFFFFFFFFFFFFFFFFFFFFFFFFFFFFFFFC7
:20194000FFFFFFFFFFFFFFFFFFFFFFFFFFFFFFFFFFFFFFFFFFFFFFFFFFFFFFFFFFFFFFFFA7
:20196000FFFFFFFFFFFFFFFFFFFFFFFFFFFFFFFFFFFFFFFFFFFFFFFFFFFFFFFFFFFFFFFF87
:20198000FFFFFFFFFFFFFFFFFFFFFFFFFFFFFFFFFFFFFFFFFFFFFFFFFFFFFFFFFFFFFFFF67
:2019A000FFFFFFFFFFFFFFFFFFFFFFFFFFFFFFFFFFFFFFFFFFFFFFFFFFFFFFFFFFFFFFFF47
:2019C000FFFFFFFFFFFFFFFFFFFFFFFFFFFFFFFFFFFFFFFFFFFFFFFFFFFFFFFFFFFFFFFF27
:2019E000FFFFFFFFFFFFFFFFFFFFFFFFFFFFFFFFFFFFFFFFFFFFFFFFFFFFFFFFFFFFFFFF07
:201A0000FFFFFFFFFFFFFFFFFFFFFFFFFFFFFFFFFFFFFFFFFFFFFFFFFFFFFFFFFFFFFFFFE6
:201A2000FFFFFFFFFFFFFFFFFFFFFFFFFFFFFFFFFFFFFFFFFFFFFFFFFFFFFFFFFFFFFFFFC6
:201A4000FFFFFFFFFFFFFFFFFFFFFFFFFFFFFFFFFFFFFFFFFFFFFFFFFFFFFFFFFFFFFFFFA6
:201A6000FFFFFFFFFFFFFFFFFFFFFFFFFFFFFFFFFFFFFFFFFFFFFFFFFFFFFFFFFFFFFFFF86
:201A8000FFFFFFFFFFFFFFFFFFFFFFFFFFFFFFFFFFFFFFFFFFFFFFFFFFFFFFFFFFFFFFFF66
:201AA000FFFFFFFFFFFFFFFFFFFFFFFFFFFFFFFFFFFFFFFFFFFFFFFFFFFFFFFFFFFFFFFF46
:201AC000FFFFFFFFFFFFFFFFFFFFFFFFFFFFFFFFFFFFFFFFFFFFFFFFFFFFFFFFFFFFFFFF26
:201AE000FFFFFFFFFFFFFFFFFFFFFFFFFFFFFFFFFFFFFFFFFFFFFFFFFFFFFFFFFFFFFFFF06
:201B0000FFFFFFFFFFFFFFFFFFFFFFFFFFFFFFFFFFFFFFFFFFFFFFFFFFFFFFFFFFFFFFFFE5
:201B2000FFFFFFFFFFFFFFFFFFFFFFFFFFFFFFFFFFFFFFFFFFFFFFFFFFFFFFFFFFFFFFFFC5
:201B4000FFFFFFFFFFFFFFFFFFFFFFFFFFFFFFFFFFFFFFFFFFFFFFFFFFFFFFFFFFFFFFFFA5
:201B6000FFFFFFFFFFFFFFFFFFFFFFFFFFFFFFFFFFFFFFFFFFFFFFFFFFFFFFFFFFFFFFFF85
:201B8000FFFFFFFFFFFFFFFFFFFFFFFFFFFFFFFFFFFFFFFFFFFFFFFFFFFFFFFFFFFFFFFF65
:201BA000FFFFFFFFFFFFFFFFFFFFFFFFFFFFFFFFFFFFFFFFFFFFFFFFFFFFFFFFFFFFFFFF45
:201BC000FFFFFFFFFFFFFFFFFFFFFFFFFFFFFFFFFFFFFFFFFFFFFFFFFFFFFFFFFFFFFFFF25
:201BE000FFFFFFFFFFFFFFFFFFFFFFFFFFFFFFFFFFFFFFFFFFFFFFFFFFFFFFFFFFFFFFFF05
:201C0000FFFFFFFFFFFFFFFFFFFFFFFFFFFFFFFFFFFFFFFFFFFFFFFFFFFFFFFFFFFFFFFFE4
:201C2000FFFFFFFFFFFFFFFFFFFFFFFFFFFFFFFFFFFFFFFFFFFFFFFFFFFFFFFFFFFFFFFFC4
:201C4000FFFFFFFFFFFFFFFFFFFFFFFFFFFFFFFFFFFFFFFFFFFFFFFFFFFFFFFFFFFFFFFFA4
:201C6000FFFFFFFFFFFFFFFFFFFFFFFFFFFFFFFFFFFFFFFFFFFFFFFFFFFFFFFFFFFFFFFF84
:201C8000FFFFFFFFFFFFFFFFFFFFFFFFFFFFFFFFFFFFFFFFFFFFFFFFFFFFFFFFFFFFFFFF64
:201CA000FFFFFFFFFFFFFFFFFFFFFFFFFFFFFFFFFFFFFFFFFFFFFFFFFFFFFFFFFFFFFFFF44
:201CC000FFFFFFFFFFFFFFFFFFFFFFFFFFFFFFFFFFFFFFFFFFFFFFFFFFFFFFFFFFFFFFFF24
:201CE000FFFFFFFFFFFFFFFFFFFFFFFFFFFFFFFFFFFFFFFFFFFFFFFFFFFFFFFFFFFFFFFF04
:201D0000FFFFFFFFFFFFFFFFFFFFFFFFFFFFFFFFFFFFFFFFFFFFFFFFFFFFFFFFFFFFFFFFE3
:201D2000FFFFFFFFFFFFFFFFFFFFFFFFFFFFFFFFFFFFFFFFFFFFFFFFFFFFFFFFFFFFFFFFC3
:201D4000FFFFFFFFFFFFFFFFFFFFFFFFFFFFFFFFFFFFFFFFFFFFFFFFFFFFFFFFFFFFFFFFA3
:201D6000FFFFFFFFFFFFFFFFFFFFFFFFFFFFFFFFFFFFFFFFFFFFFFFFFFFFFFFFFFFFFFFF83
:201D8000FFFFFFFFFFFFFFFFFFFFFFFFFFFFFFFFFFFFFFFFFFFFFFFFFFFFFFFFFFFFFFFF63
:201DA000FFFFFFFFFFFFFFFFFFFFFFFFFFFFFFFFFFFFFFFFFFFFFFFFFFFFFFFFFFFFFFFF43
:201DC000FFFFFFFFFFFFFFFFFFFFFFFFFFFFFFFFFFFFFFFFFFFFFFFFFFFFFFFFFFFFFFFF23
:201DE000FFFFFFFFFFFFFFFFFFFFFFFFFFFFFFFFFFFFFFFFFFFFFFFFFFFFFFFFFFFFFFFF03
:201E0000FFFFFFFFFFFFFFFFFFFFFFFFFFFFFFFFFFFFFFFFFFFFFFFFFFFFFFFFFFFFFFFFE2
:201E2000FFFFFFFFFFFFFFFFFFFFFFFFFFFFFFFFFFFFFFFFFFFFFFFFFFFFFFFFFFFFFFFFC2
:201E4000FFFFFFFFFFFFFFFFFFFFFFFFFFFFFFFFFFFFFFFFFFFFFFFFFFFFFFFFFFFFFFFFA2
:201E6000FFFFFFFFFFFFFFFFFFFFFFFFFFFFFFFFFFFFFFFFFFFFFFFFFFFFFFFFFFFFFFFF82
:201E8000FFFFFFFFFFFFFFFFFFFFFFFFFFFFFFFFFFFFFFFFFFFFFFFFFFFFFFFFFFFFFFFF62
:201EA000FFFFFFFFFFFFFFFFFFFFFFFFFFFFFFFFFFFFFFFFFFFFFFFFFFFFFFFFFFFFFFFF42
:201EC000FFFFFFFFFFFFFFFFFFFFFFFFFFFFFFFFFFFFFFFFFFFFFFFFFFFFFFFFFFFFFFFF22
:201EE000FFFFFFFFFFFFFFFFFFFFFFFFFFFFFFFFFFFFFFFFFFFFFFFFFFFFFFFFFFFFFFFF02
:201F0000FFFFFFFFFFFFFFFFFFFFFFFFFFFFFFFFFFFFFFFFFFFFFFFFFFFFFFFFFFFFFFFFE1
:201F2000FFFFFFFFFFFFFFFFFFFFFFFFFFFFFFFFFFFFFFFFFFFFFFFFFFFFFFFFFFFFFFFFC1
:201F4000FFFFFFFFFFFFFFFFFFFFFFFFFFFFFFFFFFFFFFFFFFFFFFFFFFFFFFFFFFFFFFFFA1
:201F6000FFFFFFFFFFFFFFFFFFFFFFFFFFFFFFFFFFFFFFFFFFFFFFFFFFFFFFFFFFFFFFFF81
:201F8000FFFFFFFFFFFFFFFFFFFFFFFFFFFFFFFFFFFFFFFFFFFFFFFFFFFFFFFFFFFFFFFF61
:201FA000FFFFFFFFFFFFFFFFFFFFFFFFFFFFFFFFFFFFFFFFFFFFFFFFFFFFFFFFFFFFFFFF41
:201FC000FFFFFFFFFFFFFFFFFFFFFFFFFFFFFFFFFFFFFFFFFFFFFFFFFFFFFFFFFFFFFFFF21
:201FE000FFFFFFFFFFFFFFFFFFFFFFFFFFFFFFFFFFFFFFFFFFFFFFFFFFFFFFFFFFFFFFFF01
:20200000FFFFFFFFFFFFFFFFFFFFFFFFFFFFFFFFFFFFFFFFFFFFFFFFFFFFFFFFFFFFFFFFE0
:20202000FFFFFFFFFFFFFFFFFFFFFFFFFFFFFFFFFFFFFFFFFFFFFFFFFFFFFFFFFFFFFFFFC0
:20204000FFFFFFFFFFFFFFFFFFFFFFFFFFFFFFFFFFFFFFFFFFFFFFFFFFFFFFFFFFFFFFFFA0
:20206000FFFFFFFFFFFFFFFFFFFFFFFFFFFFFFFFFFFFFFFFFFFFFFFFFFFFFFFFFFFFFFFF80
:20208000FFFFFFFFFFFFFFFFFFFFFFFFFFFFFFFFFFFFFFFFFFFFFFFFFFFFFFFFFFFFFFFF60
:2020A000FFFFFFFFFFFFFFFFFFFFFFFFFFFFFFFFFFFFFFFFFFFFFFFFFFFFFFFFFFFFFFFF40
:2020C000FFFFFFFFFFFFFFFFFFFFFFFFFFFFFFFFFFFFFFFFFFFFFFFFFFFFFFFFFFFFFFFF20
:2020E000FFFFFFFFFFFFFFFFFFFFFFFFFFFFFFFFFFFFFFFFFFFFFFFFFFFFFFFFFFFFFFFF00
:20210000FFFFFFFFFFFFFFFFFFFFFFFFFFFFFFFFFFFFFFFFFFFFFFFFFFFFFFFFFFFFFFFFDF
:20212000FFFFFFFFFFFFFFFFFFFFFFFFFFFFFFFFFFFFFFFFFFFFFFFFFFFFFFFFFFFFFFFFBF
:20214000FFFFFFFFFFFFFFFFFFFFFFFFFFFFFFFFFFFFFFFFFFFFFFFFFFFFFFFFFFFFFFFF9F
:20216000FFFFFFFFFFFFFFFFFFFFFFFFFFFFFFFFFFFFFFFFFFFFFFFFFFFFFFFFFFFFFFFF7F
:20218000FFFFFFFFFFFFFFFFFFFFFFFFFFFFFFFFFFFFFFFFFFFFFFFFFFFFFFFFFFFFFFFF5F
:2021A000FFFFFFFFFFFFFFFFFFFFFFFFFFFFFFFFFFFFFFFFFFFFFFFFFFFFFFFFFFFFFFFF3F
:2021C000FFFFFFFFFFFFFFFFFFFFFFFFFFFFFFFFFFFFFFFFFFFFFFFFFFFFFFFFFFFFFFFF1F
:2021E000FFFFFFFFFFFFFFFFFFFFFFFFFFFFFFFFFFFFFFFFFFFFFFFFFFFFFFFFFFFFFFFFFF
:20220000FFFFFFFFFFFFFFFFFFFFFFFFFFFFFFFFFFFFFFFFFFFFFFFFFFFFFFFFFFFFFFFFDE
:20222000FFFFFFFFFFFFFFFFFFFFFFFFFFFFFFFFFFFFFFFFFFFFFFFFFFFFFFFFFFFFFFFFBE
:20224000FFFFFFFFFFFFFFFFFFFFFFFFFFFFFFFFFFFFFFFFFFFFFFFFFFFFFFFFFFFFFFFF9E
:20226000FFFFFFFFFFFFFFFFFFFFFFFFFFFFFFFFFFFFFFFFFFFFFFFFFFFFFFFFFFFFFFFF7E
:20228000FFFFFFFFFFFFFFFFFFFFFFFFFFFFFFFFFFFFFFFFFFFFFFFFFFFFFFFFFFFFFFFF5E
:2022A000FFFFFFFFFFFFFFFFFFFFFFFFFFFFFFFFFFFFFFFFFFFFFFFFFFFFFFFFFFFFFFFF3E
:2022C000FFFFFFFFFFFFFFFFFFFFFFFFFFFFFFFFFFFFFFFFFFFFFFFFFFFFFFFFFFFFFFFF1E
:2022E000FFFFFFFFFFFFFFFFFFFFFFFFFFFFFFFFFFFFFFFFFFFFFFFFFFFFFFFFFFFFFFFFFE
:20230000FFFFFFFFFFFFFFFFFFFFFFFFFFFFFFFFFFFFFFFFFFFFFFFFFFFFFFFFFFFFFFFFDD
:20232000FFFFFFFFFFFFFFFFFFFFFFFFFFFFFFFFFFFFFFFFFFFFFFFFFFFFFFFFFFFFFFFFBD
:20234000FFFFFFFFFFFFFFFFFFFFFFFFFFFFFFFFFFFFFFFFFFFFFFFFFFFFFFFFFFFFFFFF9D
:20236000FFFFFFFFFFFFFFFFFFFFFFFFFFFFFFFFFFFFFFFFFFFFFFFFFFFFFFFFFFFFFFFF7D
:20238000FFFFFFFFFFFFFFFFFFFFFFFFFFFFFFFFFFFFFFFFFFFFFFFFFFFFFFFFFFFFFFFF5D
:2023A000FFFFFFFFFFFFFFFFFFFFFFFFFFFFFFFFFFFFFFFFFFFFFFFFFFFFFFFFFFFFFFFF3D
:2023C000FFFFFFFFFFFFFFFFFFFFFFFFFFFFFFFFFFFFFFFFFFFFFFFFFFFFFFFFFFFFFFFF1D
:2023E000FFFFFFFFFFFFFFFFFFFFFFFFFFFFFFFFFFFFFFFFFFFFFFFFFFFFFFFFFFFFFFFFFD
:20240000FFFFFFFFFFFFFFFFFFFFFFFFFFFFFFFFFFFFFFFFFFFFFFFFFFFFFFFFFFFFFFFFDC
:20242000FFFFFFFFFFFFFFFFFFFFFFFFFFFFFFFFFFFFFFFFFFFFFFFFFFFFFFFFFFFFFFFFBC
:20244000FFFFFFFFFFFFFFFFFFFFFFFFFFFFFFFFFFFFFFFFFFFFFFFFFFFFFFFFFFFFFFFF9C
:20246000FFFFFFFFFFFFFFFFFFFFFFFFFFFFFFFFFFFFFFFFFFFFFFFFFFFFFFFFFFFFFFFF7C
:20248000FFFFFFFFFFFFFFFFFFFFFFFFFFFFFFFFFFFFFFFFFFFFFFFFFFFFFFFFFFFFFFFF5C
:2024A000FFFFFFFFFFFFFFFFFFFFFFFFFFFFFFFFFFFFFFFFFFFFFFFFFFFFFFFFFFFFFFFF3C
:2024C000FFFFFFFFFFFFFFFFFFFFFFFFFFFFFFFFFFFFFFFFFFFFFFFFFFFFFFFFFFFFFFFF1C
:2024E000FFFFFFFFFFFFFFFFFFFFFFFFFFFFFFFFFFFFFFFFFFFFFFFFFFFFFFFFFFFFFFFFFC
:20250000FFFFFFFFFFFFFFFFFFFFFFFFFFFFFFFFFFFFFFFFFFFFFFFFFFFFFFFFFFFFFFFFDB
:20252000FFFFFFFFFFFFFFFFFFFFFFFFFFFFFFFFFFFFFFFFFFFFFFFFFFFFFFFFFFFFFFFFBB
:20254000FFFFFFFFFFFFFFFFFFFFFFFFFFFFFFFFFFFFFFFFFFFFFFFFFFFFFFFFFFFFFFFF9B
:20256000FFFFFFFFFFFFFFFFFFFFFFFFFFFFFFFFFFFFFFFFFFFFFFFFFFFFFFFFFFFFFFFF7B
:20258000FFFFFFFFFFFFFFFFFFFFFFFFFFFFFFFFFFFFFFFFFFFFFFFFFFFFFFFFFFFFFFFF5B
:2025A000FFFFFFFFFFFFFFFFFFFFFFFFFFFFFFFFFFFFFFFFFFFFFFFFFFFFFFFFFFFFFFFF3B
:2025C000FFFFFFFFFFFFFFFFFFFFFFFFFFFFFFFFFFFFFFFFFFFFFFFFFFFFFFFFFFFFFFFF1B
:2025E000FFFFFFFFFFFFFFFFFFFFFFFFFFFFFFFFFFFFFFFFFFFFFFFFFFFFFFFFFFFFFFFFFB
:20260000FFFFFFFFFFFFFFFFFFFFFFFFFFFFFFFFFFFFFFFFFFFFFFFFFFFFFFFFFFFFFFFFDA
:20262000FFFFFFFFFFFFFFFFFFFFFFFFFFFFFFFFFFFFFFFFFFFFFFFFFFFFFFFFFFFFFFFFBA
:20264000FFFFFFFFFFFFFFFFFFFFFFFFFFFFFFFFFFFFFFFFFFFFFFFFFFFFFFFFFFFFFFFF9A
:20266000FFFFFFFFFFFFFFFFFFFFFFFFFFFFFFFFFFFFFFFFFFFFFFFFFFFFFFFFFFFFFFFF7A
:20268000FFFFFFFFFFFFFFFFFFFFFFFFFFFFFFFFFFFFFFFFFFFFFFFFFFFFFFFFFFFFFFFF5A
:2026A000FFFFFFFFFFFFFFFFFFFFFFFFFFFFFFFFFFFFFFFFFFFFFFFFFFFFFFFFFFFFFFFF3A
:2026C000FFFFFFFFFFFFFFFFFFFFFFFFFFFFFFFFFFFFFFFFFFFFFFFFFFFFFFFFFFFFFFFF1A
:2026E000FFFFFFFFFFFFFFFFFFFFFFFFFFFFFFFFFFFFFFFFFFFFFFFFFFFFFFFFFFFFFFFFFA
:20270000FFFFFFFFFFFFFFFFFFFFFFFFFFFFFFFFFFFFFFFFFFFFFFFFFFFFFFFFFFFFFFFFD9
:20272000FFFFFFFFFFFFFFFFFFFFFFFFFFFFFFFFFFFFFFFFFFFFFFFFFFFFFFFFFFFFFFFFB9
:20274000FFFFFFFFFFFFFFFFFFFFFFFFFFFFFFFFFFFFFFFFFFFFFFFFFFFFFFFFFFFFFFFF99
:20276000FFFFFFFFFFFFFFFFFFFFFFFFFFFFFFFFFFFFFFFFFFFFFFFFFFFFFFFFFFFFFFFF79
:20278000FFFFFFFFFFFFFFFFFFFFFFFFFFFFFFFFFFFFFFFFFFFFFFFFFFFFFFFFFFFFFFFF59
:2027A000FFFFFFFFFFFFFFFFFFFFFFFFFFFFFFFFFFFFFFFFFFFFFFFFFFFFFFFFFFFFFFFF39
:2027C000FFFFFFFFFFFFFFFFFFFFFFFFFFFFFFFFFFFFFFFFFFFFFFFFFFFFFFFFFFFFFFFF19
:2027E000FFFFFFFFFFFFFFFFFFFFFFFFFFFFFFFFFFFFFFFFFFFFFFFFFFFFFFFFFFFFFFFFF9
:20280000FFFFFFFFFFFFFFFFFFFFFFFFFFFFFFFFFFFFFFFFFFFFFFFFFFFFFFFFFFFFFFFFD8
:20282000FFFFFFFFFFFFFFFFFFFFFFFFFFFFFFFFFFFFFFFFFFFFFFFFFFFFFFFFFFFFFFFFB8
:20284000FFFFFFFFFFFFFFFFFFFFFFFFFFFFFFFFFFFFFFFFFFFFFFFFFFFFFFFFFFFFFFFF98
:20286000FFFFFFFFFFFFFFFFFFFFFFFFFFFFFFFFFFFFFFFFFFFFFFFFFFFFFFFFFFFFFFFF78
:20288000FFFFFFFFFFFFFFFFFFFFFFFFFFFFFFFFFFFFFFFFFFFFFFFFFFFFFFFFFFFFFFFF58
:2028A000FFFFFFFFFFFFFFFFFFFFFFFFFFFFFFFFFFFFFFFFFFFFFFFFFFFFFFFFFFFFFFFF38
:2028C000FFFFFFFFFFFFFFFFFFFFFFFFFFFFFFFFFFFFFFFFFFFFFFFFFFFFFFFFFFFFFFFF18
:2028E000FFFFFFFFFFFFFFFFFFFFFFFFFFFFFFFFFFFFFFFFFFFFFFFFFFFFFFFFFFFFFFFFF8
:20290000FFFFFFFFFFFFFFFFFFFFFFFFFFFFFFFFFFFFFFFFFFFFFFFFFFFFFFFFFFFFFFFFD7
:20292000FFFFFFFFFFFFFFFFFFFFFFFFFFFFFFFFFFFFFFFFFFFFFFFFFFFFFFFFFFFFFFFFB7
:20294000FFFFFFFFFFFFFFFFFFFFFFFFFFFFFFFFFFFFFFFFFFFFFFFFFFFFFFFFFFFFFFFF97
:20296000FFFFFFFFFFFFFFFFFFFFFFFFFFFFFFFFFFFFFFFFFFFFFFFFFFFFFFFFFFFFFFFF77
:20298000FFFFFFFFFFFFFFFFFFFFFFFFFFFFFFFFFFFFFFFFFFFFFFFFFFFFFFFFFFFFFFFF57
:2029A000FFFFFFFFFFFFFFFFFFFFFFFFFFFFFFFFFFFFFFFFFFFFFFFFFFFFFFFFFFFFFFFF37
:2029C000FFFFFFFFFFFFFFFFFFFFFFFFFFFFFFFFFFFFFFFFFFFFFFFFFFFFFFFFFFFFFFFF17
:2029E000FFFFFFFFFFFFFFFFFFFFFFFFFFFFFFFFFFFFFFFFFFFFFFFFFFFFFFFFFFFFFFFFF7
:202A0000FFFFFFFFFFFFFFFFFFFFFFFFFFFFFFFFFFFFFFFFFFFFFFFFFFFFFFFFFFFFFFFFD6
:202A2000FFFFFFFFFFFFFFFFFFFFFFFFFFFFFFFFFFFFFFFFFFFFFFFFFFFFFFFFFFFFFFFFB6
:202A4000FFFFFFFFFFFFFFFFFFFFFFFFFFFFFFFFFFFFFFFFFFFFFFFFFFFFFFFFFFFFFFFF96
:202A6000FFFFFFFFFFFFFFFFFFFFFFFFFFFFFFFFFFFFFFFFFFFFFFFFFFFFFFFFFFFFFFFF76
:202A8000FFFFFFFFFFFFFFFFFFFFFFFFFFFFFFFFFFFFFFFFFFFFFFFFFFFFFFFFFFFFFFFF56
:202AA000FFFFFFFFFFFFFFFFFFFFFFFFFFFFFFFFFFFFFFFFFFFFFFFFFFFFFFFFFFFFFFFF36
:202AC000FFFFFFFFFFFFFFFFFFFFFFFFFFFFFFFFFFFFFFFFFFFFFFFFFFFFFFFFFFFFFFFF16
:202AE000FFFFFFFFFFFFFFFFFFFFFFFFFFFFFFFFFFFFFFFFFFFFFFFFFFFFFFFFFFFFFFFFF6
:202B0000FFFFFFFFFFFFFFFFFFFFFFFFFFFFFFFFFFFFFFFFFFFFFFFFFFFFFFFFFFFFFFFFD5
:202B2000FFFFFFFFFFFFFFFFFFFFFFFFFFFFFFFFFFFFFFFFFFFFFFFFFFFFFFFFFFFFFFFFB5
:202B4000FFFFFFFFFFFFFFFFFFFFFFFFFFFFFFFFFFFFFFFFFFFFFFFFFFFFFFFFFFFFFFFF95
:202B6000FFFFFFFFFFFFFFFFFFFFFFFFFFFFFFFFFFFFFFFFFFFFFFFFFFFFFFFFFFFFFFFF75
:202B8000FFFFFFFFFFFFFFFFFFFFFFFFFFFFFFFFFFFFFFFFFFFFFFFFFFFFFFFFFFFFFFFF55
:202BA000FFFFFFFFFFFFFFFFFFFFFFFFFFFFFFFFFFFFFFFFFFFFFFFFFFFFFFFFFFFFFFFF35
:202BC000FFFFFFFFFFFFFFFFFFFFFFFFFFFFFFFFFFFFFFFFFFFFFFFFFFFFFFFFFFFFFFFF15
:202BE000FFFFFFFFFFFFFFFFFFFFFFFFFFFFFFFFFFFFFFFFFFFFFFFFFFFFFFFFFFFFFFFFF5
:202C0000FFFFFFFFFFFFFFFFFFFFFFFFFFFFFFFFFFFFFFFFFFFFFFFFFFFFFFFFFFFFFFFFD4
:202C2000FFFFFFFFFFFFFFFFFFFFFFFFFFFFFFFFFFFFFFFFFFFFFFFFFFFFFFFFFFFFFFFFB4
:202C4000FFFFFFFFFFFFFFFFFFFFFFFFFFFFFFFFFFFFFFFFFFFFFFFFFFFFFFFFFFFFFFFF94
:202C6000FFFFFFFFFFFFFFFFFFFFFFFFFFFFFFFFFFFFFFFFFFFFFFFFFFFFFFFFFFFFFFFF74
:202C8000FFFFFFFFFFFFFFFFFFFFFFFFFFFFFFFFFFFFFFFFFFFFFFFFFFFFFFFFFFFFFFFF54
:202CA000FFFFFFFFFFFFFFFFFFFFFFFFFFFFFFFFFFFFFFFFFFFFFFFFFFFFFFFFFFFFFFFF34
:202CC000FFFFFFFFFFFFFFFFFFFFFFFFFFFFFFFFFFFFFFFFFFFFFFFFFFFFFFFFFFFFFFFF14
:202CE000FFFFFFFFFFFFFFFFFFFFFFFFFFFFFFFFFFFFFFFFFFFFFFFFFFFFFFFFFFFFFFFFF4
:202D0000FFFFFFFFFFFFFFFFFFFFFFFFFFFFFFFFFFFFFFFFFFFFFFFFFFFFFFFFFFFFFFFFD3
:202D2000FFFFFFFFFFFFFFFFFFFFFFFFFFFFFFFFFFFFFFFFFFFFFFFFFFFFFFFFFFFFFFFFB3
:202D4000FFFFFFFFFFFFFFFFFFFFFFFFFFFFFFFFFFFFFFFFFFFFFFFFFFFFFFFFFFFFFFFF93
:202D6000FFFFFFFFFFFFFFFFFFFFFFFFFFFFFFFFFFFFFFFFFFFFFFFFFFFFFFFFFFFFFFFF73
:202D8000FFFFFFFFFFFFFFFFFFFFFFFFFFFFFFFFFFFFFFFFFFFFFFFFFFFFFFFFFFFFFFFF53
:202DA000FFFFFFFFFFFFFFFFFFFFFFFFFFFFFFFFFFFFFFFFFFFFFFFFFFFFFFFFFFFFFFFF33
:202DC000FFFFFFFFFFFFFFFFFFFFFFFFFFFFFFFFFFFFFFFFFFFFFFFFFFFFFFFFFFFFFFFF13
:202DE000FFFFFFFFFFFFFFFFFFFFFFFFFFFFFFFFFFFFFFFFFFFFFFFFFFFFFFFFFFFFFFFFF3
:202E0000FFFFFFFFFFFFFFFFFFFFFFFFFFFFFFFFFFFFFFFFFFFFFFFFFFFFFFFFFFFFFFFFD2
:202E2000FFFFFFFFFFFFFFFFFFFFFFFFFFFFFFFFFFFFFFFFFFFFFFFFFFFFFFFFFFFFFFFFB2
:202E4000FFFFFFFFFFFFFFFFFFFFFFFFFFFFFFFFFFFFFFFFFFFFFFFFFFFFFFFFFFFFFFFF92
:202E6000FFFFFFFFFFFFFFFFFFFFFFFFFFFFFFFFFFFFFFFFFFFFFFFFFFFFFFFFFFFFFFFF72
:202E8000FFFFFFFFFFFFFFFFFFFFFFFFFFFFFFFFFFFFFFFFFFFFFFFFFFFFFFFFFFFFFFFF52
:202EA000FFFFFFFFFFFFFFFFFFFFFFFFFFFFFFFFFFFFFFFFFFFFFFFFFFFFFFFFFFFFFFFF32
:202EC000FFFFFFFFFFFFFFFFFFFFFFFFFFFFFFFFFFFFFFFFFFFFFFFFFFFFFFFFFFFFFFFF12
:202EE000FFFFFFFFFFFFFFFFFFFFFFFFFFFFFFFFFFFFFFFFFFFFFFFFFFFFFFFFFFFFFFFFF2
:202F0000FFFFFFFFFFFFFFFFFFFFFFFFFFFFFFFFFFFFFFFFFFFFFFFFFFFFFFFFFFFFFFFFD1
:202F2000FFFFFFFFFFFFFFFFFFFFFFFFFFFFFFFFFFFFFFFFFFFFFFFFFFFFFFFFFFFFFFFFB1
:202F4000FFFFFFFFFFFFFFFFFFFFFFFFFFFFFFFFFFFFFFFFFFFFFFFFFFFFFFFFFFFFFFFF91
:202F6000FFFFFFFFFFFFFFFFFFFFFFFFFFFFFFFFFFFFFFFFFFFFFFFFFFFFFFFFFFFFFFFF71
:202F8000FFFFFFFFFFFFFFFFFFFFFFFFFFFFFFFFFFFFFFFFFFFFFFFFFFFFFFFFFFFFFFFF51
:202FA000FFFFFFFFFFFFFFFFFFFFFFFFFFFFFFFFFFFFFFFFFFFFFFFFFFFFFFFFFFFFFFFF31
:202FC000FFFFFFFFFFFFFFFFFFFFFFFFFFFFFFFFFFFFFFFFFFFFFFFFFFFFFFFFFFFFFFFF11
:202FE000FFFFFFFFFFFFFFFFFFFFFFFFFFFFFFFFFFFFFFFFFFFFFFFFFFFFFFFFFFFFFFFFF1
:20300000FFFFFFFFFFFFFFFFFFFFFFFFFFFFFFFFFFFFFFFFFFFFFFFFFFFFFFFFFFFFFFFFD0
:20302000FFFFFFFFFFFFFFFFFFFFFFFFFFFFFFFFFFFFFFFFFFFFFFFFFFFFFFFFFFFFFFFFB0
:20304000FFFFFFFFFFFFFFFFFFFFFFFFFFFFFFFFFFFFFFFFFFFFFFFFFFFFFFFFFFFFFFFF90
:20306000FFFFFFFFFFFFFFFFFFFFFFFFFFFFFFFFFFFFFFFFFFFFFFFFFFFFFFFFFFFFFFFF70
:20308000FFFFFFFFFFFFFFFFFFFFFFFFFFFFFFFFFFFFFFFFFFFFFFFFFFFFFFFFFFFFFFFF50
:2030A000FFFFFFFFFFFFFFFFFFFFFFFFFFFFFFFFFFFFFFFFFFFFFFFFFFFFFFFFFFFFFFFF30
:2030C000FFFFFFFFFFFFFFFFFFFFFFFFFFFFFFFFFFFFFFFFFFFFFFFFFFFFFFFFFFFFFFFF10
:2030E000FFFFFFFFFFFFFFFFFFFFFFFFFFFFFFFFFFFFFFFFFFFFFFFFFFFFFFFFFFFFFFFFF0
:20310000FFFFFFFFFFFFFFFFFFFFFFFFFFFFFFFFFFFFFFFFFFFFFFFFFFFFFFFFFFFFFFFFCF
:20312000FFFFFFFFFFFFFFFFFFFFFFFFFFFFFFFFFFFFFFFFFFFFFFFFFFFFFFFFFFFFFFFFAF
:20314000FFFFFFFFFFFFFFFFFFFFFFFFFFFFFFFFFFFFFFFFFFFFFFFFFFFFFFFFFFFFFFFF8F
:20316000FFFFFFFFFFFFFFFFFFFFFFFFFFFFFFFFFFFFFFFFFFFFFFFFFFFFFFFFFFFFFFFF6F
:20318000FFFFFFFFFFFFFFFFFFFFFFFFFFFFFFFFFFFFFFFFFFFFFFFFFFFFFFFFFFFFFFFF4F
:2031A000FFFFFFFFFFFFFFFFFFFFFFFFFFFFFFFFFFFFFFFFFFFFFFFFFFFFFFFFFFFFFFFF2F
:2031C000FFFFFFFFFFFFFFFFFFFFFFFFFFFFFFFFFFFFFFFFFFFFFFFFFFFFFFFFFFFFFFFF0F
:2031E000FFFFFFFFFFFFFFFFFFFFFFFFFFFFFFFFFFFFFFFFFFFFFFFFFFFFFFFFFFFFFFFFEF
:20320000FFFFFFFFFFFFFFFFFFFFFFFFFFFFFFFFFFFFFFFFFFFFFFFFFFFFFFFFFFFFFFFFCE
:20322000FFFFFFFFFFFFFFFFFFFFFFFFFFFFFFFFFFFFFFFFFFFFFFFFFFFFFFFFFFFFFFFFAE
:20324000FFFFFFFFFFFFFFFFFFFFFFFFFFFFFFFFFFFFFFFFFFFFFFFFFFFFFFFFFFFFFFFF8E
:20326000FFFFFFFFFFFFFFFFFFFFFFFFFFFFFFFFFFFFFFFFFFFFFFFFFFFFFFFFFFFFFFFF6E
:20328000FFFFFFFFFFFFFFFFFFFFFFFFFFFFFFFFFFFFFFFFFFFFFFFFFFFFFFFFFFFFFFFF4E
:2032A000FFFFFFFFFFFFFFFFFFFFFFFFFFFFFFFFFFFFFFFFFFFFFFFFFFFFFFFFFFFFFFFF2E
:2032C000FFFFFFFFFFFFFFFFFFFFFFFFFFFFFFFFFFFFFFFFFFFFFFFFFFFFFFFFFFFFFFFF0E
:2032E000FFFFFFFFFFFFFFFFFFFFFFFFFFFFFFFFFFFFFFFFFFFFFFFFFFFFFFFFFFFFFFFFEE
:20330000FFFFFFFFFFFFFFFFFFFFFFFFFFFFFFFFFFFFFFFFFFFFFFFFFFFFFFFFFFFFFFFFCD
:20332000FFFFFFFFFFFFFFFFFFFFFFFFFFFFFFFFFFFFFFFFFFFFFFFFFFFFFFFFFFFFFFFFAD
:20334000FFFFFFFFFFFFFFFFFFFFFFFFFFFFFFFFFFFFFFFFFFFFFFFFFFFFFFFFFFFFFFFF8D
:20336000FFFFFFFFFFFFFFFFFFFFFFFFFFFFFFFFFFFFFFFFFFFFFFFFFFFFFFFFFFFFFFFF6D
:20338000FFFFFFFFFFFFFFFFFFFFFFFFFFFFFFFFFFFFFFFFFFFFFFFFFFFFFFFFFFFFFFFF4D
:2033A000FFFFFFFFFFFFFFFFFFFFFFFFFFFFFFFFFFFFFFFFFFFFFFFFFFFFFFFFFFFFFFFF2D
:2033C000FFFFFFFFFFFFFFFFFFFFFFFFFFFFFFFFFFFFFFFFFFFFFFFFFFFFFFFFFFFFFFFF0D
:2033E000FFFFFFFFFFFFFFFFFFFFFFFFFFFFFFFFFFFFFFFFFFFFFFFFFFFFFFFFFFFFFFFFED
:20340000FFFFFFFFFFFFFFFFFFFFFFFFFFFFFFFFFFFFFFFFFFFFFFFFFFFFFFFFFFFFFFFFCC
:20342000FFFFFFFFFFFFFFFFFFFFFFFFFFFFFFFFFFFFFFFFFFFFFFFFFFFFFFFFFFFFFFFFAC
:20344000FFFFFFFFFFFFFFFFFFFFFFFFFFFFFFFFFFFFFFFFFFFFFFFFFFFFFFFFFFFFFFFF8C
:20346000FFFFFFFFFFFFFFFFFFFFFFFFFFFFFFFFFFFFFFFFFFFFFFFFFFFFFFFFFFFFFFFF6C
:20348000FFFFFFFFFFFFFFFFFFFFFFFFFFFFFFFFFFFFFFFFFFFFFFFFFFFFFFFFFFFFFFFF4C
:2034A000FFFFFFFFFFFFFFFFFFFFFFFFFFFFFFFFFFFFFFFFFFFFFFFFFFFFFFFFFFFFFFFF2C
:2034C000FFFFFFFFFFFFFFFFFFFFFFFFFFFFFFFFFFFFFFFFFFFFFFFFFFFFFFFFFFFFFFFF0C
:2034E000FFFFFFFFFFFFFFFFFFFFFFFFFFFFFFFFFFFFFFFFFFFFFFFFFFFFFFFFFFFFFFFFEC
:20350000FFFFFFFFFFFFFFFFFFFFFFFFFFFFFFFFFFFFFFFFFFFFFFFFFFFFFFFFFFFFFFFFCB
:20352000FFFFFFFFFFFFFFFFFFFFFFFFFFFFFFFFFFFFFFFFFFFFFFFFFFFFFFFFFFFFFFFFAB
:20354000FFFFFFFFFFFFFFFFFFFFFFFFFFFFFFFFFFFFFFFFFFFFFFFFFFFFFFFFFFFFFFFF8B
:20356000FFFFFFFFFFFFFFFFFFFFFFFFFFFFFFFFFFFFFFFFFFFFFFFFFFFFFFFFFFFFFFFF6B
:20358000FFFFFFFFFFFFFFFFFFFFFFFFFFFFFFFFFFFFFFFFFFFFFFFFFFFFFFFFFFFFFFFF4B
:2035A000FFFFFFFFFFFFFFFFFFFFFFFFFFFFFFFFFFFFFFFFFFFFFFFFFFFFFFFFFFFFFFFF2B
:2035C000FFFFFFFFFFFFFFFFFFFFFFFFFFFFFFFFFFFFFFFFFFFFFFFFFFFFFFFFFFFFFFFF0B
:2035E000FFFFFFFFFFFFFFFFFFFFFFFFFFFFFFFFFFFFFFFFFFFFFFFFFFFFFFFFFFFFFFFFEB
:20360000FFFFFFFFFFFFFFFFFFFFFFFFFFFFFFFFFFFFFFFFFFFFFFFFFFFFFFFFFFFFFFFFCA
:20362000FFFFFFFFFFFFFFFFFFFFFFFFFFFFFFFFFFFFFFFFFFFFFFFFFFFFFFFFFFFFFFFFAA
:20364000FFFFFFFFFFFFFFFFFFFFFFFFFFFFFFFFFFFFFFFFFFFFFFFFFFFFFFFFFFFFFFFF8A
:20366000FFFFFFFFFFFFFFFFFFFFFFFFFFFFFFFFFFFFFFFFFFFFFFFFFFFFFFFFFFFFFFFF6A
:20368000FFFFFFFFFFFFFFFFFFFFFFFFFFFFFFFFFFFFFFFFFFFFFFFFFFFFFFFFFFFFFFFF4A
:2036A000FFFFFFFFFFFFFFFFFFFFFFFFFFFFFFFFFFFFFFFFFFFFFFFFFFFFFFFFFFFFFFFF2A
:2036C000FFFFFFFFFFFFFFFFFFFFFFFFFFFFFFFFFFFFFFFFFFFFFFFFFFFFFFFFFFFFFFFF0A
:2036E000FFFFFFFFFFFFFFFFFFFFFFFFFFFFFFFFFFFFFFFFFFFFFFFFFFFFFFFFFFFFFFFFEA
:20370000FFFFFFFFFFFFFFFFFFFFFFFFFFFFFFFFFFFFFFFFFFFFFFFFFFFFFFFFFFFFFFFFC9
:20372000FFFFFFFFFFFFFFFFFFFFFFFFFFFFFFFFFFFFFFFFFFFFFFFFFFFFFFFFFFFFFFFFA9
:20374000FFFFFFFFFFFFFFFFFFFFFFFFFFFFFFFFFFFFFFFFFFFFFFFFFFFFFFFFFFFFFFFF89
:20376000FFFFFFFFFFFFFFFFFFFFFFFFFFFFFFFFFFFFFFFFFFFFFFFFFFFFFFFFFFFFFFFF69
:20378000FFFFFFFFFFFFFFFFFFFFFFFFFFFFFFFFFFFFFFFFFFFFFFFFFFFFFFFFFFFFFFFF49
:2037A000FFFFFFFFFFFFFFFFFFFFFFFFFFFFFFFFFFFFFFFFFFFFFFFFFFFFFFFFFFFFFFFF29
:2037C000FFFFFFFFFFFFFFFFFFFFFFFFFFFFFFFFFFFFFFFFFFFFFFFFFFFFFFFFFFFFFFFF09
:2037E000FFFFFFFFFFFFFFFFFFFFFFFFFFFFFFFFFFFFFFFFFFFFFFFFFFFFFFFFFFFFFFFFE9
:20380000FFFFFFFFFFFFFFFFFFFFFFFFFFFFFFFFFFFFFFFFFFFFFFFFFFFFFFFFFFFFFFFFC8
:20382000FFFFFFFFFFFFFFFFFFFFFFFFFFFFFFFFFFFFFFFFFFFFFFFFFFFFFFFFFFFFFFFFA8
:20384000FFFFFFFFFFFFFFFFFFFFFFFFFFFFFFFFFFFFFFFFFFFFFFFFFFFFFFFFFFFFFFFF88
:20386000FFFFFFFFFFFFFFFFFFFFFFFFFFFFFFFFFFFFFFFFFFFFFFFFFFFFFFFFFFFFFFFF68
:20388000FFFFFFFFFFFFFFFFFFFFFFFFFFFFFFFFFFFFFFFFFFFFFFFFFFFFFFFFFFFFFFFF48
:2038A000FFFFFFFFFFFFFFFFFFFFFFFFFFFFFFFFFFFFFFFFFFFFFFFFFFFFFFFFFFFFFFFF28
:2038C000FFFFFFFFFFFFFFFFFFFFFFFFFFFFFFFFFFFFFFFFFFFFFFFFFFFFFFFFFFFFFFFF08
:2038E000FFFFFFFFFFFFFFFFFFFFFFFFFFFFFFFFFFFFFFFFFFFFFFFFFFFFFFFFFFFFFFFFE8
:20390000FFFFFFFFFFFFFFFFFFFFFFFFFFFFFFFFFFFFFFFFFFFFFFFFFFFFFFFFFFFFFFFFC7
:20392000FFFFFFFFFFFFFFFFFFFFFFFFFFFFFFFFFFFFFFFFFFFFFFFFFFFFFFFFFFFFFFFFA7
:20394000FFFFFFFFFFFFFFFFFFFFFFFFFFFFFFFFFFFFFFFFFFFFFFFFFFFFFFFFFFFFFFFF87
:20396000FFFFFFFFFFFFFFFFFFFFFFFFFFFFFFFFFFFFFFFFFFFFFFFFFFFFFFFFFFFFFFFF67
:20398000FFFFFFFFFFFFFFFFFFFFFFFFFFFFFFFFFFFFFFFFFFFFFFFFFFFFFFFFFFFFFFFF47
:2039A000FFFFFFFFFFFFFFFFFFFFFFFFFFFFFFFFFFFFFFFFFFFFFFFFFFFFFFFFFFFFFFFF27
:2039C000FFFFFFFFFFFFFFFFFFFFFFFFFFFFFFFFFFFFFFFFFFFFFFFFFFFFFFFFFFFFFFFF07
:2039E000FFFFFFFFFFFFFFFFFFFFFFFFFFFFFFFFFFFFFFFFFFFFFFFFFFFFFFFFFFFFFFFFE7
:203A0000FFFFFFFFFFFFFFFFFFFFFFFFFFFFFFFFFFFFFFFFFFFFFFFFFFFFFFFFFFFFFFFFC6
:203A2000FFFFFFFFFFFFFFFFFFFFFFFFFFFFFFFFFFFFFFFFFFFFFFFFFFFFFFFFFFFFFFFFA6
:203A4000FFFFFFFFFFFFFFFFFFFFFFFFFFFFFFFFFFFFFFFFFFFFFFFFFFFFFFFFFFFFFFFF86
:203A6000FFFFFFFFFFFFFFFFFFFFFFFFFFFFFFFFFFFFFFFFFFFFFFFFFFFFFFFFFFFFFFFF66
:203A8000FFFFFFFFFFFFFFFFFFFFFFFFFFFFFFFFFFFFFFFFFFFFFFFFFFFFFFFFFFFFFFFF46
:203AA000FFFFFFFFFFFFFFFFFFFFFFFFFFFFFFFFFFFFFFFFFFFFFFFFFFFFFFFFFFFFFFFF26
:203AC000FFFFFFFFFFFFFFFFFFFFFFFFFFFFFFFFFFFFFFFFFFFFFFFFFFFFFFFFFFFFFFFF06
:203AE000FFFFFFFFFFFFFFFFFFFFFFFFFFFFFFFFFFFFFFFFFFFFFFFFFFFFFFFFFFFFFFFFE6
:203B0000FFFFFFFFFFFFFFFFFFFFFFFFFFFFFFFFFFFFFFFFFFFFFFFFFFFFFFFFFFFFFFFFC5
:203B2000FFFFFFFFFFFFFFFFFFFFFFFFFFFFFFFFFFFFFFFFFFFFFFFFFFFFFFFFFFFFFFFFA5
:203B4000FFFFFFFFFFFFFFFFFFFFFFFFFFFFFFFFFFFFFFFFFFFFFFFFFFFFFFFFFFFFFFFF85
:203B6000FFFFFFFFFFFFFFFFFFFFFFFFFFFFFFFFFFFFFFFFFFFFFFFFFFFFFFFFFFFFFFFF65
:203B8000FFFFFFFFFFFFFFFFFFFFFFFFFFFFFFFFFFFFFFFFFFFFFFFFFFFFFFFFFFFFFFFF45
:203BA000FFFFFFFFFFFFFFFFFFFFFFFFFFFFFFFFFFFFFFFFFFFFFFFFFFFFFFFFFFFFFFFF25
:203BC000FFFFFFFFFFFFFFFFFFFFFFFFFFFFFFFFFFFFFFFFFFFFFFFFFFFFFFFFFFFFFFFF05
:203BE000FFFFFFFFFFFFFFFFFFFFFFFFFFFFFFFFFFFFFFFFFFFFFFFFFFFFFFFFFFFFFFFFE5
:203C0000FFFFFFFFFFFFFFFFFFFFFFFFFFFFFFFFFFFFFFFFFFFFFFFFFFFFFFFFFFFFFFFFC4
:203C2000FFFFFFFFFFFFFFFFFFFFFFFFFFFFFFFFFFFFFFFFFFFFFFFFFFFFFFFFFFFFFFFFA4
:203C4000FFFFFFFFFFFFFFFFFFFFFFFFFFFFFFFFFFFFFFFFFFFFFFFFFFFFFFFFFFFFFFFF84
:203C6000FFFFFFFFFFFFFFFFFFFFFFFFFFFFFFFFFFFFFFFFFFFFFFFFFFFFFFFFFFFFFFFF64
:203C8000FFFFFFFFFFFFFFFFFFFFFFFFFFFFFFFFFFFFFFFFFFFFFFFFFFFFFFFFFFFFFFFF44
:203CA000FFFFFFFFFFFFFFFFFFFFFFFFFFFFFFFFFFFFFFFFFFFFFFFFFFFFFFFFFFFFFFFF24
:203CC000FFFFFFFFFFFFFFFFFFFFFFFFFFFFFFFFFFFFFFFFFFFFFFFFFFFFFFFFFFFFFFFF04
:203CE000FFFFFFFFFFFFFFFFFFFFFFFFFFFFFFFFFFFFFFFFFFFFFFFFFFFFFFFFFFFFFFFFE4
:203D0000FFFFFFFFFFFFFFFFFFFFFFFFFFFFFFFFFFFFFFFFFFFFFFFFFFFFFFFFFFFFFFFFC3
:203D2000FFFFFFFFFFFFFFFFFFFFFFFFFFFFFFFFFFFFFFFFFFFFFFFFFFFFFFFFFFFFFFFFA3
:203D4000FFFFFFFFFFFFFFFFFFFFFFFFFFFFFFFFFFFFFFFFFFFFFFFFFFFFFFFFFFFFFFFF83
:203D6000FFFFFFFFFFFFFFFFFFFFFFFFFFFFFFFFFFFFFFFFFFFFFFFFFFFFFFFFFFFFFFFF63
:203D8000FFFFFFFFFFFFFFFFFFFFFFFFFFFFFFFFFFFFFFFFFFFFFFFFFFFFFFFFFFFFFFFF43
:203DA000FFFFFFFFFFFFFFFFFFFFFFFFFFFFFFFFFFFFFFFFFFFFFFFFFFFFFFFFFFFFFFFF23
:203DC000FFFFFFFFFFFFFFFFFFFFFFFFFFFFFFFFFFFFFFFFFFFFFFFFFFFFFFFFFFFFFFFF03
:203DE000FFFFFFFFFFFFFFFFFFFFFFFFFFFFFFFFFFFFFFFFFFFFFFFFFFFFFFFFFFFFFFFFE3
:203E0000FFFFFFFFFFFFFFFFFFFFFFFFFFFFFFFFFFFFFFFFFFFFFFFFFFFFFFFFFFFFFFFFC2
:203E2000FFFFFFFFFFFFFFFFFFFFFFFFFFFFFFFFFFFFFFFFFFFFFFFFFFFFFFFFFFFFFFFFA2
:203E4000FFFFFFFFFFFFFFFFFFFFFFFFFFFFFFFFFFFFFFFFFFFFFFFFFFFFFFFFFFFFFFFF82
:203E6000FFFFFFFFFFFFFFFFFFFFFFFFFFFFFFFFFFFFFFFFFFFFFFFFFFFFFFFFFFFFFFFF62
:203E8000FFFFFFFFFFFFFFFFFFFFFFFFFFFFFFFFFFFFFFFFFFFFFFFFFFFFFFFFFFFFFFFF42
:203EA000FFFFFFFFFFFFFFFFFFFFFFFFFFFFFFFFFFFFFFFFFFFFFFFFFFFFFFFFFFFFFFFF22
:203EC000FFFFFFFFFFFFFFFFFFFFFFFFFFFFFFFFFFFFFFFFFFFFFFFFFFFFFFFFFFFFFFFF02
:203EE000FFFFFFFFFFFFFFFFFFFFFFFFFFFFFFFFFFFFFFFFFFFFFFFFFFFFFFFFFFFFFFFFE2
:203F0000FFFFFFFFFFFFFFFFFFFFFFFFFFFFFFFFFFFFFFFFFFFFFFFFFFFFFFFFFFFFFFFFC1
:203F2000FFFFFFFFFFFFFFFFFFFFFFFFFFFFFFFFFFFFFFFFFFFFFFFFFFFFFFFFFFFFFFFFA1
:203F4000FFFFFFFFFFFFFFFFFFFFFFFFFFFFFFFFFFFFFFFFFFFFFFFFFFFFFFFFFFFFFFFF81
:203F6000FFFFFFFFFFFFFFFFFFFFFFFFFFFFFFFFFFFFFFFFFFFFFFFFFFFFFFFFFFFFFFFF61
:203F8000FFFFFFFFFFFFFFFFFFFFFFFFFFFFFFFFFFFFFFFFFFFFFFFFFFFFFFFFFFFFFFFF41
:203FA000FFFFFFFFFFFFFFFFFFFFFFFFFFFFFFFFFFFFFFFFFFFFFFFFFFFFFFFFFFFFFFFF21
:203FC000FFFFFFFFFFFFFFFFFFFFFFFFFFFFFFFFFFFFFFFFFFFFFFFFFFFFFFFFFFFFFFFF01
:203FE000FFFFFFFFFFFFFFFFFFFFFFFFFFFFFFFFFFFFFFFFFFFFFFFFFFFFFFFFFFFFFFFFE1
:20400000FFFFFFFFFFFFFFFFFFFFFFFFFFFFFFFFFFFFFFFFFFFFFFFFFFFFFFFFFFFFFFFFC0
:20402000FFFFFFFFFFFFFFFFFFFFFFFFFFFFFFFFFFFFFFFFFFFFFFFFFFFFFFFFFFFFFFFFA0
:20404000FFFFFFFFFFFFFFFFFFFFFFFFFFFFFFFFFFFFFFFFFFFFFFFFFFFFFFFFFFFFFFFF80
:20406000FFFFFFFFFFFFFFFFFFFFFFFFFFFFFFFFFFFFFFFFFFFFFFFFFFFFFFFFFFFFFFFF60
:20408000FFFFFFFFFFFFFFFFFFFFFFFFFFFFFFFFFFFFFFFFFFFFFFFFFFFFFFFFFFFFFFFF40
:2040A000FFFFFFFFFFFFFFFFFFFFFFFFFFFFFFFFFFFFFFFFFFFFFFFFFFFFFFFFFFFFFFFF20
:2040C000FFFFFFFFFFFFFFFFFFFFFFFFFFFFFFFFFFFFFFFFFFFFFFFFFFFFFFFFFFFFFFFF00
:2040E000FFFFFFFFFFFFFFFFFFFFFFFFFFFFFFFFFFFFFFFFFFFFFFFFFFFFFFFFFFFFFFFFE0
:20410000FFFFFFFFFFFFFFFFFFFFFFFFFFFFFFFFFFFFFFFFFFFFFFFFFFFFFFFFFFFFFFFFBF
:20412000FFFFFFFFFFFFFFFFFFFFFFFFFFFFFFFFFFFFFFFFFFFFFFFFFFFFFFFFFFFFFFFF9F
:20414000FFFFFFFFFFFFFFFFFFFFFFFFFFFFFFFFFFFFFFFFFFFFFFFFFFFFFFFFFFFFFFFF7F
:20416000FFFFFFFFFFFFFFFFFFFFFFFFFFFFFFFFFFFFFFFFFFFFFFFFFFFFFFFFFFFFFFFF5F
:20418000FFFFFFFFFFFFFFFFFFFFFFFFFFFFFFFFFFFFFFFFFFFFFFFFFFFFFFFFFFFFFFFF3F
:2041A000FFFFFFFFFFFFFFFFFFFFFFFFFFFFFFFFFFFFFFFFFFFFFFFFFFFFFFFFFFFFFFFF1F
:2041C000FFFFFFFFFFFFFFFFFFFFFFFFFFFFFFFFFFFFFFFFFFFFFFFFFFFFFFFFFFFFFFFFFF
:2041E000FFFFFFFFFFFFFFFFFFFFFFFFFFFFFFFFFFFFFFFFFFFFFFFFFFFFFFFFFFFFFFFFDF
:20420000FFFFFFFFFFFFFFFFFFFFFFFFFFFFFFFFFFFFFFFFFFFFFFFFFFFFFFFFFFFFFFFFBE
:20422000FFFFFFFFFFFFFFFFFFFFFFFFFFFFFFFFFFFFFFFFFFFFFFFFFFFFFFFFFFFFFFFF9E
:20424000FFFFFFFFFFFFFFFFFFFFFFFFFFFFFFFFFFFFFFFFFFFFFFFFFFFFFFFFFFFFFFFF7E
:20426000FFFFFFFFFFFFFFFFFFFFFFFFFFFFFFFFFFFFFFFFFFFFFFFFFFFFFFFFFFFFFFFF5E
:20428000FFFFFFFFFFFFFFFFFFFFFFFFFFFFFFFFFFFFFFFFFFFFFFFFFFFFFFFFFFFFFFFF3E
:2042A000FFFFFFFFFFFFFFFFFFFFFFFFFFFFFFFFFFFFFFFFFFFFFFFFFFFFFFFFFFFFFFFF1E
:2042C000FFFFFFFFFFFFFFFFFFFFFFFFFFFFFFFFFFFFFFFFFFFFFFFFFFFFFFFFFFFFFFFFFE
:2042E000FFFFFFFFFFFFFFFFFFFFFFFFFFFFFFFFFFFFFFFFFFFFFFFFFFFFFFFFFFFFFFFFDE
:20430000FFFFFFFFFFFFFFFFFFFFFFFFFFFFFFFFFFFFFFFFFFFFFFFFFFFFFFFFFFFFFFFFBD
:20432000FFFFFFFFFFFFFFFFFFFFFFFFFFFFFFFFFFFFFFFFFFFFFFFFFFFFFFFFFFFFFFFF9D
:20434000FFFFFFFFFFFFFFFFFFFFFFFFFFFFFFFFFFFFFFFFFFFFFFFFFFFFFFFFFFFFFFFF7D
:20436000FFFFFFFFFFFFFFFFFFFFFFFFFFFFFFFFFFFFFFFFFFFFFFFFFFFFFFFFFFFFFFFF5D
:20438000FFFFFFFFFFFFFFFFFFFFFFFFFFFFFFFFFFFFFFFFFFFFFFFFFFFFFFFFFFFFFFFF3D
:2043A000FFFFFFFFFFFFFFFFFFFFFFFFFFFFFFFFFFFFFFFFFFFFFFFFFFFFFFFFFFFFFFFF1D
:2043C000FFFFFFFFFFFFFFFFFFFFFFFFFFFFFFFFFFFFFFFFFFFFFFFFFFFFFFFFFFFFFFFFFD
:2043E000FFFFFFFFFFFFFFFFFFFFFFFFFFFFFFFFFFFFFFFFFFFFFFFFFFFFFFFFFFFFFFFFDD
:20440000FFFFFFFFFFFFFFFFFFFFFFFFFFFFFFFFFFFFFFFFFFFFFFFFFFFFFFFFFFFFFFFFBC
:20442000FFFFFFFFFFFFFFFFFFFFFFFFFFFFFFFFFFFFFFFFFFFFFFFFFFFFFFFFFFFFFFFF9C
:20444000FFFFFFFFFFFFFFFFFFFFFFFFFFFFFFFFFFFFFFFFFFFFFFFFFFFFFFFFFFFFFFFF7C
:20446000FFFFFFFFFFFFFFFFFFFFFFFFFFFFFFFFFFFFFFFFFFFFFFFFFFFFFFFFFFFFFFFF5C
:20448000FFFFFFFFFFFFFFFFFFFFFFFFFFFFFFFFFFFFFFFFFFFFFFFFFFFFFFFFFFFFFFFF3C
:2044A000FFFFFFFFFFFFFFFFFFFFFFFFFFFFFFFFFFFFFFFFFFFFFFFFFFFFFFFFFFFFFFFF1C
:2044C000FFFFFFFFFFFFFFFFFFFFFFFFFFFFFFFFFFFFFFFFFFFFFFFFFFFFFFFFFFFFFFFFFC
:2044E000FFFFFFFFFFFFFFFFFFFFFFFFFFFFFFFFFFFFFFFFFFFFFFFFFFFFFFFFFFFFFFFFDC
:20450000FFFFFFFFFFFFFFFFFFFFFFFFFFFFFFFFFFFFFFFFFFFFFFFFFFFFFFFFFFFFFFFFBB
:20452000FFFFFFFFFFFFFFFFFFFFFFFFFFFFFFFFFFFFFFFFFFFFFFFFFFFFFFFFFFFFFFFF9B
:20454000FFFFFFFFFFFFFFFFFFFFFFFFFFFFFFFFFFFFFFFFFFFFFFFFFFFFFFFFFFFFFFFF7B
:20456000FFFFFFFFFFFFFFFFFFFFFFFFFFFFFFFFFFFFFFFFFFFFFFFFFFFFFFFFFFFFFFFF5B
:20458000FFFFFFFFFFFFFFFFFFFFFFFFFFFFFFFFFFFFFFFFFFFFFFFFFFFFFFFFFFFFFFFF3B
:2045A000FFFFFFFFFFFFFFFFFFFFFFFFFFFFFFFFFFFFFFFFFFFFFFFFFFFFFFFFFFFFFFFF1B
:2045C000FFFFFFFFFFFFFFFFFFFFFFFFFFFFFFFFFFFFFFFFFFFFFFFFFFFFFFFFFFFFFFFFFB
:2045E000FFFFFFFFFFFFFFFFFFFFFFFFFFFFFFFFFFFFFFFFFFFFFFFFFFFFFFFFFFFFFFFFDB
:20460000FFFFFFFFFFFFFFFFFFFFFFFFFFFFFFFFFFFFFFFFFFFFFFFFFFFFFFFFFFFFFFFFBA
:20462000FFFFFFFFFFFFFFFFFFFFFFFFFFFFFFFFFFFFFFFFFFFFFFFFFFFFFFFFFFFFFFFF9A
:20464000FFFFFFFFFFFFFFFFFFFFFFFFFFFFFFFFFFFFFFFFFFFFFFFFFFFFFFFFFFFFFFFF7A
:20466000FFFFFFFFFFFFFFFFFFFFFFFFFFFFFFFFFFFFFFFFFFFFFFFFFFFFFFFFFFFFFFFF5A
:20468000FFFFFFFFFFFFFFFFFFFFFFFFFFFFFFFFFFFFFFFFFFFFFFFFFFFFFFFFFFFFFFFF3A
:2046A000FFFFFFFFFFFFFFFFFFFFFFFFFFFFFFFFFFFFFFFFFFFFFFFFFFFFFFFFFFFFFFFF1A
:2046C000FFFFFFFFFFFFFFFFFFFFFFFFFFFFFFFFFFFFFFFFFFFFFFFFFFFFFFFFFFFFFFFFFA
:2046E000FFFFFFFFFFFFFFFFFFFFFFFFFFFFFFFFFFFFFFFFFFFFFFFFFFFFFFFFFFFFFFFFDA
:20470000FFFFFFFFFFFFFFFFFFFFFFFFFFFFFFFFFFFFFFFFFFFFFFFFFFFFFFFFFFFFFFFFB9
:20472000FFFFFFFFFFFFFFFFFFFFFFFFFFFFFFFFFFFFFFFFFFFFFFFFFFFFFFFFFFFFFFFF99
:20474000FFFFFFFFFFFFFFFFFFFFFFFFFFFFFFFFFFFFFFFFFFFFFFFFFFFFFFFFFFFFFFFF79
:20476000FFFFFFFFFFFFFFFFFFFFFFFFFFFFFFFFFFFFFFFFFFFFFFFFFFFFFFFFFFFFFFFF59
:20478000FFFFFFFFFFFFFFFFFFFFFFFFFFFFFFFFFFFFFFFFFFFFFFFFFFFFFFFFFFFFFFFF39
:2047A000FFFFFFFFFFFFFFFFFFFFFFFFFFFFFFFFFFFFFFFFFFFFFFFFFFFFFFFFFFFFFFFF19
:2047C000FFFFFFFFFFFFFFFFFFFFFFFFFFFFFFFFFFFFFFFFFFFFFFFFFFFFFFFFFFFFFFFFF9
:2047E000FFFFFFFFFFFFFFFFFFFFFFFFFFFFFFFFFFFFFFFFFFFFFFFFFFFFFFFFFFFFFFFFD9
:20480000FFFFFFFFFFFFFFFFFFFFFFFFFFFFFFFFFFFFFFFFFFFFFFFFFFFFFFFFFFFFFFFFB8
:20482000FFFFFFFFFFFFFFFFFFFFFFFFFFFFFFFFFFFFFFFFFFFFFFFFFFFFFFFFFFFFFFFF98
:20484000FFFFFFFFFFFFFFFFFFFFFFFFFFFFFFFFFFFFFFFFFFFFFFFFFFFFFFFFFFFFFFFF78
:20486000FFFFFFFFFFFFFFFFFFFFFFFFFFFFFFFFFFFFFFFFFFFFFFFFFFFFFFFFFFFFFFFF58
:20488000FFFFFFFFFFFFFFFFFFFFFFFFFFFFFFFFFFFFFFFFFFFFFFFFFFFFFFFFFFFFFFFF38
:2048A000FFFFFFFFFFFFFFFFFFFFFFFFFFFFFFFFFFFFFFFFFFFFFFFFFFFFFFFFFFFFFFFF18
:2048C000FFFFFFFFFFFFFFFFFFFFFFFFFFFFFFFFFFFFFFFFFFFFFFFFFFFFFFFFFFFFFFFFF8
:2048E000FFFFFFFFFFFFFFFFFFFFFFFFFFFFFFFFFFFFFFFFFFFFFFFFFFFFFFFFFFFFFFFFD8
:20490000FFFFFFFFFFFFFFFFFFFFFFFFFFFFFFFFFFFFFFFFFFFFFFFFFFFFFFFFFFFFFFFFB7
:20492000FFFFFFFFFFFFFFFFFFFFFFFFFFFFFFFFFFFFFFFFFFFFFFFFFFFFFFFFFFFFFFFF97
:20494000FFFFFFFFFFFFFFFFFFFFFFFFFFFFFFFFFFFFFFFFFFFFFFFFFFFFFFFFFFFFFFFF77
:20496000FFFFFFFFFFFFFFFFFFFFFFFFFFFFFFFFFFFFFFFFFFFFFFFFFFFFFFFFFFFFFFFF57
:20498000FFFFFFFFFFFFFFFFFFFFFFFFFFFFFFFFFFFFFFFFFFFFFFFFFFFFFFFFFFFFFFFF37
:2049A000FFFFFFFFFFFFFFFFFFFFFFFFFFFFFFFFFFFFFFFFFFFFFFFFFFFFFFFFFFFFFFFF17
:2049C000FFFFFFFFFFFFFFFFFFFFFFFFFFFFFFFFFFFFFFFFFFFFFFFFFFFFFFFFFFFFFFFFF7
:2049E000FFFFFFFFFFFFFFFFFFFFFFFFFFFFFFFFFFFFFFFFFFFFFFFFFFFFFFFFFFFFFFFFD7
:204A0000FFFFFFFFFFFFFFFFFFFFFFFFFFFFFFFFFFFFFFFFFFFFFFFFFFFFFFFFFFFFFFFFB6
:204A2000FFFFFFFFFFFFFFFFFFFFFFFFFFFFFFFFFFFFFFFFFFFFFFFFFFFFFFFFFFFFFFFF96
:204A4000FFFFFFFFFFFFFFFFFFFFFFFFFFFFFFFFFFFFFFFFFFFFFFFFFFFFFFFFFFFFFFFF76
:204A6000FFFFFFFFFFFFFFFFFFFFFFFFFFFFFFFFFFFFFFFFFFFFFFFFFFFFFFFFFFFFFFFF56
:204A8000FFFFFFFFFFFFFFFFFFFFFFFFFFFFFFFFFFFFFFFFFFFFFFFFFFFFFFFFFFFFFFFF36
:204AA000FFFFFFFFFFFFFFFFFFFFFFFFFFFFFFFFFFFFFFFFFFFFFFFFFFFFFFFFFFFFFFFF16
:204AC000FFFFFFFFFFFFFFFFFFFFFFFFFFFFFFFFFFFFFFFFFFFFFFFFFFFFFFFFFFFFFFFFF6
:204AE000FFFFFFFFFFFFFFFFFFFFFFFFFFFFFFFFFFFFFFFFFFFFFFFFFFFFFFFFFFFFFFFFD6
:204B0000FFFFFFFFFFFFFFFFFFFFFFFFFFFFFFFFFFFFFFFFFFFFFFFFFFFFFFFFFFFFFFFFB5
:204B2000FFFFFFFFFFFFFFFFFFFFFFFFFFFFFFFFFFFFFFFFFFFFFFFFFFFFFFFFFFFFFFFF95
:204B4000FFFFFFFFFFFFFFFFFFFFFFFFFFFFFFFFFFFFFFFFFFFFFFFFFFFFFFFFFFFFFFFF75
:204B6000FFFFFFFFFFFFFFFFFFFFFFFFFFFFFFFFFFFFFFFFFFFFFFFFFFFFFFFFFFFFFFFF55
:204B8000FFFFFFFFFFFFFFFFFFFFFFFFFFFFFFFFFFFFFFFFFFFFFFFFFFFFFFFFFFFFFFFF35
:204BA000FFFFFFFFFFFFFFFFFFFFFFFFFFFFFFFFFFFFFFFFFFFFFFFFFFFFFFFFFFFFFFFF15
:204BC000FFFFFFFFFFFFFFFFFFFFFFFFFFFFFFFFFFFFFFFFFFFFFFFFFFFFFFFFFFFFFFFFF5
:204BE000FFFFFFFFFFFFFFFFFFFFFFFFFFFFFFFFFFFFFFFFFFFFFFFFFFFFFFFFFFFFFFFFD5
:204C0000FFFFFFFFFFFFFFFFFFFFFFFFFFFFFFFFFFFFFFFFFFFFFFFFFFFFFFFFFFFFFFFFB4
:204C2000FFFFFFFFFFFFFFFFFFFFFFFFFFFFFFFFFFFFFFFFFFFFFFFFFFFFFFFFFFFFFFFF94
:204C4000FFFFFFFFFFFFFFFFFFFFFFFFFFFFFFFFFFFFFFFFFFFFFFFFFFFFFFFFFFFFFFFF74
:204C6000FFFFFFFFFFFFFFFFFFFFFFFFFFFFFFFFFFFFFFFFFFFFFFFFFFFFFFFFFFFFFFFF54
:204C8000FFFFFFFFFFFFFFFFFFFFFFFFFFFFFFFFFFFFFFFFFFFFFFFFFFFFFFFFFFFFFFFF34
:204CA000FFFFFFFFFFFFFFFFFFFFFFFFFFFFFFFFFFFFFFFFFFFFFFFFFFFFFFFFFFFFFFFF14
:204CC000FFFFFFFFFFFFFFFFFFFFFFFFFFFFFFFFFFFFFFFFFFFFFFFFFFFFFFFFFFFFFFFFF4
:204CE000FFFFFFFFFFFFFFFFFFFFFFFFFFFFFFFFFFFFFFFFFFFFFFFFFFFFFFFFFFFFFFFFD4
:204D0000FFFFFFFFFFFFFFFFFFFFFFFFFFFFFFFFFFFFFFFFFFFFFFFFFFFFFFFFFFFFFFFFB3
:204D2000FFFFFFFFFFFFFFFFFFFFFFFFFFFFFFFFFFFFFFFFFFFFFFFFFFFFFFFFFFFFFFFF93
:204D4000FFFFFFFFFFFFFFFFFFFFFFFFFFFFFFFFFFFFFFFFFFFFFFFFFFFFFFFFFFFFFFFF73
:204D6000FFFFFFFFFFFFFFFFFFFFFFFFFFFFFFFFFFFFFFFFFFFFFFFFFFFFFFFFFFFFFFFF53
:204D8000FFFFFFFFFFFFFFFFFFFFFFFFFFFFFFFFFFFFFFFFFFFFFFFFFFFFFFFFFFFFFFFF33
:204DA000FFFFFFFFFFFFFFFFFFFFFFFFFFFFFFFFFFFFFFFFFFFFFFFFFFFFFFFFFFFFFFFF13
:204DC000FFFFFFFFFFFFFFFFFFFFFFFFFFFFFFFFFFFFFFFFFFFFFFFFFFFFFFFFFFFFFFFFF3
:204DE000FFFFFFFFFFFFFFFFFFFFFFFFFFFFFFFFFFFFFFFFFFFFFFFFFFFFFFFFFFFFFFFFD3
:204E0000FFFFFFFFFFFFFFFFFFFFFFFFFFFFFFFFFFFFFFFFFFFFFFFFFFFFFFFFFFFFFFFFB2
:204E2000FFFFFFFFFFFFFFFFFFFFFFFFFFFFFFFFFFFFFFFFFFFFFFFFFFFFFFFFFFFFFFFF92
:204E4000FFFFFFFFFFFFFFFFFFFFFFFFFFFFFFFFFFFFFFFFFFFFFFFFFFFFFFFFFFFFFFFF72
:204E6000FFFFFFFFFFFFFFFFFFFFFFFFFFFFFFFFFFFFFFFFFFFFFFFFFFFFFFFFFFFFFFFF52
:204E8000FFFFFFFFFFFFFFFFFFFFFFFFFFFFFFFFFFFFFFFFFFFFFFFFFFFFFFFFFFFFFFFF32
:204EA000FFFFFFFFFFFFFFFFFFFFFFFFFFFFFFFFFFFFFFFFFFFFFFFFFFFFFFFFFFFFFFFF12
:204EC000FFFFFFFFFFFFFFFFFFFFFFFFFFFFFFFFFFFFFFFFFFFFFFFFFFFFFFFFFFFFFFFFF2
:204EE000FFFFFFFFFFFFFFFFFFFFFFFFFFFFFFFFFFFFFFFFFFFFFFFFFFFFFFFFFFFFFFFFD2
:204F0000FFFFFFFFFFFFFFFFFFFFFFFFFFFFFFFFFFFFFFFFFFFFFFFFFFFFFFFFFFFFFFFFB1
:204F2000FFFFFFFFFFFFFFFFFFFFFFFFFFFFFFFFFFFFFFFFFFFFFFFFFFFFFFFFFFFFFFFF91
:204F4000FFFFFFFFFFFFFFFFFFFFFFFFFFFFFFFFFFFFFFFFFFFFFFFFFFFFFFFFFFFFFFFF71
:204F6000FFFFFFFFFFFFFFFFFFFFFFFFFFFFFFFFFFFFFFFFFFFFFFFFFFFFFFFFFFFFFFFF51
:204F8000FFFFFFFFFFFFFFFFFFFFFFFFFFFFFFFFFFFFFFFFFFFFFFFFFFFFFFFFFFFFFFFF31
:204FA000FFFFFFFFFFFFFFFFFFFFFFFFFFFFFFFFFFFFFFFFFFFFFFFFFFFFFFFFFFFFFFFF11
:204FC000FFFFFFFFFFFFFFFFFFFFFFFFFFFFFFFFFFFFFFFFFFFFFFFFFFFFFFFFFFFFFFFFF1
:204FE000FFFFFFFFFFFFFFFFFFFFFFFFFFFFFFFFFFFFFFFFFFFFFFFFFFFFFFFFFFFFFFFFD1
:20500000FFFFFFFFFFFFFFFFFFFFFFFFFFFFFFFFFFFFFFFFFFFFFFFFFFFFFFFFFFFFFFFFB0
:20502000FFFFFFFFFFFFFFFFFFFFFFFFFFFFFFFFFFFFFFFFFFFFFFFFFFFFFFFFFFFFFFFF90
:20504000FFFFFFFFFFFFFFFFFFFFFFFFFFFFFFFFFFFFFFFFFFFFFFFFFFFFFFFFFFFFFFFF70
:20506000FFFFFFFFFFFFFFFFFFFFFFFFFFFFFFFFFFFFFFFFFFFFFFFFFFFFFFFFFFFFFFFF50
:20508000FFFFFFFFFFFFFFFFFFFFFFFFFFFFFFFFFFFFFFFFFFFFFFFFFFFFFFFFFFFFFFFF30
:2050A000FFFFFFFFFFFFFFFFFFFFFFFFFFFFFFFFFFFFFFFFFFFFFFFFFFFFFFFFFFFFFFFF10
:2050C000FFFFFFFFFFFFFFFFFFFFFFFFFFFFFFFFFFFFFFFFFFFFFFFFFFFFFFFFFFFFFFFFF0
:2050E000FFFFFFFFFFFFFFFFFFFFFFFFFFFFFFFFFFFFFFFFFFFFFFFFFFFFFFFFFFFFFFFFD0
:20510000FFFFFFFFFFFFFFFFFFFFFFFFFFFFFFFFFFFFFFFFFFFFFFFFFFFFFFFFFFFFFFFFAF
:20512000FFFFFFFFFFFFFFFFFFFFFFFFFFFFFFFFFFFFFFFFFFFFFFFFFFFFFFFFFFFFFFFF8F
:20514000FFFFFFFFFFFFFFFFFFFFFFFFFFFFFFFFFFFFFFFFFFFFFFFFFFFFFFFFFFFFFFFF6F
:20516000FFFFFFFFFFFFFFFFFFFFFFFFFFFFFFFFFFFFFFFFFFFFFFFFFFFFFFFFFFFFFFFF4F
:20518000FFFFFFFFFFFFFFFFFFFFFFFFFFFFFFFFFFFFFFFFFFFFFFFFFFFFFFFFFFFFFFFF2F
:2051A000FFFFFFFFFFFFFFFFFFFFFFFFFFFFFFFFFFFFFFFFFFFFFFFFFFFFFFFFFFFFFFFF0F
:2051C000FFFFFFFFFFFFFFFFFFFFFFFFFFFFFFFFFFFFFFFFFFFFFFFFFFFFFFFFFFFFFFFFEF
:2051E000FFFFFFFFFFFFFFFFFFFFFFFFFFFFFFFFFFFFFFFFFFFFFFFFFFFFFFFFFFFFFFFFCF
:20520000FFFFFFFFFFFFFFFFFFFFFFFFFFFFFFFFFFFFFFFFFFFFFFFFFFFFFFFFFFFFFFFFAE
:20522000FFFFFFFFFFFFFFFFFFFFFFFFFFFFFFFFFFFFFFFFFFFFFFFFFFFFFFFFFFFFFFFF8E
:20524000FFFFFFFFFFFFFFFFFFFFFFFFFFFFFFFFFFFFFFFFFFFFFFFFFFFFFFFFFFFFFFFF6E
:20526000FFFFFFFFFFFFFFFFFFFFFFFFFFFFFFFFFFFFFFFFFFFFFFFFFFFFFFFFFFFFFFFF4E
:20528000FFFFFFFFFFFFFFFFFFFFFFFFFFFFFFFFFFFFFFFFFFFFFFFFFFFFFFFFFFFFFFFF2E
:2052A000FFFFFFFFFFFFFFFFFFFFFFFFFFFFFFFFFFFFFFFFFFFFFFFFFFFFFFFFFFFFFFFF0E
:2052C000FFFFFFFFFFFFFFFFFFFFFFFFFFFFFFFFFFFFFFFFFFFFFFFFFFFFFFFFFFFFFFFFEE
:2052E000FFFFFFFFFFFFFFFFFFFFFFFFFFFFFFFFFFFFFFFFFFFFFFFFFFFFFFFFFFFFFFFFCE
:20530000FFFFFFFFFFFFFFFFFFFFFFFFFFFFFFFFFFFFFFFFFFFFFFFFFFFFFFFFFFFFFFFFAD
:20532000FFFFFFFFFFFFFFFFFFFFFFFFFFFFFFFFFFFFFFFFFFFFFFFFFFFFFFFFFFFFFFFF8D
:20534000FFFFFFFFFFFFFFFFFFFFFFFFFFFFFFFFFFFFFFFFFFFFFFFFFFFFFFFFFFFFFFFF6D
:20536000FFFFFFFFFFFFFFFFFFFFFFFFFFFFFFFFFFFFFFFFFFFFFFFFFFFFFFFFFFFFFFFF4D
:20538000FFFFFFFFFFFFFFFFFFFFFFFFFFFFFFFFFFFFFFFFFFFFFFFFFFFFFFFFFFFFFFFF2D
:2053A000FFFFFFFFFFFFFFFFFFFFFFFFFFFFFFFFFFFFFFFFFFFFFFFFFFFFFFFFFFFFFFFF0D
:2053C000FFFFFFFFFFFFFFFFFFFFFFFFFFFFFFFFFFFFFFFFFFFFFFFFFFFFFFFFFFFFFFFFED
:2053E000FFFFFFFFFFFFFFFFFFFFFFFFFFFFFFFFFFFFFFFFFFFFFFFFFFFFFFFFFFFFFFFFCD
:20540000FFFFFFFFFFFFFFFFFFFFFFFFFFFFFFFFFFFFFFFFFFFFFFFFFFFFFFFFFFFFFFFFAC
:20542000FFFFFFFFFFFFFFFFFFFFFFFFFFFFFFFFFFFFFFFFFFFFFFFFFFFFFFFFFFFFFFFF8C
:20544000FFFFFFFFFFFFFFFFFFFFFFFFFFFFFFFFFFFFFFFFFFFFFFFFFFFFFFFFFFFFFFFF6C
:20546000FFFFFFFFFFFFFFFFFFFFFFFFFFFFFFFFFFFFFFFFFFFFFFFFFFFFFFFFFFFFFFFF4C
:20548000FFFFFFFFFFFFFFFFFFFFFFFFFFFFFFFFFFFFFFFFFFFFFFFFFFFFFFFFFFFFFFFF2C
:2054A000FFFFFFFFFFFFFFFFFFFFFFFFFFFFFFFFFFFFFFFFFFFFFFFFFFFFFFFFFFFFFFFF0C
:2054C000FFFFFFFFFFFFFFFFFFFFFFFFFFFFFFFFFFFFFFFFFFFFFFFFFFFFFFFFFFFFFFFFEC
:2054E000FFFFFFFFFFFFFFFFFFFFFFFFFFFFFFFFFFFFFFFFFFFFFFFFFFFFFFFFFFFFFFFFCC
:20550000FFFFFFFFFFFFFFFFFFFFFFFFFFFFFFFFFFFFFFFFFFFFFFFFFFFFFFFFFFFFFFFFAB
:20552000FFFFFFFFFFFFFFFFFFFFFFFFFFFFFFFFFFFFFFFFFFFFFFFFFFFFFFFFFFFFFFFF8B
:20554000FFFFFFFFFFFFFFFFFFFFFFFFFFFFFFFFFFFFFFFFFFFFFFFFFFFFFFFFFFFFFFFF6B
:20556000FFFFFFFFFFFFFFFFFFFFFFFFFFFFFFFFFFFFFFFFFFFFFFFFFFFFFFFFFFFFFFFF4B
:20558000FFFFFFFFFFFFFFFFFFFFFFFFFFFFFFFFFFFFFFFFFFFFFFFFFFFFFFFFFFFFFFFF2B
:2055A000FFFFFFFFFFFFFFFFFFFFFFFFFFFFFFFFFFFFFFFFFFFFFFFFFFFFFFFFFFFFFFFF0B
:2055C000FFFFFFFFFFFFFFFFFFFFFFFFFFFFFFFFFFFFFFFFFFFFFFFFFFFFFFFFFFFFFFFFEB
:2055E000FFFFFFFFFFFFFFFFFFFFFFFFFFFFFFFFFFFFFFFFFFFFFFFFFFFFFFFFFFFFFFFFCB
:20560000FFFFFFFFFFFFFFFFFFFFFFFFFFFFFFFFFFFFFFFFFFFFFFFFFFFFFFFFFFFFFFFFAA
:20562000FFFFFFFFFFFFFFFFFFFFFFFFFFFFFFFFFFFFFFFFFFFFFFFFFFFFFFFFFFFFFFFF8A
:20564000FFFFFFFFFFFFFFFFFFFFFFFFFFFFFFFFFFFFFFFFFFFFFFFFFFFFFFFFFFFFFFFF6A
:20566000FFFFFFFFFFFFFFFFFFFFFFFFFFFFFFFFFFFFFFFFFFFFFFFFFFFFFFFFFFFFFFFF4A
:20568000FFFFFFFFFFFFFFFFFFFFFFFFFFFFFFFFFFFFFFFFFFFFFFFFFFFFFFFFFFFFFFFF2A
:2056A000FFFFFFFFFFFFFFFFFFFFFFFFFFFFFFFFFFFFFFFFFFFFFFFFFFFFFFFFFFFFFFFF0A
:2056C000FFFFFFFFFFFFFFFFFFFFFFFFFFFFFFFFFFFFFFFFFFFFFFFFFFFFFFFFFFFFFFFFEA
:2056E000FFFFFFFFFFFFFFFFFFFFFFFFFFFFFFFFFFFFFFFFFFFFFFFFFFFFFFFFFFFFFFFFCA
:20570000FFFFFFFFFFFFFFFFFFFFFFFFFFFFFFFFFFFFFFFFFFFFFFFFFFFFFFFFFFFFFFFFA9
:20572000FFFFFFFFFFFFFFFFFFFFFFFFFFFFFFFFFFFFFFFFFFFFFFFFFFFFFFFFFFFFFFFF89
:20574000FFFFFFFFFFFFFFFFFFFFFFFFFFFFFFFFFFFFFFFFFFFFFFFFFFFFFFFFFFFFFFFF69
:20576000FFFFFFFFFFFFFFFFFFFFFFFFFFFFFFFFFFFFFFFFFFFFFFFFFFFFFFFFFFFFFFFF49
:20578000FFFFFFFFFFFFFFFFFFFFFFFFFFFFFFFFFFFFFFFFFFFFFFFFFFFFFFFFFFFFFFFF29
:2057A000FFFFFFFFFFFFFFFFFFFFFFFFFFFFFFFFFFFFFFFFFFFFFFFFFFFFFFFFFFFFFFFF09
:2057C000FFFFFFFFFFFFFFFFFFFFFFFFFFFFFFFFFFFFFFFFFFFFFFFFFFFFFFFFFFFFFFFFE9
:2057E000FFFFFFFFFFFFFFFFFFFFFFFFFFFFFFFFFFFFFFFFFFFFFFFFFFFFFFFFFFFFFFFFC9
:20580000FFFFFFFFFFFFFFFFFFFFFFFFFFFFFFFFFFFFFFFFFFFFFFFFFFFFFFFFFFFFFFFFA8
:20582000FFFFFFFFFFFFFFFFFFFFFFFFFFFFFFFFFFFFFFFFFFFFFFFFFFFFFFFFFFFFFFFF88
:20584000FFFFFFFFFFFFFFFFFFFFFFFFFFFFFFFFFFFFFFFFFFFFFFFFFFFFFFFFFFFFFFFF68
:20586000FFFFFFFFFFFFFFFFFFFFFFFFFFFFFFFFFFFFFFFFFFFFFFFFFFFFFFFFFFFFFFFF48
:20588000FFFFFFFFFFFFFFFFFFFFFFFFFFFFFFFFFFFFFFFFFFFFFFFFFFFFFFFFFFFFFFFF28
:2058A000FFFFFFFFFFFFFFFFFFFFFFFFFFFFFFFFFFFFFFFFFFFFFFFFFFFFFFFFFFFFFFFF08
:2058C000FFFFFFFFFFFFFFFFFFFFFFFFFFFFFFFFFFFFFFFFFFFFFFFFFFFFFFFFFFFFFFFFE8
:2058E000FFFFFFFFFFFFFFFFFFFFFFFFFFFFFFFFFFFFFFFFFFFFFFFFFFFFFFFFFFFFFFFFC8
:20590000FFFFFFFFFFFFFFFFFFFFFFFFFFFFFFFFFFFFFFFFFFFFFFFFFFFFFFFFFFFFFFFFA7
:20592000FFFFFFFFFFFFFFFFFFFFFFFFFFFFFFFFFFFFFFFFFFFFFFFFFFFFFFFFFFFFFFFF87
:20594000FFFFFFFFFFFFFFFFFFFFFFFFFFFFFFFFFFFFFFFFFFFFFFFFFFFFFFFFFFFFFFFF67
:20596000FFFFFFFFFFFFFFFFFFFFFFFFFFFFFFFFFFFFFFFFFFFFFFFFFFFFFFFFFFFFFFFF47
:20598000FFFFFFFFFFFFFFFFFFFFFFFFFFFFFFFFFFFFFFFFFFFFFFFFFFFFFFFFFFFFFFFF27
:2059A000FFFFFFFFFFFFFFFFFFFFFFFFFFFFFFFFFFFFFFFFFFFFFFFFFFFFFFFFFFFFFFFF07
:2059C000FFFFFFFFFFFFFFFFFFFFFFFFFFFFFFFFFFFFFFFFFFFFFFFFFFFFFFFFFFFFFFFFE7
:2059E000FFFFFFFFFFFFFFFFFFFFFFFFFFFFFFFFFFFFFFFFFFFFFFFFFFFFFFFFFFFFFFFFC7
:205A0000FFFFFFFFFFFFFFFFFFFFFFFFFFFFFFFFFFFFFFFFFFFFFFFFFFFFFFFFFFFFFFFFA6
:205A2000FFFFFFFFFFFFFFFFFFFFFFFFFFFFFFFFFFFFFFFFFFFFFFFFFFFFFFFFFFFFFFFF86
:205A4000FFFFFFFFFFFFFFFFFFFFFFFFFFFFFFFFFFFFFFFFFFFFFFFFFFFFFFFFFFFFFFFF66
:205A6000FFFFFFFFFFFFFFFFFFFFFFFFFFFFFFFFFFFFFFFFFFFFFFFFFFFFFFFFFFFFFFFF46
:205A8000FFFFFFFFFFFFFFFFFFFFFFFFFFFFFFFFFFFFFFFFFFFFFFFFFFFFFFFFFFFFFFFF26
:205AA000FFFFFFFFFFFFFFFFFFFFFFFFFFFFFFFFFFFFFFFFFFFFFFFFFFFFFFFFFFFFFFFF06
:205AC000FFFFFFFFFFFFFFFFFFFFFFFFFFFFFFFFFFFFFFFFFFFFFFFFFFFFFFFFFFFFFFFFE6
:205AE000FFFFFFFFFFFFFFFFFFFFFFFFFFFFFFFFFFFFFFFFFFFFFFFFFFFFFFFFFFFFFFFFC6
:205B0000FFFFFFFFFFFFFFFFFFFFFFFFFFFFFFFFFFFFFFFFFFFFFFFFFFFFFFFFFFFFFFFFA5
:205B2000FFFFFFFFFFFFFFFFFFFFFFFFFFFFFFFFFFFFFFFFFFFFFFFFFFFFFFFFFFFFFFFF85
:205B4000FFFFFFFFFFFFFFFFFFFFFFFFFFFFFFFFFFFFFFFFFFFFFFFFFFFFFFFFFFFFFFFF65
:205B6000FFFFFFFFFFFFFFFFFFFFFFFFFFFFFFFFFFFFFFFFFFFFFFFFFFFFFFFFFFFFFFFF45
:205B8000FFFFFFFFFFFFFFFFFFFFFFFFFFFFFFFFFFFFFFFFFFFFFFFFFFFFFFFFFFFFFFFF25
:205BA000FFFFFFFFFFFFFFFFFFFFFFFFFFFFFFFFFFFFFFFFFFFFFFFFFFFFFFFFFFFFFFFF05
:205BC000FFFFFFFFFFFFFFFFFFFFFFFFFFFFFFFFFFFFFFFFFFFFFFFFFFFFFFFFFFFFFFFFE5
:205BE000FFFFFFFFFFFFFFFFFFFFFFFFFFFFFFFFFFFFFFFFFFFFFFFFFFFFFFFFFFFFFFFFC5
:205C0000FFFFFFFFFFFFFFFFFFFFFFFFFFFFFFFFFFFFFFFFFFFFFFFFFFFFFFFFFFFFFFFFA4
:205C2000FFFFFFFFFFFFFFFFFFFFFFFFFFFFFFFFFFFFFFFFFFFFFFFFFFFFFFFFFFFFFFFF84
:205C4000FFFFFFFFFFFFFFFFFFFFFFFFFFFFFFFFFFFFFFFFFFFFFFFFFFFFFFFFFFFFFFFF64
:205C6000FFFFFFFFFFFFFFFFFFFFFFFFFFFFFFFFFFFFFFFFFFFFFFFFFFFFFFFFFFFFFFFF44
:205C8000FFFFFFFFFFFFFFFFFFFFFFFFFFFFFFFFFFFFFFFFFFFFFFFFFFFFFFFFFFFFFFFF24
:205CA000FFFFFFFFFFFFFFFFFFFFFFFFFFFFFFFFFFFFFFFFFFFFFFFFFFFFFFFFFFFFFFFF04
:205CC000FFFFFFFFFFFFFFFFFFFFFFFFFFFFFFFFFFFFFFFFFFFFFFFFFFFFFFFFFFFFFFFFE4
:205CE000FFFFFFFFFFFFFFFFFFFFFFFFFFFFFFFFFFFFFFFFFFFFFFFFFFFFFFFFFFFFFFFFC4
:205D0000FFFFFFFFFFFFFFFFFFFFFFFFFFFFFFFFFFFFFFFFFFFFFFFFFFFFFFFFFFFFFFFFA3
:205D2000FFFFFFFFFFFFFFFFFFFFFFFFFFFFFFFFFFFFFFFFFFFFFFFFFFFFFFFFFFFFFFFF83
:205D4000FFFFFFFFFFFFFFFFFFFFFFFFFFFFFFFFFFFFFFFFFFFFFFFFFFFFFFFFFFFFFFFF63
:205D6000FFFFFFFFFFFFFFFFFFFFFFFFFFFFFFFFFFFFFFFFFFFFFFFFFFFFFFFFFFFFFFFF43
:205D8000FFFFFFFFFFFFFFFFFFFFFFFFFFFFFFFFFFFFFFFFFFFFFFFFFFFFFFFFFFFFFFFF23
:205DA000FFFFFFFFFFFFFFFFFFFFFFFFFFFFFFFFFFFFFFFFFFFFFFFFFFFFFFFFFFFFFFFF03
:205DC000FFFFFFFFFFFFFFFFFFFFFFFFFFFFFFFFFFFFFFFFFFFFFFFFFFFFFFFFFFFFFFFFE3
:205DE000FFFFFFFFFFFFFFFFFFFFFFFFFFFFFFFFFFFFFFFFFFFFFFFFFFFFFFFFFFFFFFFFC3
:205E0000FFFFFFFFFFFFFFFFFFFFFFFFFFFFFFFFFFFFFFFFFFFFFFFFFFFFFFFFFFFFFFFFA2
:205E2000FFFFFFFFFFFFFFFFFFFFFFFFFFFFFFFFFFFFFFFFFFFFFFFFFFFFFFFFFFFFFFFF82
:205E4000FFFFFFFFFFFFFFFFFFFFFFFFFFFFFFFFFFFFFFFFFFFFFFFFFFFFFFFFFFFFFFFF62
:205E6000FFFFFFFFFFFFFFFFFFFFFFFFFFFFFFFFFFFFFFFFFFFFFFFFFFFFFFFFFFFFFFFF42
:205E8000FFFFFFFFFFFFFFFFFFFFFFFFFFFFFFFFFFFFFFFFFFFFFFFFFFFFFFFFFFFFFFFF22
:205EA000FFFFFFFFFFFFFFFFFFFFFFFFFFFFFFFFFFFFFFFFFFFFFFFFFFFFFFFFFFFFFFFF02
:205EC000FFFFFFFFFFFFFFFFFFFFFFFFFFFFFFFFFFFFFFFFFFFFFFFFFFFFFFFFFFFFFFFFE2
:205EE000FFFFFFFFFFFFFFFFFFFFFFFFFFFFFFFFFFFFFFFFFFFFFFFFFFFFFFFFFFFFFFFFC2
:205F0000FFFFFFFFFFFFFFFFFFFFFFFFFFFFFFFFFFFFFFFFFFFFFFFFFFFFFFFFFFFFFFFFA1
:205F2000FFFFFFFFFFFFFFFFFFFFFFFFFFFFFFFFFFFFFFFFFFFFFFFFFFFFFFFFFFFFFFFF81
:205F4000FFFFFFFFFFFFFFFFFFFFFFFFFFFFFFFFFFFFFFFFFFFFFFFFFFFFFFFFFFFFFFFF61
:205F6000FFFFFFFFFFFFFFFFFFFFFFFFFFFFFFFFFFFFFFFFFFFFFFFFFFFFFFFFFFFFFFFF41
:205F8000FFFFFFFFFFFFFFFFFFFFFFFFFFFFFFFFFFFFFFFFFFFFFFFFFFFFFFFFFFFFFFFF21
:205FA000FFFFFFFFFFFFFFFFFFFFFFFFFFFFFFFFFFFFFFFFFFFFFFFFFFFFFFFFFFFFFFFF01
:205FC000FFFFFFFFFFFFFFFFFFFFFFFFFFFFFFFFFFFFFFFFFFFFFFFFFFFFFFFFFFFFFFFFE1
:205FE000FFFFFFFFFFFFFFFFFFFFFFFFFFFFFFFFFFFFFFFFFFFFFFFFFFFFFFFFFFFFFFFFC1
:20600000FFFFFFFFFFFFFFFFFFFFFFFFFFFFFFFFFFFFFFFFFFFFFFFFFFFFFFFFFFFFFFFFA0
:20602000FFFFFFFFFFFFFFFFFFFFFFFFFFFFFFFFFFFFFFFFFFFFFFFFFFFFFFFFFFFFFFFF80
:20604000FFFFFFFFFFFFFFFFFFFFFFFFFFFFFFFFFFFFFFFFFFFFFFFFFFFFFFFFFFFFFFFF60
:20606000FFFFFFFFFFFFFFFFFFFFFFFFFFFFFFFFFFFFFFFFFFFFFFFFFFFFFFFFFFFFFFFF40
:20608000FFFFFFFFFFFFFFFFFFFFFFFFFFFFFFFFFFFFFFFFFFFFFFFFFFFFFFFFFFFFFFFF20
:2060A000FFFFFFFFFFFFFFFFFFFFFFFFFFFFFFFFFFFFFFFFFFFFFFFFFFFFFFFFFFFFFFFF00
:2060C000FFFFFFFFFFFFFFFFFFFFFFFFFFFFFFFFFFFFFFFFFFFFFFFFFFFFFFFFFFFFFFFFE0
:2060E000FFFFFFFFFFFFFFFFFFFFFFFFFFFFFFFFFFFFFFFFFFFFFFFFFFFFFFFFFFFFFFFFC0
:20610000FFFFFFFFFFFFFFFFFFFFFFFFFFFFFFFFFFFFFFFFFFFFFFFFFFFFFFFFFFFFFFFF9F
:20612000FFFFFFFFFFFFFFFFFFFFFFFFFFFFFFFFFFFFFFFFFFFFFFFFFFFFFFFFFFFFFFFF7F
:20614000FFFFFFFFFFFFFFFFFFFFFFFFFFFFFFFFFFFFFFFFFFFFFFFFFFFFFFFFFFFFFFFF5F
:20616000FFFFFFFFFFFFFFFFFFFFFFFFFFFFFFFFFFFFFFFFFFFFFFFFFFFFFFFFFFFFFFFF3F
:20618000FFFFFFFFFFFFFFFFFFFFFFFFFFFFFFFFFFFFFFFFFFFFFFFFFFFFFFFFFFFFFFFF1F
:2061A000FFFFFFFFFFFFFFFFFFFFFFFFFFFFFFFFFFFFFFFFFFFFFFFFFFFFFFFFFFFFFFFFFF
:2061C000FFFFFFFFFFFFFFFFFFFFFFFFFFFFFFFFFFFFFFFFFFFFFFFFFFFFFFFFFFFFFFFFDF
:2061E000FFFFFFFFFFFFFFFFFFFFFFFFFFFFFFFFFFFFFFFFFFFFFFFFFFFFFFFFFFFFFFFFBF
:20620000FFFFFFFFFFFFFFFFFFFFFFFFFFFFFFFFFFFFFFFFFFFFFFFFFFFFFFFFFFFFFFFF9E
:20622000FFFFFFFFFFFFFFFFFFFFFFFFFFFFFFFFFFFFFFFFFFFFFFFFFFFFFFFFFFFFFFFF7E
:20624000FFFFFFFFFFFFFFFFFFFFFFFFFFFFFFFFFFFFFFFFFFFFFFFFFFFFFFFFFFFFFFFF5E
:20626000FFFFFFFFFFFFFFFFFFFFFFFFFFFFFFFFFFFFFFFFFFFFFFFFFFFFFFFFFFFFFFFF3E
:20628000FFFFFFFFFFFFFFFFFFFFFFFFFFFFFFFFFFFFFFFFFFFFFFFFFFFFFFFFFFFFFFFF1E
:2062A000FFFFFFFFFFFFFFFFFFFFFFFFFFFFFFFFFFFFFFFFFFFFFFFFFFFFFFFFFFFFFFFFFE
:2062C000FFFFFFFFFFFFFFFFFFFFFFFFFFFFFFFFFFFFFFFFFFFFFFFFFFFFFFFFFFFFFFFFDE
:2062E000FFFFFFFFFFFFFFFFFFFFFFFFFFFFFFFFFFFFFFFFFFFFFFFFFFFFFFFFFFFFFFFFBE
:20630000FFFFFFFFFFFFFFFFFFFFFFFFFFFFFFFFFFFFFFFFFFFFFFFFFFFFFFFFFFFFFFFF9D
:20632000FFFFFFFFFFFFFFFFFFFFFFFFFFFFFFFFFFFFFFFFFFFFFFFFFFFFFFFFFFFFFFFF7D
:20634000FFFFFFFFFFFFFFFFFFFFFFFFFFFFFFFFFFFFFFFFFFFFFFFFFFFFFFFFFFFFFFFF5D
:20636000FFFFFFFFFFFFFFFFFFFFFFFFFFFFFFFFFFFFFFFFFFFFFFFFFFFFFFFFFFFFFFFF3D
:20638000FFFFFFFFFFFFFFFFFFFFFFFFFFFFFFFFFFFFFFFFFFFFFFFFFFFFFFFFFFFFFFFF1D
:2063A000FFFFFFFFFFFFFFFFFFFFFFFFFFFFFFFFFFFFFFFFFFFFFFFFFFFFFFFFFFFFFFFFFD
:2063C000FFFFFFFFFFFFFFFFFFFFFFFFFFFFFFFFFFFFFFFFFFFFFFFFFFFFFFFFFFFFFFFFDD
:2063E000FFFFFFFFFFFFFFFFFFFFFFFFFFFFFFFFFFFFFFFFFFFFFFFFFFFFFFFFFFFFFFFFBD
:20640000FFFFFFFFFFFFFFFFFFFFFFFFFFFFFFFFFFFFFFFFFFFFFFFFFFFFFFFFFFFFFFFF9C
:20642000FFFFFFFFFFFFFFFFFFFFFFFFFFFFFFFFFFFFFFFFFFFFFFFFFFFFFFFFFFFFFFFF7C
:20644000FFFFFFFFFFFFFFFFFFFFFFFFFFFFFFFFFFFFFFFFFFFFFFFFFFFFFFFFFFFFFFFF5C
:20646000FFFFFFFFFFFFFFFFFFFFFFFFFFFFFFFFFFFFFFFFFFFFFFFFFFFFFFFFFFFFFFFF3C
:20648000FFFFFFFFFFFFFFFFFFFFFFFFFFFFFFFFFFFFFFFFFFFFFFFFFFFFFFFFFFFFFFFF1C
:2064A000FFFFFFFFFFFFFFFFFFFFFFFFFFFFFFFFFFFFFFFFFFFFFFFFFFFFFFFFFFFFFFFFFC
:2064C000FFFFFFFFFFFFFFFFFFFFFFFFFFFFFFFFFFFFFFFFFFFFFFFFFFFFFFFFFFFFFFFFDC
:2064E000FFFFFFFFFFFFFFFFFFFFFFFFFFFFFFFFFFFFFFFFFFFFFFFFFFFFFFFFFFFFFFFFBC
:20650000FFFFFFFFFFFFFFFFFFFFFFFFFFFFFFFFFFFFFFFFFFFFFFFFFFFFFFFFFFFFFFFF9B
:20652000FFFFFFFFFFFFFFFFFFFFFFFFFFFFFFFFFFFFFFFFFFFFFFFFFFFFFFFFFFFFFFFF7B
:20654000FFFFFFFFFFFFFFFFFFFFFFFFFFFFFFFFFFFFFFFFFFFFFFFFFFFFFFFFFFFFFFFF5B
:20656000FFFFFFFFFFFFFFFFFFFFFFFFFFFFFFFFFFFFFFFFFFFFFFFFFFFFFFFFFFFFFFFF3B
:20658000FFFFFFFFFFFFFFFFFFFFFFFFFFFFFFFFFFFFFFFFFFFFFFFFFFFFFFFFFFFFFFFF1B
:2065A000FFFFFFFFFFFFFFFFFFFFFFFFFFFFFFFFFFFFFFFFFFFFFFFFFFFFFFFFFFFFFFFFFB
:2065C000FFFFFFFFFFFFFFFFFFFFFFFFFFFFFFFFFFFFFFFFFFFFFFFFFFFFFFFFFFFFFFFFDB
:2065E000FFFFFFFFFFFFFFFFFFFFFFFFFFFFFFFFFFFFFFFFFFFFFFFFFFFFFFFFFFFFFFFFBB
:20660000FFFFFFFFFFFFFFFFFFFFFFFFFFFFFFFFFFFFFFFFFFFFFFFFFFFFFFFFFFFFFFFF9A
:20662000FFFFFFFFFFFFFFFFFFFFFFFFFFFFFFFFFFFFFFFFFFFFFFFFFFFFFFFFFFFFFFFF7A
:20664000FFFFFFFFFFFFFFFFFFFFFFFFFFFFFFFFFFFFFFFFFFFFFFFFFFFFFFFFFFFFFFFF5A
:20666000FFFFFFFFFFFFFFFFFFFFFFFFFFFFFFFFFFFFFFFFFFFFFFFFFFFFFFFFFFFFFFFF3A
:20668000FFFFFFFFFFFFFFFFFFFFFFFFFFFFFFFFFFFFFFFFFFFFFFFFFFFFFFFFFFFFFFFF1A
:2066A000FFFFFFFFFFFFFFFFFFFFFFFFFFFFFFFFFFFFFFFFFFFFFFFFFFFFFFFFFFFFFFFFFA
:2066C000FFFFFFFFFFFFFFFFFFFFFFFFFFFFFFFFFFFFFFFFFFFFFFFFFFFFFFFFFFFFFFFFDA
:2066E000FFFFFFFFFFFFFFFFFFFFFFFFFFFFFFFFFFFFFFFFFFFFFFFFFFFFFFFFFFFFFFFFBA
:20670000FFFFFFFFFFFFFFFFFFFFFFFFFFFFFFFFFFFFFFFFFFFFFFFFFFFFFFFFFFFFFFFF99
:20672000FFFFFFFFFFFFFFFFFFFFFFFFFFFFFFFFFFFFFFFFFFFFFFFFFFFFFFFFFFFFFFFF79
:20674000FFFFFFFFFFFFFFFFFFFFFFFFFFFFFFFFFFFFFFFFFFFFFFFFFFFFFFFFFFFFFFFF59
:20676000FFFFFFFFFFFFFFFFFFFFFFFFFFFFFFFFFFFFFFFFFFFFFFFFFFFFFFFFFFFFFFFF39
:20678000FFFFFFFFFFFFFFFFFFFFFFFFFFFFFFFFFFFFFFFFFFFFFFFFFFFFFFFFFFFFFFFF19
:2067A000FFFFFFFFFFFFFFFFFFFFFFFFFFFFFFFFFFFFFFFFFFFFFFFFFFFFFFFFFFFFFFFFF9
:2067C000FFFFFFFFFFFFFFFFFFFFFFFFFFFFFFFFFFFFFFFFFFFFFFFFFFFFFFFFFFFFFFFFD9
:2067E000FFFFFFFFFFFFFFFFFFFFFFFFFFFFFFFFFFFFFFFFFFFFFFFFFFFFFFFFFFFFFFFFB9
:20680000FFFFFFFFFFFFFFFFFFFFFFFFFFFFFFFFFFFFFFFFFFFFFFFFFFFFFFFFFFFFFFFF98
:20682000FFFFFFFFFFFFFFFFFFFFFFFFFFFFFFFFFFFFFFFFFFFFFFFFFFFFFFFFFFFFFFFF78
:20684000FFFFFFFFFFFFFFFFFFFFFFFFFFFFFFFFFFFFFFFFFFFFFFFFFFFFFFFFFFFFFFFF58
:20686000FFFFFFFFFFFFFFFFFFFFFFFFFFFFFFFFFFFFFFFFFFFFFFFFFFFFFFFFFFFFFFFF38
:20688000FFFFFFFFFFFFFFFFFFFFFFFFFFFFFFFFFFFFFFFFFFFFFFFFFFFFFFFFFFFFFFFF18
:2068A000FFFFFFFFFFFFFFFFFFFFFFFFFFFFFFFFFFFFFFFFFFFFFFFFFFFFFFFFFFFFFFFFF8
:2068C000FFFFFFFFFFFFFFFFFFFFFFFFFFFFFFFFFFFFFFFFFFFFFFFFFFFFFFFFFFFFFFFFD8
:2068E000FFFFFFFFFFFFFFFFFFFFFFFFFFFFFFFFFFFFFFFFFFFFFFFFFFFFFFFFFFFFFFFFB8
:20690000FFFFFFFFFFFFFFFFFFFFFFFFFFFFFFFFFFFFFFFFFFFFFFFFFFFFFFFFFFFFFFFF97
:20692000FFFFFFFFFFFFFFFFFFFFFFFFFFFFFFFFFFFFFFFFFFFFFFFFFFFFFFFFFFFFFFFF77
:20694000FFFFFFFFFFFFFFFFFFFFFFFFFFFFFFFFFFFFFFFFFFFFFFFFFFFFFFFFFFFFFFFF57
:20696000FFFFFFFFFFFFFFFFFFFFFFFFFFFFFFFFFFFFFFFFFFFFFFFFFFFFFFFFFFFFFFFF37
:20698000FFFFFFFFFFFFFFFFFFFFFFFFFFFFFFFFFFFFFFFFFFFFFFFFFFFFFFFFFFFFFFFF17
:2069A000FFFFFFFFFFFFFFFFFFFFFFFFFFFFFFFFFFFFFFFFFFFFFFFFFFFFFFFFFFFFFFFFF7
:2069C000FFFFFFFFFFFFFFFFFFFFFFFFFFFFFFFFFFFFFFFFFFFFFFFFFFFFFFFFFFFFFFFFD7
:2069E000FFFFFFFFFFFFFFFFFFFFFFFFFFFFFFFFFFFFFFFFFFFFFFFFFFFFFFFFFFFFFFFFB7
:206A0000FFFFFFFFFFFFFFFFFFFFFFFFFFFFFFFFFFFFFFFFFFFFFFFFFFFFFFFFFFFFFFFF96
:206A2000FFFFFFFFFFFFFFFFFFFFFFFFFFFFFFFFFFFFFFFFFFFFFFFFFFFFFFFFFFFFFFFF76
:206A4000FFFFFFFFFFFFFFFFFFFFFFFFFFFFFFFFFFFFFFFFFFFFFFFFFFFFFFFFFFFFFFFF56
:206A6000FFFFFFFFFFFFFFFFFFFFFFFFFFFFFFFFFFFFFFFFFFFFFFFFFFFFFFFFFFFFFFFF36
:206A8000FFFFFFFFFFFFFFFFFFFFFFFFFFFFFFFFFFFFFFFFFFFFFFFFFFFFFFFFFFFFFFFF16
:206AA000FFFFFFFFFFFFFFFFFFFFFFFFFFFFFFFFFFFFFFFFFFFFFFFFFFFFFFFFFFFFFFFFF6
:206AC000FFFFFFFFFFFFFFFFFFFFFFFFFFFFFFFFFFFFFFFFFFFFFFFFFFFFFFFFFFFFFFFFD6
:206AE000FFFFFFFFFFFFFFFFFFFFFFFFFFFFFFFFFFFFFFFFFFFFFFFFFFFFFFFFFFFFFFFFB6
:206B0000FFFFFFFFFFFFFFFFFFFFFFFFFFFFFFFFFFFFFFFFFFFFFFFFFFFFFFFFFFFFFFFF95
:206B2000FFFFFFFFFFFFFFFFFFFFFFFFFFFFFFFFFFFFFFFFFFFFFFFFFFFFFFFFFFFFFFFF75
:206B4000FFFFFFFFFFFFFFFFFFFFFFFFFFFFFFFFFFFFFFFFFFFFFFFFFFFFFFFFFFFFFFFF55
:206B6000FFFFFFFFFFFFFFFFFFFFFFFFFFFFFFFFFFFFFFFFFFFFFFFFFFFFFFFFFFFFFFFF35
:206B8000FFFFFFFFFFFFFFFFFFFFFFFFFFFFFFFFFFFFFFFFFFFFFFFFFFFFFFFFFFFFFFFF15
:206BA000FFFFFFFFFFFFFFFFFFFFFFFFFFFFFFFFFFFFFFFFFFFFFFFFFFFFFFFFFFFFFFFFF5
:206BC000FFFFFFFFFFFFFFFFFFFFFFFFFFFFFFFFFFFFFFFFFFFFFFFFFFFFFFFFFFFFFFFFD5
:206BE000FFFFFFFFFFFFFFFFFFFFFFFFFFFFFFFFFFFFFFFFFFFFFFFFFFFFFFFFFFFFFFFFB5
:206C0000FFFFFFFFFFFFFFFFFFFFFFFFFFFFFFFFFFFFFFFFFFFFFFFFFFFFFFFFFFFFFFFF94
:206C2000FFFFFFFFFFFFFFFFFFFFFFFFFFFFFFFFFFFFFFFFFFFFFFFFFFFFFFFFFFFFFFFF74
:206C4000FFFFFFFFFFFFFFFFFFFFFFFFFFFFFFFFFFFFFFFFFFFFFFFFFFFFFFFFFFFFFFFF54
:206C6000FFFFFFFFFFFFFFFFFFFFFFFFFFFFFFFFFFFFFFFFFFFFFFFFFFFFFFFFFFFFFFFF34
:206C8000FFFFFFFFFFFFFFFFFFFFFFFFFFFFFFFFFFFFFFFFFFFFFFFFFFFFFFFFFFFFFFFF14
:206CA000FFFFFFFFFFFFFFFFFFFFFFFFFFFFFFFFFFFFFFFFFFFFFFFFFFFFFFFFFFFFFFFFF4
:206CC000FFFFFFFFFFFFFFFFFFFFFFFFFFFFFFFFFFFFFFFFFFFFFFFFFFFFFFFFFFFFFFFFD4
:206CE000FFFFFFFFFFFFFFFFFFFFFFFFFFFFFFFFFFFFFFFFFFFFFFFFFFFFFFFFFFFFFFFFB4
:206D0000FFFFFFFFFFFFFFFFFFFFFFFFFFFFFFFFFFFFFFFFFFFFFFFFFFFFFFFFFFFFFFFF93
:206D2000FFFFFFFFFFFFFFFFFFFFFFFFFFFFFFFFFFFFFFFFFFFFFFFFFFFFFFFFFFFFFFFF73
:206D4000FFFFFFFFFFFFFFFFFFFFFFFFFFFFFFFFFFFFFFFFFFFFFFFFFFFFFFFFFFFFFFFF53
:206D6000FFFFFFFFFFFFFFFFFFFFFFFFFFFFFFFFFFFFFFFFFFFFFFFFFFFFFFFFFFFFFFFF33
:206D8000FFFFFFFFFFFFFFFFFFFFFFFFFFFFFFFFFFFFFFFFFFFFFFFFFFFFFFFFFFFFFFFF13
:206DA000FFFFFFFFFFFFFFFFFFFFFFFFFFFFFFFFFFFFFFFFFFFFFFFFFFFFFFFFFFFFFFFFF3
:206DC000FFFFFFFFFFFFFFFFFFFFFFFFFFFFFFFFFFFFFFFFFFFFFFFFFFFFFFFFFFFFFFFFD3
:206DE000FFFFFFFFFFFFFFFFFFFFFFFFFFFFFFFFFFFFFFFFFFFFFFFFFFFFFFFFFFFFFFFFB3
:206E0000FFFFFFFFFFFFFFFFFFFFFFFFFFFFFFFFFFFFFFFFFFFFFFFFFFFFFFFFFFFFFFFF92
:206E2000FFFFFFFFFFFFFFFFFFFFFFFFFFFFFFFFFFFFFFFFFFFFFFFFFFFFFFFFFFFFFFFF72
:206E4000FFFFFFFFFFFFFFFFFFFFFFFFFFFFFFFFFFFFFFFFFFFFFFFFFFFFFFFFFFFFFFFF52
:206E6000FFFFFFFFFFFFFFFFFFFFFFFFFFFFFFFFFFFFFFFFFFFFFFFFFFFFFFFFFFFFFFFF32
:206E8000FFFFFFFFFFFFFFFFFFFFFFFFFFFFFFFFFFFFFFFFFFFFFFFFFFFFFFFFFFFFFFFF12
:206EA000FFFFFFFFFFFFFFFFFFFFFFFFFFFFFFFFFFFFFFFFFFFFFFFFFFFFFFFFFFFFFFFFF2
:206EC000FFFFFFFFFFFFFFFFFFFFFFFFFFFFFFFFFFFFFFFFFFFFFFFFFFFFFFFFFFFFFFFFD2
:206EE000FFFFFFFFFFFFFFFFFFFFFFFFFFFFFFFFFFFFFFFFFFFFFFFFFFFFFFFFFFFFFFFFB2
:206F0000FFFFFFFFFFFFFFFFFFFFFFFFFFFFFFFFFFFFFFFFFFFFFFFFFFFFFFFFFFFFFFFF91
:206F2000FFFFFFFFFFFFFFFFFFFFFFFFFFFFFFFFFFFFFFFFFFFFFFFFFFFFFFFFFFFFFFFF71
:206F4000FFFFFFFFFFFFFFFFFFFFFFFFFFFFFFFFFFFFFFFFFFFFFFFFFFFFFFFFFFFFFFFF51
:206F6000FFFFFFFFFFFFFFFFFFFFFFFFFFFFFFFFFFFFFFFFFFFFFFFFFFFFFFFFFFFFFFFF31
:206F8000FFFFFFFFFFFFFFFFFFFFFFFFFFFFFFFFFFFFFFFFFFFFFFFFFFFFFFFFFFFFFFFF11
:206FA000FFFFFFFFFFFFFFFFFFFFFFFFFFFFFFFFFFFFFFFFFFFFFFFFFFFFFFFFFFFFFFFFF1
:206FC000FFFFFFFFFFFFFFFFFFFFFFFFFFFFFFFFFFFFFFFFFFFFFFFFFFFFFFFFFFFFFFFFD1
:206FE000FFFFFFFFFFFFFFFFFFFFFFFFFFFFFFFFFFFFFFFFFFFFFFFFFFFFFFFFFFFFFFFFB1
:20700000FFFFFFFFFFFFFFFFFFFFFFFFFFFFFFFFFFFFFFFFFFFFFFFFFFFFFFFFFFFFFFFF90
:20702000FFFFFFFFFFFFFFFFFFFFFFFFFFFFFFFFFFFFFFFFFFFFFFFFFFFFFFFFFFFFFFFF70
:20704000FFFFFFFFFFFFFFFFFFFFFFFFFFFFFFFFFFFFFFFFFFFFFFFFFFFFFFFFFFFFFFFF50
:20706000FFFFFFFFFFFFFFFFFFFFFFFFFFFFFFFFFFFFFFFFFFFFFFFFFFFFFFFFFFFFFFFF30
:20708000FFFFFFFFFFFFFFFFFFFFFFFFFFFFFFFFFFFFFFFFFFFFFFFFFFFFFFFFFFFFFFFF10
:2070A000FFFFFFFFFFFFFFFFFFFFFFFFFFFFFFFFFFFFFFFFFFFFFFFFFFFFFFFFFFFFFFFFF0
:2070C000FFFFFFFFFFFFFFFFFFFFFFFFFFFFFFFFFFFFFFFFFFFFFFFFFFFFFFFFFFFFFFFFD0
:2070E000FFFFFFFFFFFFFFFFFFFFFFFFFFFFFFFFFFFFFFFFFFFFFFFFFFFFFFFFFFFFFFFFB0
:20710000FFFFFFFFFFFFFFFFFFFFFFFFFFFFFFFFFFFFFFFFFFFFFFFFFFFFFFFFFFFFFFFF8F
:20712000FFFFFFFFFFFFFFFFFFFFFFFFFFFFFFFFFFFFFFFFFFFFFFFFFFFFFFFFFFFFFFFF6F
:20714000FFFFFFFFFFFFFFFFFFFFFFFFFFFFFFFFFFFFFFFFFFFFFFFFFFFFFFFFFFFFFFFF4F
:20716000FFFFFFFFFFFFFFFFFFFFFFFFFFFFFFFFFFFFFFFFFFFFFFFFFFFFFFFFFFFFFFFF2F
:20718000FFFFFFFFFFFFFFFFFFFFFFFFFFFFFFFFFFFFFFFFFFFFFFFFFFFFFFFFFFFFFFFF0F
:2071A000FFFFFFFFFFFFFFFFFFFFFFFFFFFFFFFFFFFFFFFFFFFFFFFFFFFFFFFFFFFFFFFFEF
:2071C000FFFFFFFFFFFFFFFFFFFFFFFFFFFFFFFFFFFFFFFFFFFFFFFFFFFFFFFFFFFFFFFFCF
:2071E000FFFFFFFFFFFFFFFFFFFFFFFFFFFFFFFFFFFFFFFFFFFFFFFFFFFFFFFFFFFFFFFFAF
:20720000FFFFFFFFFFFFFFFFFFFFFFFFFFFFFFFFFFFFFFFFFFFFFFFFFFFFFFFFFFFFFFFF8E
:20722000FFFFFFFFFFFFFFFFFFFFFFFFFFFFFFFFFFFFFFFFFFFFFFFFFFFFFFFFFFFFFFFF6E
:20724000FFFFFFFFFFFFFFFFFFFFFFFFFFFFFFFFFFFFFFFFFFFFFFFFFFFFFFFFFFFFFFFF4E
:20726000FFFFFFFFFFFFFFFFFFFFFFFFFFFFFFFFFFFFFFFFFFFFFFFFFFFFFFFFFFFFFFFF2E
:20728000FFFFFFFFFFFFFFFFFFFFFFFFFFFFFFFFFFFFFFFFFFFFFFFFFFFFFFFFFFFFFFFF0E
:2072A000FFFFFFFFFFFFFFFFFFFFFFFFFFFFFFFFFFFFFFFFFFFFFFFFFFFFFFFFFFFFFFFFEE
:2072C000FFFFFFFFFFFFFFFFFFFFFFFFFFFFFFFFFFFFFFFFFFFFFFFFFFFFFFFFFFFFFFFFCE
:2072E000FFFFFFFFFFFFFFFFFFFFFFFFFFFFFFFFFFFFFFFFFFFFFFFFFFFFFFFFFFFFFFFFAE
:20730000FFFFFFFFFFFFFFFFFFFFFFFFFFFFFFFFFFFFFFFFFFFFFFFFFFFFFFFFFFFFFFFF8D
:20732000FFFFFFFFFFFFFFFFFFFFFFFFFFFFFFFFFFFFFFFFFFFFFFFFFFFFFFFFFFFFFFFF6D
:20734000FFFFFFFFFFFFFFFFFFFFFFFFFFFFFFFFFFFFFFFFFFFFFFFFFFFFFFFFFFFFFFFF4D
:20736000FFFFFFFFFFFFFFFFFFFFFFFFFFFFFFFFFFFFFFFFFFFFFFFFFFFFFFFFFFFFFFFF2D
:20738000FFFFFFFFFFFFFFFFFFFFFFFFFFFFFFFFFFFFFFFFFFFFFFFFFFFFFFFFFFFFFFFF0D
:2073A000FFFFFFFFFFFFFFFFFFFFFFFFFFFFFFFFFFFFFFFFFFFFFFFFFFFFFFFFFFFFFFFFED
:2073C000FFFFFFFFFFFFFFFFFFFFFFFFFFFFFFFFFFFFFFFFFFFFFFFFFFFFFFFFFFFFFFFFCD
:2073E000FFFFFFFFFFFFFFFFFFFFFFFFFFFFFFFFFFFFFFFFFFFFFFFFFFFFFFFFFFFFFFFFAD
:20740000FFFFFFFFFFFFFFFFFFFFFFFFFFFFFFFFFFFFFFFFFFFFFFFFFFFFFFFFFFFFFFFF8C
:20742000FFFFFFFFFFFFFFFFFFFFFFFFFFFFFFFFFFFFFFFFFFFFFFFFFFFFFFFFFFFFFFFF6C
:20744000FFFFFFFFFFFFFFFFFFFFFFFFFFFFFFFFFFFFFFFFFFFFFFFFFFFFFFFFFFFFFFFF4C
:20746000FFFFFFFFFFFFFFFFFFFFFFFFFFFFFFFFFFFFFFFFFFFFFFFFFFFFFFFFFFFFFFFF2C
:20748000FFFFFFFFFFFFFFFFFFFFFFFFFFFFFFFFFFFFFFFFFFFFFFFFFFFFFFFFFFFFFFFF0C
:2074A000FFFFFFFFFFFFFFFFFFFFFFFFFFFFFFFFFFFFFFFFFFFFFFFFFFFFFFFFFFFFFFFFEC
:2074C000FFFFFFFFFFFFFFFFFFFFFFFFFFFFFFFFFFFFFFFFFFFFFFFFFFFFFFFFFFFFFFFFCC
:2074E000FFFFFFFFFFFFFFFFFFFFFFFFFFFFFFFFFFFFFFFFFFFFFFFFFFFFFFFFFFFFFFFFAC
:20750000FFFFFFFFFFFFFFFFFFFFFFFFFFFFFFFFFFFFFFFFFFFFFFFFFFFFFFFFFFFFFFFF8B
:20752000FFFFFFFFFFFFFFFFFFFFFFFFFFFFFFFFFFFFFFFFFFFFFFFFFFFFFFFFFFFFFFFF6B
:20754000FFFFFFFFFFFFFFFFFFFFFFFFFFFFFFFFFFFFFFFFFFFFFFFFFFFFFFFFFFFFFFFF4B
:20756000FFFFFFFFFFFFFFFFFFFFFFFFFFFFFFFFFFFFFFFFFFFFFFFFFFFFFFFFFFFFFFFF2B
:20758000FFFFFFFFFFFFFFFFFFFFFFFFFFFFFFFFFFFFFFFFFFFFFFFFFFFFFFFFFFFFFFFF0B
:2075A000FFFFFFFFFFFFFFFFFFFFFFFFFFFFFFFFFFFFFFFFFFFFFFFFFFFFFFFFFFFFFFFFEB
:2075C000FFFFFFFFFFFFFFFFFFFFFFFFFFFFFFFFFFFFFFFFFFFFFFFFFFFFFFFFFFFFFFFFCB
:2075E000FFFFFFFFFFFFFFFFFFFFFFFFFFFFFFFFFFFFFFFFFFFFFFFFFFFFFFFFFFFFFFFFAB
:20760000FFFFFFFFFFFFFFFFFFFFFFFFFFFFFFFFFFFFFFFFFFFFFFFFFFFFFFFFFFFFFFFF8A
:20762000FFFFFFFFFFFFFFFFFFFFFFFFFFFFFFFFFFFFFFFFFFFFFFFFFFFFFFFFFFFFFFFF6A
:20764000FFFFFFFFFFFFFFFFFFFFFFFFFFFFFFFFFFFFFFFFFFFFFFFFFFFFFFFFFFFFFFFF4A
:20766000FFFFFFFFFFFFFFFFFFFFFFFFFFFFFFFFFFFFFFFFFFFFFFFFFFFFFFFFFFFFFFFF2A
:20768000FFFFFFFFFFFFFFFFFFFFFFFFFFFFFFFFFFFFFFFFFFFFFFFFFFFFFFFFFFFFFFFF0A
:2076A000FFFFFFFFFFFFFFFFFFFFFFFFFFFFFFFFFFFFFFFFFFFFFFFFFFFFFFFFFFFFFFFFEA
:2076C000FFFFFFFFFFFFFFFFFFFFFFFFFFFFFFFFFFFFFFFFFFFFFFFFFFFFFFFFFFFFFFFFCA
:2076E000FFFFFFFFFFFFFFFFFFFFFFFFFFFFFFFFFFFFFFFFFFFFFFFFFFFFFFFFFFFFFFFFAA
:20770000FFFFFFFFFFFFFFFFFFFFFFFFFFFFFFFFFFFFFFFFFFFFFFFFFFFFFFFFFFFFFFFF89
:20772000FFFFFFFFFFFFFFFFFFFFFFFFFFFFFFFFFFFFFFFFFFFFFFFFFFFFFFFFFFFFFFFF69
:20774000FFFFFFFFFFFFFFFFFFFFFFFFFFFFFFFFFFFFFFFFFFFFFFFFFFFFFFFFFFFFFFFF49
:20776000FFFFFFFFFFFFFFFFFFFFFFFFFFFFFFFFFFFFFFFFFFFFFFFFFFFFFFFFFFFFFFFF29
:20778000FFFFFFFFFFFFFFFFFFFFFFFFFFFFFFFFFFFFFFFFFFFFFFFFFFFFFFFFFFFFFFFF09
:2077A000FFFFFFFFFFFFFFFFFFFFFFFFFFFFFFFFFFFFFFFFFFFFFFFFFFFFFFFFFFFFFFFFE9
:2077C000FFFFFFFFFFFFFFFFFFFFFFFFFFFFFFFFFFFFFFFFFFFFFFFFFFFFFFFFFFFFFFFFC9
:2077E000FFFFFFFFFFFFFFFFFFFFFFFFFFFFFFFFFFFFFFFFFFFFFFFFFFFFFFFFFFFFFFFFA9
:20780000FFFFFFFFFFFFFFFFFFFFFFFFFFFFFFFFFFFFFFFFFFFFFFFFFFFFFFFFFFFFFFFF88
:20782000FFFFFFFFFFFFFFFFFFFFFFFFFFFFFFFFFFFFFFFFFFFFFFFFFFFFFFFFFFFFFFFF68
:20784000FFFFFFFFFFFFFFFFFFFFFFFFFFFFFFFFFFFFFFFFFFFFFFFFFFFFFFFFFFFFFFFF48
:20786000FFFFFFFFFFFFFFFFFFFFFFFFFFFFFFFFFFFFFFFFFFFFFFFFFFFFFFFFFFFFFFFF28
:20788000FFFFFFFFFFFFFFFFFFFFFFFFFFFFFFFFFFFFFFFFFFFFFFFFFFFFFFFFFFFFFFFF08
:2078A000FFFFFFFFFFFFFFFFFFFFFFFFFFFFFFFFFFFFFFFFFFFFFFFFFFFFFFFFFFFFFFFFE8
:2078C000FFFFFFFFFFFFFFFFFFFFFFFFFFFFFFFFFFFFFFFFFFFFFFFFFFFFFFFFFFFFFFFFC8
:2078E000FFFFFFFFFFFFFFFFFFFFFFFFFFFFFFFFFFFFFFFFFFFFFFFFFFFFFFFFFFFFFFFFA8
:20790000FFFFFFFFFFFFFFFFFFFFFFFFFFFFFFFFFFFFFFFFFFFFFFFFFFFFFFFFFFFFFFFF87
:20792000FFFFFFFFFFFFFFFFFFFFFFFFFFFFFFFFFFFFFFFFFFFFFFFFFFFFFFFFFFFFFFFF67
:20794000FFFFFFFFFFFFFFFFFFFFFFFFFFFFFFFFFFFFFFFFFFFFFFFFFFFFFFFFFFFFFFFF47
:20796000FFFFFFFFFFFFFFFFFFFFFFFFFFFFFFFFFFFFFFFFFFFFFFFFFFFFFFFFFFFFFFFF27
:20798000FFFFFFFFFFFFFFFFFFFFFFFFFFFFFFFFFFFFFFFFFFFFFFFFFFFFFFFFFFFFFFFF07
:2079A000FFFFFFFFFFFFFFFFFFFFFFFFFFFFFFFFFFFFFFFFFFFFFFFFFFFFFFFFFFFFFFFFE7
:2079C000FFFFFFFFFFFFFFFFFFFFFFFFFFFFFFFFFFFFFFFFFFFFFFFFFFFFFFFFFFFFFFFFC7
:2079E000FFFFFFFFFFFFFFFFFFFFFFFFFFFFFFFFFFFFFFFFFFFFFFFFFFFFFFFFFFFFFFFFA7
:207A0000FFFFFFFFFFFFFFFFFFFFFFFFFFFFFFFFFFFFFFFFFFFFFFFFFFFFFFFFFFFFFFFF86
:207A2000FFFFFFFFFFFFFFFFFFFFFFFFFFFFFFFFFFFFFFFFFFFFFFFFFFFFFFFFFFFFFFFF66
:207A4000FFFFFFFFFFFFFFFFFFFFFFFFFFFFFFFFFFFFFFFFFFFFFFFFFFFFFFFFFFFFFFFF46
:207A6000FFFFFFFFFFFFFFFFFFFFFFFFFFFFFFFFFFFFFFFFFFFFFFFFFFFFFFFFFFFFFFFF26
:207A8000FFFFFFFFFFFFFFFFFFFFFFFFFFFFFFFFFFFFFFFFFFFFFFFFFFFFFFFFFFFFFFFF06
:207AA000FFFFFFFFFFFFFFFFFFFFFFFFFFFFFFFFFFFFFFFFFFFFFFFFFFFFFFFFFFFFFFFFE6
:207AC000FFFFFFFFFFFFFFFFFFFFFFFFFFFFFFFFFFFFFFFFFFFFFFFFFFFFFFFFFFFFFFFFC6
:207AE000FFFFFFFFFFFFFFFFFFFFFFFFFFFFFFFFFFFFFFFFFFFFFFFFFFFFFFFFFFFFFFFFA6
:207B0000FFFFFFFFFFFFFFFFFFFFFFFFFFFFFFFFFFFFFFFFFFFFFFFFFFFFFFFFFFFFFFFF85
:207B2000FFFFFFFFFFFFFFFFFFFFFFFFFFFFFFFFFFFFFFFFFFFFFFFFFFFFFFFFFFFFFFFF65
:207B4000FFFFFFFFFFFFFFFFFFFFFFFFFFFFFFFFFFFFFFFFFFFFFFFFFFFFFFFFFFFFFFFF45
:207B6000FFFFFFFFFFFFFFFFFFFFFFFFFFFFFFFFFFFFFFFFFFFFFFFFFFFFFFFFFFFFFFFF25
:207B8000FFFFFFFFFFFFFFFFFFFFFFFFFFFFFFFFFFFFFFFFFFFFFFFFFFFFFFFFFFFFFFFF05
:207BA000FFFFFFFFFFFFFFFFFFFFFFFFFFFFFFFFFFFFFFFFFFFFFFFFFFFFFFFFFFFFFFFFE5
:207BC000FFFFFFFFFFFFFFFFFFFFFFFFFFFFFFFFFFFFFFFFFFFFFFFFFFFFFFFFFFFFFFFFC5
:207BE000FFFFFFFFFFFFFFFFFFFFFFFFFFFFFFFFFFFFFFFFFFFFFFFFFFFFFFFFFFFFFFFFA5
:207C0000FFFFFFFFFFFFFFFFFFFFFFFFFFFFFFFFFFFFFFFFFFFFFFFFFFFFFFFFFFFFFFFF84
:207C2000FFFFFFFFFFFFFFFFFFFFFFFFFFFFFFFFFFFFFFFFFFFFFFFFFFFFFFFFFFFFFFFF64
:207C4000FFFFFFFFFFFFFFFFFFFFFFFFFFFFFFFFFFFFFFFFFFFFFFFFFFFFFFFFFFFFFFFF44
:207C6000FFFFFFFFFFFFFFFFFFFFFFFFFFFFFFFFFFFFFFFFFFFFFFFFFFFFFFFFFFFFFFFF24
:207C8000FFFFFFFFFFFFFFFFFFFFFFFFFFFFFFFFFFFFFFFFFFFFFFFFFFFFFFFFFFFFFFFF04
:207CA000FFFFFFFFFFFFFFFFFFFFFFFFFFFFFFFFFFFFFFFFFFFFFFFFFFFFFFFFFFFFFFFFE4
:207CC000FFFFFFFFFFFFFFFFFFFFFFFFFFFFFFFFFFFFFFFFFFFFFFFFFFFFFFFFFFFFFFFFC4
:207CE000FFFFFFFFFFFFFFFFFFFFFFFFFFFFFFFFFFFFFFFFFFFFFFFFFFFFFFFFFFFFFFFFA4
:207D0000FFFFFFFFFFFFFFFFFFFFFFFFFFFFFFFFFFFFFFFFFFFFFFFFFFFFFFFFFFFFFFFF83
:207D2000FFFFFFFFFFFFFFFFFFFFFFFFFFFFFFFFFFFFFFFFFFFFFFFFFFFFFFFFFFFFFFFF63
:207D4000FFFFFFFFFFFFFFFFFFFFFFFFFFFFFFFFFFFFFFFFFFFFFFFFFFFFFFFFFFFFFFFF43
:207D6000FFFFFFFFFFFFFFFFFFFFFFFFFFFFFFFFFFFFFFFFFFFFFFFFFFFFFFFFFFFFFFFF23
:207D8000FFFFFFFFFFFFFFFFFFFFFFFFFFFFFFFFFFFFFFFFFFFFFFFFFFFFFFFFFFFFFFFF03
:207DA000FFFFFFFFFFFFFFFFFFFFFFFFFFFFFFFFFFFFFFFFFFFFFFFFFFFFFFFFFFFFFFFFE3
:207DC000FFFFFFFFFFFFFFFFFFFFFFFFFFFFFFFFFFFFFFFFFFFFFFFFFFFFFFFFFFFFFFFFC3
:207DE000FFFFFFFFFFFFFFFFFFFFFFFFFFFFFFFFFFFFFFFFFFFFFFFFFFFFFFFFFFFFFFFFA3
:207E0000FFFFFFFFFFFFFFFFFFFFFFFFFFFFFFFFFFFFFFFFFFFFFFFFFFFFFFFFFFFFFFFF82
:207E2000FFFFFFFFFFFFFFFFFFFFFFFFFFFFFFFFFFFFFFFFFFFFFFFFFFFFFFFFFFFFFFFF62
:207E4000FFFFFFFFFFFFFFFFFFFFFFFFFFFFFFFFFFFFFFFFFFFFFFFFFFFFFFFFFFFFFFFF42
:207E6000FFFFFFFFFFFFFFFFFFFFFFFFFFFFFFFFFFFFFFFFFFFFFFFFFFFFFFFFFFFFFFFF22
:207E8000FFFFFFFFFFFFFFFFFFFFFFFFFFFFFFFFFFFFFFFFFFFFFFFFFFFFFFFFFFFFFFFF02
:207EA000FFFFFFFFFFFFFFFFFFFFFFFFFFFFFFFFFFFFFFFFFFFFFFFFFFFFFFFFFFFFFFFFE2
:207EC000FFFFFFFFFFFFFFFFFFFFFFFFFFFFFFFFFFFFFFFFFFFFFFFFFFFFFFFFFFFFFFFFC2
:207EE000FFFFFFFFFFFFFFFFFFFFFFFFFFFFFFFFFFFFFFFFFFFFFFFFFFFFFFFFFFFFFFFFA2
:207F0000FFFFFFFFFFFFFFFFFFFFFFFFFFFFFFFFFFFFFFFFFFFFFFFFFFFFFFFFFFFFFFFF81
:207F2000FFFFFFFFFFFFFFFFFFFFFFFFFFFFFFFFFFFFFFFFFFFFFFFFFFFFFFFFFFFFFFFF61
:207F4000FFFFFFFFFFFFFFFFFFFFFFFFFFFFFFFFFFFFFFFFFFFFFFFFFFFFFFFFFFFFFFFF41
:207F6000FFFFFFFFFFFFFFFFFFFFFFFFFFFFFFFFFFFFFFFFFFFFFFFFFFFFFFFFFFFFFFFF21
:207F8000FFFFFFFFFFFFFFFFFFFFFFFFFFFFFFFFFFFFFFFFFFFFFFFFFFFFFFFFFFFFFFFF01
:207FA000FFFFFFFFFFFFFFFFFFFFFFFFFFFFFFFFFFFFFFFFFFFFFFFFFFFFFFFFFFFFFFFFE1
:207FC000FFFFFFFFFFFFFFFFFFFFFFFFFFFFFFFFFFFFFFFFFFFFFFFFFFFFFFFFFFFFFFFFC1
:207FE000FFFFFFFFFFFFFFFFFFFFFFFFFFFFFFFFFFFFFFFFFFFFFFFFFFFFFFFFFFFFFFFFA1
:20800000FFFFFFFFFFFFFFFFFFFFFFFFFFFFFFFFFFFFFFFFFFFFFFFFFFFFFFFFFFFFFFFF80
:20802000FFFFFFFFFFFFFFFFFFFFFFFFFFFFFFFFFFFFFFFFFFFFFFFFFFFFFFFFFFFFFFFF60
:20804000FFFFFFFFFFFFFFFFFFFFFFFFFFFFFFFFFFFFFFFFFFFFFFFFFFFFFFFFFFFFFFFF40
:20806000FFFFFFFFFFFFFFFFFFFFFFFFFFFFFFFFFFFFFFFFFFFFFFFFFFFFFFFFFFFFFFFF20
:20808000FFFFFFFFFFFFFFFFFFFFFFFFFFFFFFFFFFFFFFFFFFFFFFFFFFFFFFFFFFFFFFFF00
:2080A000FFFFFFFFFFFFFFFFFFFFFFFFFFFFFFFFFFFFFFFFFFFFFFFFFFFFFFFFFFFFFFFFE0
:2080C000FFFFFFFFFFFFFFFFFFFFFFFFFFFFFFFFFFFFFFFFFFFFFFFFFFFFFFFFFFFFFFFFC0
:2080E000FFFFFFFFFFFFFFFFFFFFFFFFFFFFFFFFFFFFFFFFFFFFFFFFFFFFFFFFFFFFFFFFA0
:20810000FFFFFFFFFFFFFFFFFFFFFFFFFFFFFFFFFFFFFFFFFFFFFFFFFFFFFFFFFFFFFFFF7F
:20812000FFFFFFFFFFFFFFFFFFFFFFFFFFFFFFFFFFFFFFFFFFFFFFFFFFFFFFFFFFFFFFFF5F
:20814000FFFFFFFFFFFFFFFFFFFFFFFFFFFFFFFFFFFFFFFFFFFFFFFFFFFFFFFFFFFFFFFF3F
:20816000FFFFFFFFFFFFFFFFFFFFFFFFFFFFFFFFFFFFFFFFFFFFFFFFFFFFFFFFFFFFFFFF1F
:20818000FFFFFFFFFFFFFFFFFFFFFFFFFFFFFFFFFFFFFFFFFFFFFFFFFFFFFFFFFFFFFFFFFF
:2081A000FFFFFFFFFFFFFFFFFFFFFFFFFFFFFFFFFFFFFFFFFFFFFFFFFFFFFFFFFFFFFFFFDF
:2081C000FFFFFFFFFFFFFFFFFFFFFFFFFFFFFFFFFFFFFFFFFFFFFFFFFFFFFFFFFFFFFFFFBF
:2081E000FFFFFFFFFFFFFFFFFFFFFFFFFFFFFFFFFFFFFFFFFFFFFFFFFFFFFFFFFFFFFFFF9F
:20820000FFFFFFFFFFFFFFFFFFFFFFFFFFFFFFFFFFFFFFFFFFFFFFFFFFFFFFFFFFFFFFFF7E
:20822000FFFFFFFFFFFFFFFFFFFFFFFFFFFFFFFFFFFFFFFFFFFFFFFFFFFFFFFFFFFFFFFF5E
:20824000FFFFFFFFFFFFFFFFFFFFFFFFFFFFFFFFFFFFFFFFFFFFFFFFFFFFFFFFFFFFFFFF3E
:20826000FFFFFFFFFFFFFFFFFFFFFFFFFFFFFFFFFFFFFFFFFFFFFFFFFFFFFFFFFFFFFFFF1E
:20828000FFFFFFFFFFFFFFFFFFFFFFFFFFFFFFFFFFFFFFFFFFFFFFFFFFFFFFFFFFFFFFFFFE
:2082A000FFFFFFFFFFFFFFFFFFFFFFFFFFFFFFFFFFFFFFFFFFFFFFFFFFFFFFFFFFFFFFFFDE
:2082C000FFFFFFFFFFFFFFFFFFFFFFFFFFFFFFFFFFFFFFFFFFFFFFFFFFFFFFFFFFFFFFFFBE
:2082E000FFFFFFFFFFFFFFFFFFFFFFFFFFFFFFFFFFFFFFFFFFFFFFFFFFFFFFFFFFFFFFFF9E
:20830000FFFFFFFFFFFFFFFFFFFFFFFFFFFFFFFFFFFFFFFFFFFFFFFFFFFFFFFFFFFFFFFF7D
:20832000FFFFFFFFFFFFFFFFFFFFFFFFFFFFFFFFFFFFFFFFFFFFFFFFFFFFFFFFFFFFFFFF5D
:20834000FFFFFFFFFFFFFFFFFFFFFFFFFFFFFFFFFFFFFFFFFFFFFFFFFFFFFFFFFFFFFFFF3D
:20836000FFFFFFFFFFFFFFFFFFFFFFFFFFFFFFFFFFFFFFFFFFFFFFFFFFFFFFFFFFFFFFFF1D
:20838000FFFFFFFFFFFFFFFFFFFFFFFFFFFFFFFFFFFFFFFFFFFFFFFFFFFFFFFFFFFFFFFFFD
:2083A000FFFFFFFFFFFFFFFFFFFFFFFFFFFFFFFFFFFFFFFFFFFFFFFFFFFFFFFFFFFFFFFFDD
:2083C000FFFFFFFFFFFFFFFFFFFFFFFFFFFFFFFFFFFFFFFFFFFFFFFFFFFFFFFFFFFFFFFFBD
:2083E000FFFFFFFFFFFFFFFFFFFFFFFFFFFFFFFFFFFFFFFFFFFFFFFFFFFFFFFFFFFFFFFF9D
:20840000FFFFFFFFFFFFFFFFFFFFFFFFFFFFFFFFFFFFFFFFFFFFFFFFFFFFFFFFFFFFFFFF7C
:20842000FFFFFFFFFFFFFFFFFFFFFFFFFFFFFFFFFFFFFFFFFFFFFFFFFFFFFFFFFFFFFFFF5C
:20844000FFFFFFFFFFFFFFFFFFFFFFFFFFFFFFFFFFFFFFFFFFFFFFFFFFFFFFFFFFFFFFFF3C
:20846000FFFFFFFFFFFFFFFFFFFFFFFFFFFFFFFFFFFFFFFFFFFFFFFFFFFFFFFFFFFFFFFF1C
:20848000FFFFFFFFFFFFFFFFFFFFFFFFFFFFFFFFFFFFFFFFFFFFFFFFFFFFFFFFFFFFFFFFFC
:2084A000FFFFFFFFFFFFFFFFFFFFFFFFFFFFFFFFFFFFFFFFFFFFFFFFFFFFFFFFFFFFFFFFDC
:2084C000FFFFFFFFFFFFFFFFFFFFFFFFFFFFFFFFFFFFFFFFFFFFFFFFFFFFFFFFFFFFFFFFBC
:2084E000FFFFFFFFFFFFFFFFFFFFFFFFFFFFFFFFFFFFFFFFFFFFFFFFFFFFFFFFFFFFFFFF9C
:20850000FFFFFFFFFFFFFFFFFFFFFFFFFFFFFFFFFFFFFFFFFFFFFFFFFFFFFFFFFFFFFFFF7B
:20852000FFFFFFFFFFFFFFFFFFFFFFFFFFFFFFFFFFFFFFFFFFFFFFFFFFFFFFFFFFFFFFFF5B
:20854000FFFFFFFFFFFFFFFFFFFFFFFFFFFFFFFFFFFFFFFFFFFFFFFFFFFFFFFFFFFFFFFF3B
:20856000FFFFFFFFFFFFFFFFFFFFFFFFFFFFFFFFFFFFFFFFFFFFFFFFFFFFFFFFFFFFFFFF1B
:20858000FFFFFFFFFFFFFFFFFFFFFFFFFFFFFFFFFFFFFFFFFFFFFFFFFFFFFFFFFFFFFFFFFB
:2085A000FFFFFFFFFFFFFFFFFFFFFFFFFFFFFFFFFFFFFFFFFFFFFFFFFFFFFFFFFFFFFFFFDB
:2085C000FFFFFFFFFFFFFFFFFFFFFFFFFFFFFFFFFFFFFFFFFFFFFFFFFFFFFFFFFFFFFFFFBB
:2085E000FFFFFFFFFFFFFFFFFFFFFFFFFFFFFFFFFFFFFFFFFFFFFFFFFFFFFFFFFFFFFFFF9B
:20860000FFFFFFFFFFFFFFFFFFFFFFFFFFFFFFFFFFFFFFFFFFFFFFFFFFFFFFFFFFFFFFFF7A
:20862000FFFFFFFFFFFFFFFFFFFFFFFFFFFFFFFFFFFFFFFFFFFFFFFFFFFFFFFFFFFFFFFF5A
:20864000FFFFFFFFFFFFFFFFFFFFFFFFFFFFFFFFFFFFFFFFFFFFFFFFFFFFFFFFFFFFFFFF3A
:20866000FFFFFFFFFFFFFFFFFFFFFFFFFFFFFFFFFFFFFFFFFFFFFFFFFFFFFFFFFFFFFFFF1A
:20868000FFFFFFFFFFFFFFFFFFFFFFFFFFFFFFFFFFFFFFFFFFFFFFFFFFFFFFFFFFFFFFFFFA
:2086A000FFFFFFFFFFFFFFFFFFFFFFFFFFFFFFFFFFFFFFFFFFFFFFFFFFFFFFFFFFFFFFFFDA
:2086C000FFFFFFFFFFFFFFFFFFFFFFFFFFFFFFFFFFFFFFFFFFFFFFFFFFFFFFFFFFFFFFFFBA
:2086E000FFFFFFFFFFFFFFFFFFFFFFFFFFFFFFFFFFFFFFFFFFFFFFFFFFFFFFFFFFFFFFFF9A
:20870000FFFFFFFFFFFFFFFFFFFFFFFFFFFFFFFFFFFFFFFFFFFFFFFFFFFFFFFFFFFFFFFF79
:20872000FFFFFFFFFFFFFFFFFFFFFFFFFFFFFFFFFFFFFFFFFFFFFFFFFFFFFFFFFFFFFFFF59
:20874000FFFFFFFFFFFFFFFFFFFFFFFFFFFFFFFFFFFFFFFFFFFFFFFFFFFFFFFFFFFFFFFF39
:20876000FFFFFFFFFFFFFFFFFFFFFFFFFFFFFFFFFFFFFFFFFFFFFFFFFFFFFFFFFFFFFFFF19
:20878000FFFFFFFFFFFFFFFFFFFFFFFFFFFFFFFFFFFFFFFFFFFFFFFFFFFFFFFFFFFFFFFFF9
:2087A000FFFFFFFFFFFFFFFFFFFFFFFFFFFFFFFFFFFFFFFFFFFFFFFFFFFFFFFFFFFFFFFFD9
:2087C000FFFFFFFFFFFFFFFFFFFFFFFFFFFFFFFFFFFFFFFFFFFFFFFFFFFFFFFFFFFFFFFFB9
:2087E000FFFFFFFFFFFFFFFFFFFFFFFFFFFFFFFFFFFFFFFFFFFFFFFFFFFFFFFFFFFFFFFF99
:20880000FFFFFFFFFFFFFFFFFFFFFFFFFFFFFFFFFFFFFFFFFFFFFFFFFFFFFFFFFFFFFFFF78
:20882000FFFFFFFFFFFFFFFFFFFFFFFFFFFFFFFFFFFFFFFFFFFFFFFFFFFFFFFFFFFFFFFF58
:20884000FFFFFFFFFFFFFFFFFFFFFFFFFFFFFFFFFFFFFFFFFFFFFFFFFFFFFFFFFFFFFFFF38
:20886000FFFFFFFFFFFFFFFFFFFFFFFFFFFFFFFFFFFFFFFFFFFFFFFFFFFFFFFFFFFFFFFF18
:20888000FFFFFFFFFFFFFFFFFFFFFFFFFFFFFFFFFFFFFFFFFFFFFFFFFFFFFFFFFFFFFFFFF8
:2088A000FFFFFFFFFFFFFFFFFFFFFFFFFFFFFFFFFFFFFFFFFFFFFFFFFFFFFFFFFFFFFFFFD8
:2088C000FFFFFFFFFFFFFFFFFFFFFFFFFFFFFFFFFFFFFFFFFFFFFFFFFFFFFFFFFFFFFFFFB8
:2088E000FFFFFFFFFFFFFFFFFFFFFFFFFFFFFFFFFFFFFFFFFFFFFFFFFFFFFFFFFFFFFFFF98
:20890000FFFFFFFFFFFFFFFFFFFFFFFFFFFFFFFFFFFFFFFFFFFFFFFFFFFFFFFFFFFFFFFF77
:20892000FFFFFFFFFFFFFFFFFFFFFFFFFFFFFFFFFFFFFFFFFFFFFFFFFFFFFFFFFFFFFFFF57
:20894000FFFFFFFFFFFFFFFFFFFFFFFFFFFFFFFFFFFFFFFFFFFFFFFFFFFFFFFFFFFFFFFF37
:20896000FFFFFFFFFFFFFFFFFFFFFFFFFFFFFFFFFFFFFFFFFFFFFFFFFFFFFFFFFFFFFFFF17
:20898000FFFFFFFFFFFFFFFFFFFFFFFFFFFFFFFFFFFFFFFFFFFFFFFFFFFFFFFFFFFFFFFFF7
:2089A000FFFFFFFFFFFFFFFFFFFFFFFFFFFFFFFFFFFFFFFFFFFFFFFFFFFFFFFFFFFFFFFFD7
:2089C000FFFFFFFFFFFFFFFFFFFFFFFFFFFFFFFFFFFFFFFFFFFFFFFFFFFFFFFFFFFFFFFFB7
:2089E000FFFFFFFFFFFFFFFFFFFFFFFFFFFFFFFFFFFFFFFFFFFFFFFFFFFFFFFFFFFFFFFF97
:208A0000FFFFFFFFFFFFFFFFFFFFFFFFFFFFFFFFFFFFFFFFFFFFFFFFFFFFFFFFFFFFFFFF76
:208A2000FFFFFFFFFFFFFFFFFFFFFFFFFFFFFFFFFFFFFFFFFFFFFFFFFFFFFFFFFFFFFFFF56
:208A4000FFFFFFFFFFFFFFFFFFFFFFFFFFFFFFFFFFFFFFFFFFFFFFFFFFFFFFFFFFFFFFFF36
:208A6000FFFFFFFFFFFFFFFFFFFFFFFFFFFFFFFFFFFFFFFFFFFFFFFFFFFFFFFFFFFFFFFF16
:208A8000FFFFFFFFFFFFFFFFFFFFFFFFFFFFFFFFFFFFFFFFFFFFFFFFFFFFFFFFFFFFFFFFF6
:208AA000FFFFFFFFFFFFFFFFFFFFFFFFFFFFFFFFFFFFFFFFFFFFFFFFFFFFFFFFFFFFFFFFD6
:208AC000FFFFFFFFFFFFFFFFFFFFFFFFFFFFFFFFFFFFFFFFFFFFFFFFFFFFFFFFFFFFFFFFB6
:208AE000FFFFFFFFFFFFFFFFFFFFFFFFFFFFFFFFFFFFFFFFFFFFFFFFFFFFFFFFFFFFFFFF96
:208B0000FFFFFFFFFFFFFFFFFFFFFFFFFFFFFFFFFFFFFFFFFFFFFFFFFFFFFFFFFFFFFFFF75
:208B2000FFFFFFFFFFFFFFFFFFFFFFFFFFFFFFFFFFFFFFFFFFFFFFFFFFFFFFFFFFFFFFFF55
:208B4000FFFFFFFFFFFFFFFFFFFFFFFFFFFFFFFFFFFFFFFFFFFFFFFFFFFFFFFFFFFFFFFF35
:208B6000FFFFFFFFFFFFFFFFFFFFFFFFFFFFFFFFFFFFFFFFFFFFFFFFFFFFFFFFFFFFFFFF15
:208B8000FFFFFFFFFFFFFFFFFFFFFFFFFFFFFFFFFFFFFFFFFFFFFFFFFFFFFFFFFFFFFFFFF5
:208BA000FFFFFFFFFFFFFFFFFFFFFFFFFFFFFFFFFFFFFFFFFFFFFFFFFFFFFFFFFFFFFFFFD5
:208BC000FFFFFFFFFFFFFFFFFFFFFFFFFFFFFFFFFFFFFFFFFFFFFFFFFFFFFFFFFFFFFFFFB5
:208BE000FFFFFFFFFFFFFFFFFFFFFFFFFFFFFFFFFFFFFFFFFFFFFFFFFFFFFFFFFFFFFFFF95
:208C0000FFFFFFFFFFFFFFFFFFFFFFFFFFFFFFFFFFFFFFFFFFFFFFFFFFFFFFFFFFFFFFFF74
:208C2000FFFFFFFFFFFFFFFFFFFFFFFFFFFFFFFFFFFFFFFFFFFFFFFFFFFFFFFFFFFFFFFF54
:208C4000FFFFFFFFFFFFFFFFFFFFFFFFFFFFFFFFFFFFFFFFFFFFFFFFFFFFFFFFFFFFFFFF34
:208C6000FFFFFFFFFFFFFFFFFFFFFFFFFFFFFFFFFFFFFFFFFFFFFFFFFFFFFFFFFFFFFFFF14
:208C8000FFFFFFFFFFFFFFFFFFFFFFFFFFFFFFFFFFFFFFFFFFFFFFFFFFFFFFFFFFFFFFFFF4
:208CA000FFFFFFFFFFFFFFFFFFFFFFFFFFFFFFFFFFFFFFFFFFFFFFFFFFFFFFFFFFFFFFFFD4
:208CC000FFFFFFFFFFFFFFFFFFFFFFFFFFFFFFFFFFFFFFFFFFFFFFFFFFFFFFFFFFFFFFFFB4
:208CE000FFFFFFFFFFFFFFFFFFFFFFFFFFFFFFFFFFFFFFFFFFFFFFFFFFFFFFFFFFFFFFFF94
:208D0000FFFFFFFFFFFFFFFFFFFFFFFFFFFFFFFFFFFFFFFFFFFFFFFFFFFFFFFFFFFFFFFF73
:208D2000FFFFFFFFFFFFFFFFFFFFFFFFFFFFFFFFFFFFFFFFFFFFFFFFFFFFFFFFFFFFFFFF53
:208D4000FFFFFFFFFFFFFFFFFFFFFFFFFFFFFFFFFFFFFFFFFFFFFFFFFFFFFFFFFFFFFFFF33
:208D6000FFFFFFFFFFFFFFFFFFFFFFFFFFFFFFFFFFFFFFFFFFFFFFFFFFFFFFFFFFFFFFFF13
:208D8000FFFFFFFFFFFFFFFFFFFFFFFFFFFFFFFFFFFFFFFFFFFFFFFFFFFFFFFFFFFFFFFFF3
:208DA000FFFFFFFFFFFFFFFFFFFFFFFFFFFFFFFFFFFFFFFFFFFFFFFFFFFFFFFFFFFFFFFFD3
:208DC000FFFFFFFFFFFFFFFFFFFFFFFFFFFFFFFFFFFFFFFFFFFFFFFFFFFFFFFFFFFFFFFFB3
:208DE000FFFFFFFFFFFFFFFFFFFFFFFFFFFFFFFFFFFFFFFFFFFFFFFFFFFFFFFFFFFFFFFF93
:208E0000FFFFFFFFFFFFFFFFFFFFFFFFFFFFFFFFFFFFFFFFFFFFFFFFFFFFFFFFFFFFFFFF72
:208E2000FFFFFFFFFFFFFFFFFFFFFFFFFFFFFFFFFFFFFFFFFFFFFFFFFFFFFFFFFFFFFFFF52
:208E4000FFFFFFFFFFFFFFFFFFFFFFFFFFFFFFFFFFFFFFFFFFFFFFFFFFFFFFFFFFFFFFFF32
:208E6000FFFFFFFFFFFFFFFFFFFFFFFFFFFFFFFFFFFFFFFFFFFFFFFFFFFFFFFFFFFFFFFF12
:208E8000FFFFFFFFFFFFFFFFFFFFFFFFFFFFFFFFFFFFFFFFFFFFFFFFFFFFFFFFFFFFFFFFF2
:208EA000FFFFFFFFFFFFFFFFFFFFFFFFFFFFFFFFFFFFFFFFFFFFFFFFFFFFFFFFFFFFFFFFD2
:208EC000FFFFFFFFFFFFFFFFFFFFFFFFFFFFFFFFFFFFFFFFFFFFFFFFFFFFFFFFFFFFFFFFB2
:208EE000FFFFFFFFFFFFFFFFFFFFFFFFFFFFFFFFFFFFFFFFFFFFFFFFFFFFFFFFFFFFFFFF92
:208F0000FFFFFFFFFFFFFFFFFFFFFFFFFFFFFFFFFFFFFFFFFFFFFFFFFFFFFFFFFFFFFFFF71
:208F2000FFFFFFFFFFFFFFFFFFFFFFFFFFFFFFFFFFFFFFFFFFFFFFFFFFFFFFFFFFFFFFFF51
:208F4000FFFFFFFFFFFFFFFFFFFFFFFFFFFFFFFFFFFFFFFFFFFFFFFFFFFFFFFFFFFFFFFF31
:208F6000FFFFFFFFFFFFFFFFFFFFFFFFFFFFFFFFFFFFFFFFFFFFFFFFFFFFFFFFFFFFFFFF11
:208F8000FFFFFFFFFFFFFFFFFFFFFFFFFFFFFFFFFFFFFFFFFFFFFFFFFFFFFFFFFFFFFFFFF1
:208FA000FFFFFFFFFFFFFFFFFFFFFFFFFFFFFFFFFFFFFFFFFFFFFFFFFFFFFFFFFFFFFFFFD1
:208FC000FFFFFFFFFFFFFFFFFFFFFFFFFFFFFFFFFFFFFFFFFFFFFFFFFFFFFFFFFFFFFFFFB1
:208FE000FFFFFFFFFFFFFFFFFFFFFFFFFFFFFFFFFFFFFFFFFFFFFFFFFFFFFFFFFFFFFFFF91
:20900000FFFFFFFFFFFFFFFFFFFFFFFFFFFFFFFFFFFFFFFFFFFFFFFFFFFFFFFFFFFFFFFF70
:20902000FFFFFFFFFFFFFFFFFFFFFFFFFFFFFFFFFFFFFFFFFFFFFFFFFFFFFFFFFFFFFFFF50
:20904000FFFFFFFFFFFFFFFFFFFFFFFFFFFFFFFFFFFFFFFFFFFFFFFFFFFFFFFFFFFFFFFF30
:20906000FFFFFFFFFFFFFFFFFFFFFFFFFFFFFFFFFFFFFFFFFFFFFFFFFFFFFFFFFFFFFFFF10
:20908000FFFFFFFFFFFFFFFFFFFFFFFFFFFFFFFFFFFFFFFFFFFFFFFFFFFFFFFFFFFFFFFFF0
:2090A000FFFFFFFFFFFFFFFFFFFFFFFFFFFFFFFFFFFFFFFFFFFFFFFFFFFFFFFFFFFFFFFFD0
:2090C000FFFFFFFFFFFFFFFFFFFFFFFFFFFFFFFFFFFFFFFFFFFFFFFFFFFFFFFFFFFFFFFFB0
:2090E000FFFFFFFFFFFFFFFFFFFFFFFFFFFFFFFFFFFFFFFFFFFFFFFFFFFFFFFFFFFFFFFF90
:20910000FFFFFFFFFFFFFFFFFFFFFFFFFFFFFFFFFFFFFFFFFFFFFFFFFFFFFFFFFFFFFFFF6F
:20912000FFFFFFFFFFFFFFFFFFFFFFFFFFFFFFFFFFFFFFFFFFFFFFFFFFFFFFFFFFFFFFFF4F
:20914000FFFFFFFFFFFFFFFFFFFFFFFFFFFFFFFFFFFFFFFFFFFFFFFFFFFFFFFFFFFFFFFF2F
:20916000FFFFFFFFFFFFFFFFFFFFFFFFFFFFFFFFFFFFFFFFFFFFFFFFFFFFFFFFFFFFFFFF0F
:20918000FFFFFFFFFFFFFFFFFFFFFFFFFFFFFFFFFFFFFFFFFFFFFFFFFFFFFFFFFFFFFFFFEF
:2091A000FFFFFFFFFFFFFFFFFFFFFFFFFFFFFFFFFFFFFFFFFFFFFFFFFFFFFFFFFFFFFFFFCF
:2091C000FFFFFFFFFFFFFFFFFFFFFFFFFFFFFFFFFFFFFFFFFFFFFFFFFFFFFFFFFFFFFFFFAF
:2091E000FFFFFFFFFFFFFFFFFFFFFFFFFFFFFFFFFFFFFFFFFFFFFFFFFFFFFFFFFFFFFFFF8F
:20920000FFFFFFFFFFFFFFFFFFFFFFFFFFFFFFFFFFFFFFFFFFFFFFFFFFFFFFFFFFFFFFFF6E
:20922000FFFFFFFFFFFFFFFFFFFFFFFFFFFFFFFFFFFFFFFFFFFFFFFFFFFFFFFFFFFFFFFF4E
:20924000FFFFFFFFFFFFFFFFFFFFFFFFFFFFFFFFFFFFFFFFFFFFFFFFFFFFFFFFFFFFFFFF2E
:20926000FFFFFFFFFFFFFFFFFFFFFFFFFFFFFFFFFFFFFFFFFFFFFFFFFFFFFFFFFFFFFFFF0E
:20928000FFFFFFFFFFFFFFFFFFFFFFFFFFFFFFFFFFFFFFFFFFFFFFFFFFFFFFFFFFFFFFFFEE
:2092A000FFFFFFFFFFFFFFFFFFFFFFFFFFFFFFFFFFFFFFFFFFFFFFFFFFFFFFFFFFFFFFFFCE
:2092C000FFFFFFFFFFFFFFFFFFFFFFFFFFFFFFFFFFFFFFFFFFFFFFFFFFFFFFFFFFFFFFFFAE
:2092E000FFFFFFFFFFFFFFFFFFFFFFFFFFFFFFFFFFFFFFFFFFFFFFFFFFFFFFFFFFFFFFFF8E
:20930000FFFFFFFFFFFFFFFFFFFFFFFFFFFFFFFFFFFFFFFFFFFFFFFFFFFFFFFFFFFFFFFF6D
:20932000FFFFFFFFFFFFFFFFFFFFFFFFFFFFFFFFFFFFFFFFFFFFFFFFFFFFFFFFFFFFFFFF4D
:20934000FFFFFFFFFFFFFFFFFFFFFFFFFFFFFFFFFFFFFFFFFFFFFFFFFFFFFFFFFFFFFFFF2D
:20936000FFFFFFFFFFFFFFFFFFFFFFFFFFFFFFFFFFFFFFFFFFFFFFFFFFFFFFFFFFFFFFFF0D
:20938000FFFFFFFFFFFFFFFFFFFFFFFFFFFFFFFFFFFFFFFFFFFFFFFFFFFFFFFFFFFFFFFFED
:2093A000FFFFFFFFFFFFFFFFFFFFFFFFFFFFFFFFFFFFFFFFFFFFFFFFFFFFFFFFFFFFFFFFCD
:2093C000FFFFFFFFFFFFFFFFFFFFFFFFFFFFFFFFFFFFFFFFFFFFFFFFFFFFFFFFFFFFFFFFAD
:2093E000FFFFFFFFFFFFFFFFFFFFFFFFFFFFFFFFFFFFFFFFFFFFFFFFFFFFFFFFFFFFFFFF8D
:20940000FFFFFFFFFFFFFFFFFFFFFFFFFFFFFFFFFFFFFFFFFFFFFFFFFFFFFFFFFFFFFFFF6C
:20942000FFFFFFFFFFFFFFFFFFFFFFFFFFFFFFFFFFFFFFFFFFFFFFFFFFFFFFFFFFFFFFFF4C
:20944000FFFFFFFFFFFFFFFFFFFFFFFFFFFFFFFFFFFFFFFFFFFFFFFFFFFFFFFFFFFFFFFF2C
:20946000FFFFFFFFFFFFFFFFFFFFFFFFFFFFFFFFFFFFFFFFFFFFFFFFFFFFFFFFFFFFFFFF0C
:20948000FFFFFFFFFFFFFFFFFFFFFFFFFFFFFFFFFFFFFFFFFFFFFFFFFFFFFFFFFFFFFFFFEC
:2094A000FFFFFFFFFFFFFFFFFFFFFFFFFFFFFFFFFFFFFFFFFFFFFFFFFFFFFFFFFFFFFFFFCC
:2094C000FFFFFFFFFFFFFFFFFFFFFFFFFFFFFFFFFFFFFFFFFFFFFFFFFFFFFFFFFFFFFFFFAC
:2094E000FFFFFFFFFFFFFFFFFFFFFFFFFFFFFFFFFFFFFFFFFFFFFFFFFFFFFFFFFFFFFFFF8C
:20950000FFFFFFFFFFFFFFFFFFFFFFFFFFFFFFFFFFFFFFFFFFFFFFFFFFFFFFFFFFFFFFFF6B
:20952000FFFFFFFFFFFFFFFFFFFFFFFFFFFFFFFFFFFFFFFFFFFFFFFFFFFFFFFFFFFFFFFF4B
:20954000FFFFFFFFFFFFFFFFFFFFFFFFFFFFFFFFFFFFFFFFFFFFFFFFFFFFFFFFFFFFFFFF2B
:20956000FFFFFFFFFFFFFFFFFFFFFFFFFFFFFFFFFFFFFFFFFFFFFFFFFFFFFFFFFFFFFFFF0B
:20958000FFFFFFFFFFFFFFFFFFFFFFFFFFFFFFFFFFFFFFFFFFFFFFFFFFFFFFFFFFFFFFFFEB
:2095A000FFFFFFFFFFFFFFFFFFFFFFFFFFFFFFFFFFFFFFFFFFFFFFFFFFFFFFFFFFFFFFFFCB
:2095C000FFFFFFFFFFFFFFFFFFFFFFFFFFFFFFFFFFFFFFFFFFFFFFFFFFFFFFFFFFFFFFFFAB
:2095E000FFFFFFFFFFFFFFFFFFFFFFFFFFFFFFFFFFFFFFFFFFFFFFFFFFFFFFFFFFFFFFFF8B
:20960000FFFFFFFFFFFFFFFFFFFFFFFFFFFFFFFFFFFFFFFFFFFFFFFFFFFFFFFFFFFFFFFF6A
:20962000FFFFFFFFFFFFFFFFFFFFFFFFFFFFFFFFFFFFFFFFFFFFFFFFFFFFFFFFFFFFFFFF4A
:20964000FFFFFFFFFFFFFFFFFFFFFFFFFFFFFFFFFFFFFFFFFFFFFFFFFFFFFFFFFFFFFFFF2A
:20966000FFFFFFFFFFFFFFFFFFFFFFFFFFFFFFFFFFFFFFFFFFFFFFFFFFFFFFFFFFFFFFFF0A
:20968000FFFFFFFFFFFFFFFFFFFFFFFFFFFFFFFFFFFFFFFFFFFFFFFFFFFFFFFFFFFFFFFFEA
:2096A000FFFFFFFFFFFFFFFFFFFFFFFFFFFFFFFFFFFFFFFFFFFFFFFFFFFFFFFFFFFFFFFFCA
:2096C000FFFFFFFFFFFFFFFFFFFFFFFFFFFFFFFFFFFFFFFFFFFFFFFFFFFFFFFFFFFFFFFFAA
:2096E000FFFFFFFFFFFFFFFFFFFFFFFFFFFFFFFFFFFFFFFFFFFFFFFFFFFFFFFFFFFFFFFF8A
:20970000FFFFFFFFFFFFFFFFFFFFFFFFFFFFFFFFFFFFFFFFFFFFFFFFFFFFFFFFFFFFFFFF69
:20972000FFFFFFFFFFFFFFFFFFFFFFFFFFFFFFFFFFFFFFFFFFFFFFFFFFFFFFFFFFFFFFFF49
:20974000FFFFFFFFFFFFFFFFFFFFFFFFFFFFFFFFFFFFFFFFFFFFFFFFFFFFFFFFFFFFFFFF29
:20976000FFFFFFFFFFFFFFFFFFFFFFFFFFFFFFFFFFFFFFFFFFFFFFFFFFFFFFFFFFFFFFFF09
:20978000FFFFFFFFFFFFFFFFFFFFFFFFFFFFFFFFFFFFFFFFFFFFFFFFFFFFFFFFFFFFFFFFE9
:2097A000FFFFFFFFFFFFFFFFFFFFFFFFFFFFFFFFFFFFFFFFFFFFFFFFFFFFFFFFFFFFFFFFC9
:2097C000FFFFFFFFFFFFFFFFFFFFFFFFFFFFFFFFFFFFFFFFFFFFFFFFFFFFFFFFFFFFFFFFA9
:2097E000FFFFFFFFFFFFFFFFFFFFFFFFFFFFFFFFFFFFFFFFFFFFFFFFFFFFFFFFFFFFFFFF89
:20980000FFFFFFFFFFFFFFFFFFFFFFFFFFFFFFFFFFFFFFFFFFFFFFFFFFFFFFFFFFFFFFFF68
:20982000FFFFFFFFFFFFFFFFFFFFFFFFFFFFFFFFFFFFFFFFFFFFFFFFFFFFFFFFFFFFFFFF48
:20984000FFFFFFFFFFFFFFFFFFFFFFFFFFFFFFFFFFFFFFFFFFFFFFFFFFFFFFFFFFFFFFFF28
:20986000FFFFFFFFFFFFFFFFFFFFFFFFFFFFFFFFFFFFFFFFFFFFFFFFFFFFFFFFFFFFFFFF08
:20988000FFFFFFFFFFFFFFFFFFFFFFFFFFFFFFFFFFFFFFFFFFFFFFFFFFFFFFFFFFFFFFFFE8
:2098A000FFFFFFFFFFFFFFFFFFFFFFFFFFFFFFFFFFFFFFFFFFFFFFFFFFFFFFFFFFFFFFFFC8
:2098C000FFFFFFFFFFFFFFFFFFFFFFFFFFFFFFFFFFFFFFFFFFFFFFFFFFFFFFFFFFFFFFFFA8
:2098E000FFFFFFFFFFFFFFFFFFFFFFFFFFFFFFFFFFFFFFFFFFFFFFFFFFFFFFFFFFFFFFFF88
:20990000FFFFFFFFFFFFFFFFFFFFFFFFFFFFFFFFFFFFFFFFFFFFFFFFFFFFFFFFFFFFFFFF67
:20992000FFFFFFFFFFFFFFFFFFFFFFFFFFFFFFFFFFFFFFFFFFFFFFFFFFFFFFFFFFFFFFFF47
:20994000FFFFFFFFFFFFFFFFFFFFFFFFFFFFFFFFFFFFFFFFFFFFFFFFFFFFFFFFFFFFFFFF27
:20996000FFFFFFFFFFFFFFFFFFFFFFFFFFFFFFFFFFFFFFFFFFFFFFFFFFFFFFFFFFFFFFFF07
:20998000FFFFFFFFFFFFFFFFFFFFFFFFFFFFFFFFFFFFFFFFFFFFFFFFFFFFFFFFFFFFFFFFE7
:2099A000FFFFFFFFFFFFFFFFFFFFFFFFFFFFFFFFFFFFFFFFFFFFFFFFFFFFFFFFFFFFFFFFC7
:2099C000FFFFFFFFFFFFFFFFFFFFFFFFFFFFFFFFFFFFFFFFFFFFFFFFFFFFFFFFFFFFFFFFA7
:2099E000FFFFFFFFFFFFFFFFFFFFFFFFFFFFFFFFFFFFFFFFFFFFFFFFFFFFFFFFFFFFFFFF87
:209A0000FFFFFFFFFFFFFFFFFFFFFFFFFFFFFFFFFFFFFFFFFFFFFFFFFFFFFFFFFFFFFFFF66
:209A2000FFFFFFFFFFFFFFFFFFFFFFFFFFFFFFFFFFFFFFFFFFFFFFFFFFFFFFFFFFFFFFFF46
:209A4000FFFFFFFFFFFFFFFFFFFFFFFFFFFFFFFFFFFFFFFFFFFFFFFFFFFFFFFFFFFFFFFF26
:209A6000FFFFFFFFFFFFFFFFFFFFFFFFFFFFFFFFFFFFFFFFFFFFFFFFFFFFFFFFFFFFFFFF06
:209A8000FFFFFFFFFFFFFFFFFFFFFFFFFFFFFFFFFFFFFFFFFFFFFFFFFFFFFFFFFFFFFFFFE6
:209AA000FFFFFFFFFFFFFFFFFFFFFFFFFFFFFFFFFFFFFFFFFFFFFFFFFFFFFFFFFFFFFFFFC6
:209AC000FFFFFFFFFFFFFFFFFFFFFFFFFFFFFFFFFFFFFFFFFFFFFFFFFFFFFFFFFFFFFFFFA6
:209AE000FFFFFFFFFFFFFFFFFFFFFFFFFFFFFFFFFFFFFFFFFFFFFFFFFFFFFFFFFFFFFFFF86
:209B0000FFFFFFFFFFFFFFFFFFFFFFFFFFFFFFFFFFFFFFFFFFFFFFFFFFFFFFFFFFFFFFFF65
:209B2000FFFFFFFFFFFFFFFFFFFFFFFFFFFFFFFFFFFFFFFFFFFFFFFFFFFFFFFFFFFFFFFF45
:209B4000FFFFFFFFFFFFFFFFFFFFFFFFFFFFFFFFFFFFFFFFFFFFFFFFFFFFFFFFFFFFFFFF25
:209B6000FFFFFFFFFFFFFFFFFFFFFFFFFFFFFFFFFFFFFFFFFFFFFFFFFFFFFFFFFFFFFFFF05
:209B8000FFFFFFFFFFFFFFFFFFFFFFFFFFFFFFFFFFFFFFFFFFFFFFFFFFFFFFFFFFFFFFFFE5
:209BA000FFFFFFFFFFFFFFFFFFFFFFFFFFFFFFFFFFFFFFFFFFFFFFFFFFFFFFFFFFFFFFFFC5
:209BC000FFFFFFFFFFFFFFFFFFFFFFFFFFFFFFFFFFFFFFFFFFFFFFFFFFFFFFFFFFFFFFFFA5
:209BE000FFFFFFFFFFFFFFFFFFFFFFFFFFFFFFFFFFFFFFFFFFFFFFFFFFFFFFFFFFFFFFFF85
:209C0000FFFFFFFFFFFFFFFFFFFFFFFFFFFFFFFFFFFFFFFFFFFFFFFFFFFFFFFFFFFFFFFF64
:209C2000FFFFFFFFFFFFFFFFFFFFFFFFFFFFFFFFFFFFFFFFFFFFFFFFFFFFFFFFFFFFFFFF44
:209C4000FFFFFFFFFFFFFFFFFFFFFFFFFFFFFFFFFFFFFFFFFFFFFFFFFFFFFFFFFFFFFFFF24
:209C6000FFFFFFFFFFFFFFFFFFFFFFFFFFFFFFFFFFFFFFFFFFFFFFFFFFFFFFFFFFFFFFFF04
:209C8000FFFFFFFFFFFFFFFFFFFFFFFFFFFFFFFFFFFFFFFFFFFFFFFFFFFFFFFFFFFFFFFFE4
:209CA000FFFFFFFFFFFFFFFFFFFFFFFFFFFFFFFFFFFFFFFFFFFFFFFFFFFFFFFFFFFFFFFFC4
:209CC000FFFFFFFFFFFFFFFFFFFFFFFFFFFFFFFFFFFFFFFFFFFFFFFFFFFFFFFFFFFFFFFFA4
:209CE000FFFFFFFFFFFFFFFFFFFFFFFFFFFFFFFFFFFFFFFFFFFFFFFFFFFFFFFFFFFFFFFF84
:209D0000FFFFFFFFFFFFFFFFFFFFFFFFFFFFFFFFFFFFFFFFFFFFFFFFFFFFFFFFFFFFFFFF63
:209D2000FFFFFFFFFFFFFFFFFFFFFFFFFFFFFFFFFFFFFFFFFFFFFFFFFFFFFFFFFFFFFFFF43
:209D4000FFFFFFFFFFFFFFFFFFFFFFFFFFFFFFFFFFFFFFFFFFFFFFFFFFFFFFFFFFFFFFFF23
:209D6000FFFFFFFFFFFFFFFFFFFFFFFFFFFFFFFFFFFFFFFFFFFFFFFFFFFFFFFFFFFFFFFF03
:209D8000FFFFFFFFFFFFFFFFFFFFFFFFFFFFFFFFFFFFFFFFFFFFFFFFFFFFFFFFFFFFFFFFE3
:209DA000FFFFFFFFFFFFFFFFFFFFFFFFFFFFFFFFFFFFFFFFFFFFFFFFFFFFFFFFFFFFFFFFC3
:209DC000FFFFFFFFFFFFFFFFFFFFFFFFFFFFFFFFFFFFFFFFFFFFFFFFFFFFFFFFFFFFFFFFA3
:209DE000FFFFFFFFFFFFFFFFFFFFFFFFFFFFFFFFFFFFFFFFFFFFFFFFFFFFFFFFFFFFFFFF83
:209E0000FFFFFFFFFFFFFFFFFFFFFFFFFFFFFFFFFFFFFFFFFFFFFFFFFFFFFFFFFFFFFFFF62
:209E2000FFFFFFFFFFFFFFFFFFFFFFFFFFFFFFFFFFFFFFFFFFFFFFFFFFFFFFFFFFFFFFFF42
:209E4000FFFFFFFFFFFFFFFFFFFFFFFFFFFFFFFFFFFFFFFFFFFFFFFFFFFFFFFFFFFFFFFF22
:209E6000FFFFFFFFFFFFFFFFFFFFFFFFFFFFFFFFFFFFFFFFFFFFFFFFFFFFFFFFFFFFFFFF02
:209E8000FFFFFFFFFFFFFFFFFFFFFFFFFFFFFFFFFFFFFFFFFFFFFFFFFFFFFFFFFFFFFFFFE2
:209EA000FFFFFFFFFFFFFFFFFFFFFFFFFFFFFFFFFFFFFFFFFFFFFFFFFFFFFFFFFFFFFFFFC2
:209EC000FFFFFFFFFFFFFFFFFFFFFFFFFFFFFFFFFFFFFFFFFFFFFFFFFFFFFFFFFFFFFFFFA2
:209EE000FFFFFFFFFFFFFFFFFFFFFFFFFFFFFFFFFFFFFFFFFFFFFFFFFFFFFFFFFFFFFFFF82
:209F0000FFFFFFFFFFFFFFFFFFFFFFFFFFFFFFFFFFFFFFFFFFFFFFFFFFFFFFFFFFFFFFFF61
:209F2000FFFFFFFFFFFFFFFFFFFFFFFFFFFFFFFFFFFFFFFFFFFFFFFFFFFFFFFFFFFFFFFF41
:209F4000FFFFFFFFFFFFFFFFFFFFFFFFFFFFFFFFFFFFFFFFFFFFFFFFFFFFFFFFFFFFFFFF21
:209F6000FFFFFFFFFFFFFFFFFFFFFFFFFFFFFFFFFFFFFFFFFFFFFFFFFFFFFFFFFFFFFFFF01
:209F8000FFFFFFFFFFFFFFFFFFFFFFFFFFFFFFFFFFFFFFFFFFFFFFFFFFFFFFFFFFFFFFFFE1
:209FA000FFFFFFFFFFFFFFFFFFFFFFFFFFFFFFFFFFFFFFFFFFFFFFFFFFFFFFFFFFFFFFFFC1
:209FC000FFFFFFFFFFFFFFFFFFFFFFFFFFFFFFFFFFFFFFFFFFFFFFFFFFFFFFFFFFFFFFFFA1
:209FE000FFFFFFFFFFFFFFFFFFFFFFFFFFFFFFFFFFFFFFFFFFFFFFFFFFFFFFFFFFFFFFFF81
:20A00000FFFFFFFFFFFFFFFFFFFFFFFFFFFFFFFFFFFFFFFFFFFFFFFFFFFFFFFFFFFFFFFF60
:20A02000FFFFFFFFFFFFFFFFFFFFFFFFFFFFFFFFFFFFFFFFFFFFFFFFFFFFFFFFFFFFFFFF40
:20A04000FFFFFFFFFFFFFFFFFFFFFFFFFFFFFFFFFFFFFFFFFFFFFFFFFFFFFFFFFFFFFFFF20
:20A06000FFFFFFFFFFFFFFFFFFFFFFFFFFFFFFFFFFFFFFFFFFFFFFFFFFFFFFFFFFFFFFFF00
:20A08000FFFFFFFFFFFFFFFFFFFFFFFFFFFFFFFFFFFFFFFFFFFFFFFFFFFFFFFFFFFFFFFFE0
:20A0A000FFFFFFFFFFFFFFFFFFFFFFFFFFFFFFFFFFFFFFFFFFFFFFFFFFFFFFFFFFFFFFFFC0
:20A0C000FFFFFFFFFFFFFFFFFFFFFFFFFFFFFFFFFFFFFFFFFFFFFFFFFFFFFFFFFFFFFFFFA0
:20A0E000FFFFFFFFFFFFFFFFFFFFFFFFFFFFFFFFFFFFFFFFFFFFFFFFFFFFFFFFFFFFFFFF80
:20A10000FFFFFFFFFFFFFFFFFFFFFFFFFFFFFFFFFFFFFFFFFFFFFFFFFFFFFFFFFFFFFFFF5F
:20A12000FFFFFFFFFFFFFFFFFFFFFFFFFFFFFFFFFFFFFFFFFFFFFFFFFFFFFFFFFFFFFFFF3F
:20A14000FFFFFFFFFFFFFFFFFFFFFFFFFFFFFFFFFFFFFFFFFFFFFFFFFFFFFFFFFFFFFFFF1F
:20A16000FFFFFFFFFFFFFFFFFFFFFFFFFFFFFFFFFFFFFFFFFFFFFFFFFFFFFFFFFFFFFFFFFF
:20A18000FFFFFFFFFFFFFFFFFFFFFFFFFFFFFFFFFFFFFFFFFFFFFFFFFFFFFFFFFFFFFFFFDF
:20A1A000FFFFFFFFFFFFFFFFFFFFFFFFFFFFFFFFFFFFFFFFFFFFFFFFFFFFFFFFFFFFFFFFBF
:20A1C000FFFFFFFFFFFFFFFFFFFFFFFFFFFFFFFFFFFFFFFFFFFFFFFFFFFFFFFFFFFFFFFF9F
:20A1E000FFFFFFFFFFFFFFFFFFFFFFFFFFFFFFFFFFFFFFFFFFFFFFFFFFFFFFFFFFFFFFFF7F
:20A20000FFFFFFFFFFFFFFFFFFFFFFFFFFFFFFFFFFFFFFFFFFFFFFFFFFFFFFFFFFFFFFFF5E
:20A22000FFFFFFFFFFFFFFFFFFFFFFFFFFFFFFFFFFFFFFFFFFFFFFFFFFFFFFFFFFFFFFFF3E
:20A24000FFFFFFFFFFFFFFFFFFFFFFFFFFFFFFFFFFFFFFFFFFFFFFFFFFFFFFFFFFFFFFFF1E
:20A26000FFFFFFFFFFFFFFFFFFFFFFFFFFFFFFFFFFFFFFFFFFFFFFFFFFFFFFFFFFFFFFFFFE
:20A28000FFFFFFFFFFFFFFFFFFFFFFFFFFFFFFFFFFFFFFFFFFFFFFFFFFFFFFFFFFFFFFFFDE
:20A2A000FFFFFFFFFFFFFFFFFFFFFFFFFFFFFFFFFFFFFFFFFFFFFFFFFFFFFFFFFFFFFFFFBE
:20A2C000FFFFFFFFFFFFFFFFFFFFFFFFFFFFFFFFFFFFFFFFFFFFFFFFFFFFFFFFFFFFFFFF9E
:20A2E000FFFFFFFFFFFFFFFFFFFFFFFFFFFFFFFFFFFFFFFFFFFFFFFFFFFFFFFFFFFFFFFF7E
:20A30000FFFFFFFFFFFFFFFFFFFFFFFFFFFFFFFFFFFFFFFFFFFFFFFFFFFFFFFFFFFFFFFF5D
:20A32000FFFFFFFFFFFFFFFFFFFFFFFFFFFFFFFFFFFFFFFFFFFFFFFFFFFFFFFFFFFFFFFF3D
:20A34000FFFFFFFFFFFFFFFFFFFFFFFFFFFFFFFFFFFFFFFFFFFFFFFFFFFFFFFFFFFFFFFF1D
:20A36000FFFFFFFFFFFFFFFFFFFFFFFFFFFFFFFFFFFFFFFFFFFFFFFFFFFFFFFFFFFFFFFFFD
:20A38000FFFFFFFFFFFFFFFFFFFFFFFFFFFFFFFFFFFFFFFFFFFFFFFFFFFFFFFFFFFFFFFFDD
:20A3A000FFFFFFFFFFFFFFFFFFFFFFFFFFFFFFFFFFFFFFFFFFFFFFFFFFFFFFFFFFFFFFFFBD
:20A3C000FFFFFFFFFFFFFFFFFFFFFFFFFFFFFFFFFFFFFFFFFFFFFFFFFFFFFFFFFFFFFFFF9D
:20A3E000FFFFFFFFFFFFFFFFFFFFFFFFFFFFFFFFFFFFFFFFFFFFFFFFFFFFFFFFFFFFFFFF7D
:20A40000FFFFFFFFFFFFFFFFFFFFFFFFFFFFFFFFFFFFFFFFFFFFFFFFFFFFFFFFFFFFFFFF5C
:20A42000FFFFFFFFFFFFFFFFFFFFFFFFFFFFFFFFFFFFFFFFFFFFFFFFFFFFFFFFFFFFFFFF3C
:20A44000FFFFFFFFFFFFFFFFFFFFFFFFFFFFFFFFFFFFFFFFFFFFFFFFFFFFFFFFFFFFFFFF1C
:20A46000FFFFFFFFFFFFFFFFFFFFFFFFFFFFFFFFFFFFFFFFFFFFFFFFFFFFFFFFFFFFFFFFFC
:20A48000FFFFFFFFFFFFFFFFFFFFFFFFFFFFFFFFFFFFFFFFFFFFFFFFFFFFFFFFFFFFFFFFDC
:20A4A000FFFFFFFFFFFFFFFFFFFFFFFFFFFFFFFFFFFFFFFFFFFFFFFFFFFFFFFFFFFFFFFFBC
:20A4C000FFFFFFFFFFFFFFFFFFFFFFFFFFFFFFFFFFFFFFFFFFFFFFFFFFFFFFFFFFFFFFFF9C
:20A4E000FFFFFFFFFFFFFFFFFFFFFFFFFFFFFFFFFFFFFFFFFFFFFFFFFFFFFFFFFFFFFFFF7C
:20A50000FFFFFFFFFFFFFFFFFFFFFFFFFFFFFFFFFFFFFFFFFFFFFFFFFFFFFFFFFFFFFFFF5B
:20A52000FFFFFFFFFFFFFFFFFFFFFFFFFFFFFFFFFFFFFFFFFFFFFFFFFFFFFFFFFFFFFFFF3B
:20A54000FFFFFFFFFFFFFFFFFFFFFFFFFFFFFFFFFFFFFFFFFFFFFFFFFFFFFFFFFFFFFFFF1B
:20A56000FFFFFFFFFFFFFFFFFFFFFFFFFFFFFFFFFFFFFFFFFFFFFFFFFFFFFFFFFFFFFFFFFB
:20A58000FFFFFFFFFFFFFFFFFFFFFFFFFFFFFFFFFFFFFFFFFFFFFFFFFFFFFFFFFFFFFFFFDB
:20A5A000FFFFFFFFFFFFFFFFFFFFFFFFFFFFFFFFFFFFFFFFFFFFFFFFFFFFFFFFFFFFFFFFBB
:20A5C000FFFFFFFFFFFFFFFFFFFFFFFFFFFFFFFFFFFFFFFFFFFFFFFFFFFFFFFFFFFFFFFF9B
:20A5E000FFFFFFFFFFFFFFFFFFFFFFFFFFFFFFFFFFFFFFFFFFFFFFFFFFFFFFFFFFFFFFFF7B
:20A60000FFFFFFFFFFFFFFFFFFFFFFFFFFFFFFFFFFFFFFFFFFFFFFFFFFFFFFFFFFFFFFFF5A
:20A62000FFFFFFFFFFFFFFFFFFFFFFFFFFFFFFFFFFFFFFFFFFFFFFFFFFFFFFFFFFFFFFFF3A
:20A64000FFFFFFFFFFFFFFFFFFFFFFFFFFFFFFFFFFFFFFFFFFFFFFFFFFFFFFFFFFFFFFFF1A
:20A66000FFFFFFFFFFFFFFFFFFFFFFFFFFFFFFFFFFFFFFFFFFFFFFFFFFFFFFFFFFFFFFFFFA
:20A68000FFFFFFFFFFFFFFFFFFFFFFFFFFFFFFFFFFFFFFFFFFFFFFFFFFFFFFFFFFFFFFFFDA
:20A6A000FFFFFFFFFFFFFFFFFFFFFFFFFFFFFFFFFFFFFFFFFFFFFFFFFFFFFFFFFFFFFFFFBA
:20A6C000FFFFFFFFFFFFFFFFFFFFFFFFFFFFFFFFFFFFFFFFFFFFFFFFFFFFFFFFFFFFFFFF9A
:20A6E000FFFFFFFFFFFFFFFFFFFFFFFFFFFFFFFFFFFFFFFFFFFFFFFFFFFFFFFFFFFFFFFF7A
:20A70000FFFFFFFFFFFFFFFFFFFFFFFFFFFFFFFFFFFFFFFFFFFFFFFFFFFFFFFFFFFFFFFF59
:20A72000FFFFFFFFFFFFFFFFFFFFFFFFFFFFFFFFFFFFFFFFFFFFFFFFFFFFFFFFFFFFFFFF39
:20A74000FFFFFFFFFFFFFFFFFFFFFFFFFFFFFFFFFFFFFFFFFFFFFFFFFFFFFFFFFFFFFFFF19
:20A76000FFFFFFFFFFFFFFFFFFFFFFFFFFFFFFFFFFFFFFFFFFFFFFFFFFFFFFFFFFFFFFFFF9
:20A78000FFFFFFFFFFFFFFFFFFFFFFFFFFFFFFFFFFFFFFFFFFFFFFFFFFFFFFFFFFFFFFFFD9
:20A7A000FFFFFFFFFFFFFFFFFFFFFFFFFFFFFFFFFFFFFFFFFFFFFFFFFFFFFFFFFFFFFFFFB9
:20A7C000FFFFFFFFFFFFFFFFFFFFFFFFFFFFFFFFFFFFFFFFFFFFFFFFFFFFFFFFFFFFFFFF99
:20A7E000FFFFFFFFFFFFFFFFFFFFFFFFFFFFFFFFFFFFFFFFFFFFFFFFFFFFFFFFFFFFFFFF79
:20A80000FFFFFFFFFFFFFFFFFFFFFFFFFFFFFFFFFFFFFFFFFFFFFFFFFFFFFFFFFFFFFFFF58
:20A82000FFFFFFFFFFFFFFFFFFFFFFFFFFFFFFFFFFFFFFFFFFFFFFFFFFFFFFFFFFFFFFFF38
:20A84000FFFFFFFFFFFFFFFFFFFFFFFFFFFFFFFFFFFFFFFFFFFFFFFFFFFFFFFFFFFFFFFF18
:20A86000FFFFFFFFFFFFFFFFFFFFFFFFFFFFFFFFFFFFFFFFFFFFFFFFFFFFFFFFFFFFFFFFF8
:20A88000FFFFFFFFFFFFFFFFFFFFFFFFFFFFFFFFFFFFFFFFFFFFFFFFFFFFFFFFFFFFFFFFD8
:20A8A000FFFFFFFFFFFFFFFFFFFFFFFFFFFFFFFFFFFFFFFFFFFFFFFFFFFFFFFFFFFFFFFFB8
:20A8C000FFFFFFFFFFFFFFFFFFFFFFFFFFFFFFFFFFFFFFFFFFFFFFFFFFFFFFFFFFFFFFFF98
:20A8E000FFFFFFFFFFFFFFFFFFFFFFFFFFFFFFFFFFFFFFFFFFFFFFFFFFFFFFFFFFFFFFFF78
:20A90000FFFFFFFFFFFFFFFFFFFFFFFFFFFFFFFFFFFFFFFFFFFFFFFFFFFFFFFFFFFFFFFF57
:20A92000FFFFFFFFFFFFFFFFFFFFFFFFFFFFFFFFFFFFFFFFFFFFFFFFFFFFFFFFFFFFFFFF37
:20A94000FFFFFFFFFFFFFFFFFFFFFFFFFFFFFFFFFFFFFFFFFFFFFFFFFFFFFFFFFFFFFFFF17
:20A96000FFFFFFFFFFFFFFFFFFFFFFFFFFFFFFFFFFFFFFFFFFFFFFFFFFFFFFFFFFFFFFFFF7
:20A98000FFFFFFFFFFFFFFFFFFFFFFFFFFFFFFFFFFFFFFFFFFFFFFFFFFFFFFFFFFFFFFFFD7
:20A9A000FFFFFFFFFFFFFFFFFFFFFFFFFFFFFFFFFFFFFFFFFFFFFFFFFFFFFFFFFFFFFFFFB7
:20A9C000FFFFFFFFFFFFFFFFFFFFFFFFFFFFFFFFFFFFFFFFFFFFFFFFFFFFFFFFFFFFFFFF97
:20A9E000FFFFFFFFFFFFFFFFFFFFFFFFFFFFFFFFFFFFFFFFFFFFFFFFFFFFFFFFFFFFFFFF77
:20AA0000FFFFFFFFFFFFFFFFFFFFFFFFFFFFFFFFFFFFFFFFFFFFFFFFFFFFFFFFFFFFFFFF56
:20AA2000FFFFFFFFFFFFFFFFFFFFFFFFFFFFFFFFFFFFFFFFFFFFFFFFFFFFFFFFFFFFFFFF36
:20AA4000FFFFFFFFFFFFFFFFFFFFFFFFFFFFFFFFFFFFFFFFFFFFFFFFFFFFFFFFFFFFFFFF16
:20AA6000FFFFFFFFFFFFFFFFFFFFFFFFFFFFFFFFFFFFFFFFFFFFFFFFFFFFFFFFFFFFFFFFF6
:20AA8000FFFFFFFFFFFFFFFFFFFFFFFFFFFFFFFFFFFFFFFFFFFFFFFFFFFFFFFFFFFFFFFFD6
:20AAA000FFFFFFFFFFFFFFFFFFFFFFFFFFFFFFFFFFFFFFFFFFFFFFFFFFFFFFFFFFFFFFFFB6
:20AAC000FFFFFFFFFFFFFFFFFFFFFFFFFFFFFFFFFFFFFFFFFFFFFFFFFFFFFFFFFFFFFFFF96
:20AAE000FFFFFFFFFFFFFFFFFFFFFFFFFFFFFFFFFFFFFFFFFFFFFFFFFFFFFFFFFFFFFFFF76
:20AB0000FFFFFFFFFFFFFFFFFFFFFFFFFFFFFFFFFFFFFFFFFFFFFFFFFFFFFFFFFFFFFFFF55
:20AB2000FFFFFFFFFFFFFFFFFFFFFFFFFFFFFFFFFFFFFFFFFFFFFFFFFFFFFFFFFFFFFFFF35
:20AB4000FFFFFFFFFFFFFFFFFFFFFFFFFFFFFFFFFFFFFFFFFFFFFFFFFFFFFFFFFFFFFFFF15
:20AB6000FFFFFFFFFFFFFFFFFFFFFFFFFFFFFFFFFFFFFFFFFFFFFFFFFFFFFFFFFFFFFFFFF5
:20AB8000FFFFFFFFFFFFFFFFFFFFFFFFFFFFFFFFFFFFFFFFFFFFFFFFFFFFFFFFFFFFFFFFD5
:20ABA000FFFFFFFFFFFFFFFFFFFFFFFFFFFFFFFFFFFFFFFFFFFFFFFFFFFFFFFFFFFFFFFFB5
:20ABC000FFFFFFFFFFFFFFFFFFFFFFFFFFFFFFFFFFFFFFFFFFFFFFFFFFFFFFFFFFFFFFFF95
:20ABE000FFFFFFFFFFFFFFFFFFFFFFFFFFFFFFFFFFFFFFFFFFFFFFFFFFFFFFFFFFFFFFFF75
:20AC0000FFFFFFFFFFFFFFFFFFFFFFFFFFFFFFFFFFFFFFFFFFFFFFFFFFFFFFFFFFFFFFFF54
:20AC2000FFFFFFFFFFFFFFFFFFFFFFFFFFFFFFFFFFFFFFFFFFFFFFFFFFFFFFFFFFFFFFFF34
:20AC4000FFFFFFFFFFFFFFFFFFFFFFFFFFFFFFFFFFFFFFFFFFFFFFFFFFFFFFFFFFFFFFFF14
:20AC6000FFFFFFFFFFFFFFFFFFFFFFFFFFFFFFFFFFFFFFFFFFFFFFFFFFFFFFFFFFFFFFFFF4
:20AC8000FFFFFFFFFFFFFFFFFFFFFFFFFFFFFFFFFFFFFFFFFFFFFFFFFFFFFFFFFFFFFFFFD4
:20ACA000FFFFFFFFFFFFFFFFFFFFFFFFFFFFFFFFFFFFFFFFFFFFFFFFFFFFFFFFFFFFFFFFB4
:20ACC000FFFFFFFFFFFFFFFFFFFFFFFFFFFFFFFFFFFFFFFFFFFFFFFFFFFFFFFFFFFFFFFF94
:20ACE000FFFFFFFFFFFFFFFFFFFFFFFFFFFFFFFFFFFFFFFFFFFFFFFFFFFFFFFFFFFFFFFF74
:20AD0000FFFFFFFFFFFFFFFFFFFFFFFFFFFFFFFFFFFFFFFFFFFFFFFFFFFFFFFFFFFFFFFF53
:20AD2000FFFFFFFFFFFFFFFFFFFFFFFFFFFFFFFFFFFFFFFFFFFFFFFFFFFFFFFFFFFFFFFF33
:20AD4000FFFFFFFFFFFFFFFFFFFFFFFFFFFFFFFFFFFFFFFFFFFFFFFFFFFFFFFFFFFFFFFF13
:20AD6000FFFFFFFFFFFFFFFFFFFFFFFFFFFFFFFFFFFFFFFFFFFFFFFFFFFFFFFFFFFFFFFFF3
:20AD8000FFFFFFFFFFFFFFFFFFFFFFFFFFFFFFFFFFFFFFFFFFFFFFFFFFFFFFFFFFFFFFFFD3
:20ADA000FFFFFFFFFFFFFFFFFFFFFFFFFFFFFFFFFFFFFFFFFFFFFFFFFFFFFFFFFFFFFFFFB3
:20ADC000FFFFFFFFFFFFFFFFFFFFFFFFFFFFFFFFFFFFFFFFFFFFFFFFFFFFFFFFFFFFFFFF93
:20ADE000FFFFFFFFFFFFFFFFFFFFFFFFFFFFFFFFFFFFFFFFFFFFFFFFFFFFFFFFFFFFFFFF73
:20AE0000FFFFFFFFFFFFFFFFFFFFFFFFFFFFFFFFFFFFFFFFFFFFFFFFFFFFFFFFFFFFFFFF52
:20AE2000FFFFFFFFFFFFFFFFFFFFFFFFFFFFFFFFFFFFFFFFFFFFFFFFFFFFFFFFFFFFFFFF32
:20AE4000FFFFFFFFFFFFFFFFFFFFFFFFFFFFFFFFFFFFFFFFFFFFFFFFFFFFFFFFFFFFFFFF12
:20AE6000FFFFFFFFFFFFFFFFFFFFFFFFFFFFFFFFFFFFFFFFFFFFFFFFFFFFFFFFFFFFFFFFF2
:20AE8000FFFFFFFFFFFFFFFFFFFFFFFFFFFFFFFFFFFFFFFFFFFFFFFFFFFFFFFFFFFFFFFFD2
:20AEA000FFFFFFFFFFFFFFFFFFFFFFFFFFFFFFFFFFFFFFFFFFFFFFFFFFFFFFFFFFFFFFFFB2
:20AEC000FFFFFFFFFFFFFFFFFFFFFFFFFFFFFFFFFFFFFFFFFFFFFFFFFFFFFFFFFFFFFFFF92
:20AEE000FFFFFFFFFFFFFFFFFFFFFFFFFFFFFFFFFFFFFFFFFFFFFFFFFFFFFFFFFFFFFFFF72
:20AF0000FFFFFFFFFFFFFFFFFFFFFFFFFFFFFFFFFFFFFFFFFFFFFFFFFFFFFFFFFFFFFFFF51
:20AF2000FFFFFFFFFFFFFFFFFFFFFFFFFFFFFFFFFFFFFFFFFFFFFFFFFFFFFFFFFFFFFFFF31
:20AF4000FFFFFFFFFFFFFFFFFFFFFFFFFFFFFFFFFFFFFFFFFFFFFFFFFFFFFFFFFFFFFFFF11
:20AF6000FFFFFFFFFFFFFFFFFFFFFFFFFFFFFFFFFFFFFFFFFFFFFFFFFFFFFFFFFFFFFFFFF1
:20AF8000FFFFFFFFFFFFFFFFFFFFFFFFFFFFFFFFFFFFFFFFFFFFFFFFFFFFFFFFFFFFFFFFD1
:20AFA000FFFFFFFFFFFFFFFFFFFFFFFFFFFFFFFFFFFFFFFFFFFFFFFFFFFFFFFFFFFFFFFFB1
:20AFC000FFFFFFFFFFFFFFFFFFFFFFFFFFFFFFFFFFFFFFFFFFFFFFFFFFFFFFFFFFFFFFFF91
:20AFE000FFFFFFFFFFFFFFFFFFFFFFFFFFFFFFFFFFFFFFFFFFFFFFFFFFFFFFFFFFFFFFFF71
:20B00000FFFFFFFFFFFFFFFFFFFFFFFFFFFFFFFFFFFFFFFFFFFFFFFFFFFFFFFFFFFFFFFF50
:20B02000FFFFFFFFFFFFFFFFFFFFFFFFFFFFFFFFFFFFFFFFFFFFFFFFFFFFFFFFFFFFFFFF30
:20B04000FFFFFFFFFFFFFFFFFFFFFFFFFFFFFFFFFFFFFFFFFFFFFFFFFFFFFFFFFFFFFFFF10
:20B06000FFFFFFFFFFFFFFFFFFFFFFFFFFFFFFFFFFFFFFFFFFFFFFFFFFFFFFFFFFFFFFFFF0
:20B08000FFFFFFFFFFFFFFFFFFFFFFFFFFFFFFFFFFFFFFFFFFFFFFFFFFFFFFFFFFFFFFFFD0
:20B0A000FFFFFFFFFFFFFFFFFFFFFFFFFFFFFFFFFFFFFFFFFFFFFFFFFFFFFFFFFFFFFFFFB0
:20B0C000FFFFFFFFFFFFFFFFFFFFFFFFFFFFFFFFFFFFFFFFFFFFFFFFFFFFFFFFFFFFFFFF90
:20B0E000FFFFFFFFFFFFFFFFFFFFFFFFFFFFFFFFFFFFFFFFFFFFFFFFFFFFFFFFFFFFFFFF70
:20B10000FFFFFFFFFFFFFFFFFFFFFFFFFFFFFFFFFFFFFFFFFFFFFFFFFFFFFFFFFFFFFFFF4F
:20B12000FFFFFFFFFFFFFFFFFFFFFFFFFFFFFFFFFFFFFFFFFFFFFFFFFFFFFFFFFFFFFFFF2F
:20B14000FFFFFFFFFFFFFFFFFFFFFFFFFFFFFFFFFFFFFFFFFFFFFFFFFFFFFFFFFFFFFFFF0F
:20B16000FFFFFFFFFFFFFFFFFFFFFFFFFFFFFFFFFFFFFFFFFFFFFFFFFFFFFFFFFFFFFFFFEF
:20B18000FFFFFFFFFFFFFFFFFFFFFFFFFFFFFFFFFFFFFFFFFFFFFFFFFFFFFFFFFFFFFFFFCF
:20B1A000FFFFFFFFFFFFFFFFFFFFFFFFFFFFFFFFFFFFFFFFFFFFFFFFFFFFFFFFFFFFFFFFAF
:20B1C000FFFFFFFFFFFFFFFFFFFFFFFFFFFFFFFFFFFFFFFFFFFFFFFFFFFFFFFFFFFFFFFF8F
:20B1E000FFFFFFFFFFFFFFFFFFFFFFFFFFFFFFFFFFFFFFFFFFFFFFFFFFFFFFFFFFFFFFFF6F
:20B20000FFFFFFFFFFFFFFFFFFFFFFFFFFFFFFFFFFFFFFFFFFFFFFFFFFFFFFFFFFFFFFFF4E
:20B22000FFFFFFFFFFFFFFFFFFFFFFFFFFFFFFFFFFFFFFFFFFFFFFFFFFFFFFFFFFFFFFFF2E
:20B24000FFFFFFFFFFFFFFFFFFFFFFFFFFFFFFFFFFFFFFFFFFFFFFFFFFFFFFFFFFFFFFFF0E
:20B26000FFFFFFFFFFFFFFFFFFFFFFFFFFFFFFFFFFFFFFFFFFFFFFFFFFFFFFFFFFFFFFFFEE
:20B28000FFFFFFFFFFFFFFFFFFFFFFFFFFFFFFFFFFFFFFFFFFFFFFFFFFFFFFFFFFFFFFFFCE
:20B2A000FFFFFFFFFFFFFFFFFFFFFFFFFFFFFFFFFFFFFFFFFFFFFFFFFFFFFFFFFFFFFFFFAE
:20B2C000FFFFFFFFFFFFFFFFFFFFFFFFFFFFFFFFFFFFFFFFFFFFFFFFFFFFFFFFFFFFFFFF8E
:20B2E000FFFFFFFFFFFFFFFFFFFFFFFFFFFFFFFFFFFFFFFFFFFFFFFFFFFFFFFFFFFFFFFF6E
:20B30000FFFFFFFFFFFFFFFFFFFFFFFFFFFFFFFFFFFFFFFFFFFFFFFFFFFFFFFFFFFFFFFF4D
:20B32000FFFFFFFFFFFFFFFFFFFFFFFFFFFFFFFFFFFFFFFFFFFFFFFFFFFFFFFFFFFFFFFF2D
:20B34000FFFFFFFFFFFFFFFFFFFFFFFFFFFFFFFFFFFFFFFFFFFFFFFFFFFFFFFFFFFFFFFF0D
:20B36000FFFFFFFFFFFFFFFFFFFFFFFFFFFFFFFFFFFFFFFFFFFFFFFFFFFFFFFFFFFFFFFFED
:20B38000FFFFFFFFFFFFFFFFFFFFFFFFFFFFFFFFFFFFFFFFFFFFFFFFFFFFFFFFFFFFFFFFCD
:20B3A000FFFFFFFFFFFFFFFFFFFFFFFFFFFFFFFFFFFFFFFFFFFFFFFFFFFFFFFFFFFFFFFFAD
:20B3C000FFFFFFFFFFFFFFFFFFFFFFFFFFFFFFFFFFFFFFFFFFFFFFFFFFFFFFFFFFFFFFFF8D
:20B3E000FFFFFFFFFFFFFFFFFFFFFFFFFFFFFFFFFFFFFFFFFFFFFFFFFFFFFFFFFFFFFFFF6D
:20B40000FFFFFFFFFFFFFFFFFFFFFFFFFFFFFFFFFFFFFFFFFFFFFFFFFFFFFFFFFFFFFFFF4C
:20B42000FFFFFFFFFFFFFFFFFFFFFFFFFFFFFFFFFFFFFFFFFFFFFFFFFFFFFFFFFFFFFFFF2C
:20B44000FFFFFFFFFFFFFFFFFFFFFFFFFFFFFFFFFFFFFFFFFFFFFFFFFFFFFFFFFFFFFFFF0C
:20B46000FFFFFFFFFFFFFFFFFFFFFFFFFFFFFFFFFFFFFFFFFFFFFFFFFFFFFFFFFFFFFFFFEC
:20B48000FFFFFFFFFFFFFFFFFFFFFFFFFFFFFFFFFFFFFFFFFFFFFFFFFFFFFFFFFFFFFFFFCC
:20B4A000FFFFFFFFFFFFFFFFFFFFFFFFFFFFFFFFFFFFFFFFFFFFFFFFFFFFFFFFFFFFFFFFAC
:20B4C000FFFFFFFFFFFFFFFFFFFFFFFFFFFFFFFFFFFFFFFFFFFFFFFFFFFFFFFFFFFFFFFF8C
:20B4E000FFFFFFFFFFFFFFFFFFFFFFFFFFFFFFFFFFFFFFFFFFFFFFFFFFFFFFFFFFFFFFFF6C
:20B50000FFFFFFFFFFFFFFFFFFFFFFFFFFFFFFFFFFFFFFFFFFFFFFFFFFFFFFFFFFFFFFFF4B
:20B52000FFFFFFFFFFFFFFFFFFFFFFFFFFFFFFFFFFFFFFFFFFFFFFFFFFFFFFFFFFFFFFFF2B
:20B54000FFFFFFFFFFFFFFFFFFFFFFFFFFFFFFFFFFFFFFFFFFFFFFFFFFFFFFFFFFFFFFFF0B
:20B56000FFFFFFFFFFFFFFFFFFFFFFFFFFFFFFFFFFFFFFFFFFFFFFFFFFFFFFFFFFFFFFFFEB
:20B58000FFFFFFFFFFFFFFFFFFFFFFFFFFFFFFFFFFFFFFFFFFFFFFFFFFFFFFFFFFFFFFFFCB
:20B5A000FFFFFFFFFFFFFFFFFFFFFFFFFFFFFFFFFFFFFFFFFFFFFFFFFFFFFFFFFFFFFFFFAB
:20B5C000FFFFFFFFFFFFFFFFFFFFFFFFFFFFFFFFFFFFFFFFFFFFFFFFFFFFFFFFFFFFFFFF8B
:20B5E000FFFFFFFFFFFFFFFFFFFFFFFFFFFFFFFFFFFFFFFFFFFFFFFFFFFFFFFFFFFFFFFF6B
:20B60000FFFFFFFFFFFFFFFFFFFFFFFFFFFFFFFFFFFFFFFFFFFFFFFFFFFFFFFFFFFFFFFF4A
:20B62000FFFFFFFFFFFFFFFFFFFFFFFFFFFFFFFFFFFFFFFFFFFFFFFFFFFFFFFFFFFFFFFF2A
:20B64000FFFFFFFFFFFFFFFFFFFFFFFFFFFFFFFFFFFFFFFFFFFFFFFFFFFFFFFFFFFFFFFF0A
:20B66000FFFFFFFFFFFFFFFFFFFFFFFFFFFFFFFFFFFFFFFFFFFFFFFFFFFFFFFFFFFFFFFFEA
:20B68000FFFFFFFFFFFFFFFFFFFFFFFFFFFFFFFFFFFFFFFFFFFFFFFFFFFFFFFFFFFFFFFFCA
:20B6A000FFFFFFFFFFFFFFFFFFFFFFFFFFFFFFFFFFFFFFFFFFFFFFFFFFFFFFFFFFFFFFFFAA
:20B6C000FFFFFFFFFFFFFFFFFFFFFFFFFFFFFFFFFFFFFFFFFFFFFFFFFFFFFFFFFFFFFFFF8A
:20B6E000FFFFFFFFFFFFFFFFFFFFFFFFFFFFFFFFFFFFFFFFFFFFFFFFFFFFFFFFFFFFFFFF6A
:20B70000FFFFFFFFFFFFFFFFFFFFFFFFFFFFFFFFFFFFFFFFFFFFFFFFFFFFFFFFFFFFFFFF49
:20B72000FFFFFFFFFFFFFFFFFFFFFFFFFFFFFFFFFFFFFFFFFFFFFFFFFFFFFFFFFFFFFFFF29
:20B74000FFFFFFFFFFFFFFFFFFFFFFFFFFFFFFFFFFFFFFFFFFFFFFFFFFFFFFFFFFFFFFFF09
:20B76000FFFFFFFFFFFFFFFFFFFFFFFFFFFFFFFFFFFFFFFFFFFFFFFFFFFFFFFFFFFFFFFFE9
:20B78000FFFFFFFFFFFFFFFFFFFFFFFFFFFFFFFFFFFFFFFFFFFFFFFFFFFFFFFFFFFFFFFFC9
:20B7A000FFFFFFFFFFFFFFFFFFFFFFFFFFFFFFFFFFFFFFFFFFFFFFFFFFFFFFFFFFFFFFFFA9
:20B7C000FFFFFFFFFFFFFFFFFFFFFFFFFFFFFFFFFFFFFFFFFFFFFFFFFFFFFFFFFFFFFFFF89
:20B7E000FFFFFFFFFFFFFFFFFFFFFFFFFFFFFFFFFFFFFFFFFFFFFFFFFFFFFFFFFFFFFFFF69
:20B80000FFFFFFFFFFFFFFFFFFFFFFFFFFFFFFFFFFFFFFFFFFFFFFFFFFFFFFFFFFFFFFFF48
:20B82000FFFFFFFFFFFFFFFFFFFFFFFFFFFFFFFFFFFFFFFFFFFFFFFFFFFFFFFFFFFFFFFF28
:20B84000FFFFFFFFFFFFFFFFFFFFFFFFFFFFFFFFFFFFFFFFFFFFFFFFFFFFFFFFFFFFFFFF08
:20B86000FFFFFFFFFFFFFFFFFFFFFFFFFFFFFFFFFFFFFFFFFFFFFFFFFFFFFFFFFFFFFFFFE8
:20B88000FFFFFFFFFFFFFFFFFFFFFFFFFFFFFFFFFFFFFFFFFFFFFFFFFFFFFFFFFFFFFFFFC8
:20B8A000FFFFFFFFFFFFFFFFFFFFFFFFFFFFFFFFFFFFFFFFFFFFFFFFFFFFFFFFFFFFFFFFA8
:20B8C000FFFFFFFFFFFFFFFFFFFFFFFFFFFFFFFFFFFFFFFFFFFFFFFFFFFFFFFFFFFFFFFF88
:20B8E000FFFFFFFFFFFFFFFFFFFFFFFFFFFFFFFFFFFFFFFFFFFFFFFFFFFFFFFFFFFFFFFF68
:20B90000FFFFFFFFFFFFFFFFFFFFFFFFFFFFFFFFFFFFFFFFFFFFFFFFFFFFFFFFFFFFFFFF47
:20B92000FFFFFFFFFFFFFFFFFFFFFFFFFFFFFFFFFFFFFFFFFFFFFFFFFFFFFFFFFFFFFFFF27
:20B94000FFFFFFFFFFFFFFFFFFFFFFFFFFFFFFFFFFFFFFFFFFFFFFFFFFFFFFFFFFFFFFFF07
:20B96000FFFFFFFFFFFFFFFFFFFFFFFFFFFFFFFFFFFFFFFFFFFFFFFFFFFFFFFFFFFFFFFFE7
:20B98000FFFFFFFFFFFFFFFFFFFFFFFFFFFFFFFFFFFFFFFFFFFFFFFFFFFFFFFFFFFFFFFFC7
:20B9A000FFFFFFFFFFFFFFFFFFFFFFFFFFFFFFFFFFFFFFFFFFFFFFFFFFFFFFFFFFFFFFFFA7
:20B9C000FFFFFFFFFFFFFFFFFFFFFFFFFFFFFFFFFFFFFFFFFFFFFFFFFFFFFFFFFFFFFFFF87
:20B9E000FFFFFFFFFFFFFFFFFFFFFFFFFFFFFFFFFFFFFFFFFFFFFFFFFFFFFFFFFFFFFFFF67
:20BA0000FFFFFFFFFFFFFFFFFFFFFFFFFFFFFFFFFFFFFFFFFFFFFFFFFFFFFFFFFFFFFFFF46
:20BA2000FFFFFFFFFFFFFFFFFFFFFFFFFFFFFFFFFFFFFFFFFFFFFFFFFFFFFFFFFFFFFFFF26
:20BA4000FFFFFFFFFFFFFFFFFFFFFFFFFFFFFFFFFFFFFFFFFFFFFFFFFFFFFFFFFFFFFFFF06
:20BA6000FFFFFFFFFFFFFFFFFFFFFFFFFFFFFFFFFFFFFFFFFFFFFFFFFFFFFFFFFFFFFFFFE6
:20BA8000FFFFFFFFFFFFFFFFFFFFFFFFFFFFFFFFFFFFFFFFFFFFFFFFFFFFFFFFFFFFFFFFC6
:20BAA000FFFFFFFFFFFFFFFFFFFFFFFFFFFFFFFFFFFFFFFFFFFFFFFFFFFFFFFFFFFFFFFFA6
:20BAC000FFFFFFFFFFFFFFFFFFFFFFFFFFFFFFFFFFFFFFFFFFFFFFFFFFFFFFFFFFFFFFFF86
:20BAE000FFFFFFFFFFFFFFFFFFFFFFFFFFFFFFFFFFFFFFFFFFFFFFFFFFFFFFFFFFFFFFFF66
:20BB0000FFFFFFFFFFFFFFFFFFFFFFFFFFFFFFFFFFFFFFFFFFFFFFFFFFFFFFFFFFFFFFFF45
:20BB2000FFFFFFFFFFFFFFFFFFFFFFFFFFFFFFFFFFFFFFFFFFFFFFFFFFFFFFFFFFFFFFFF25
:20BB4000FFFFFFFFFFFFFFFFFFFFFFFFFFFFFFFFFFFFFFFFFFFFFFFFFFFFFFFFFFFFFFFF05
:20BB6000FFFFFFFFFFFFFFFFFFFFFFFFFFFFFFFFFFFFFFFFFFFFFFFFFFFFFFFFFFFFFFFFE5
:20BB8000FFFFFFFFFFFFFFFFFFFFFFFFFFFFFFFFFFFFFFFFFFFFFFFFFFFFFFFFFFFFFFFFC5
:20BBA000FFFFFFFFFFFFFFFFFFFFFFFFFFFFFFFFFFFFFFFFFFFFFFFFFFFFFFFFFFFFFFFFA5
:20BBC000FFFFFFFFFFFFFFFFFFFFFFFFFFFFFFFFFFFFFFFFFFFFFFFFFFFFFFFFFFFFFFFF85
:20BBE000FFFFFFFFFFFFFFFFFFFFFFFFFFFFFFFFFFFFFFFFFFFFFFFFFFFFFFFFFFFFFFFF65
:20BC0000FFFFFFFFFFFFFFFFFFFFFFFFFFFFFFFFFFFFFFFFFFFFFFFFFFFFFFFFFFFFFFFF44
:20BC2000FFFFFFFFFFFFFFFFFFFFFFFFFFFFFFFFFFFFFFFFFFFFFFFFFFFFFFFFFFFFFFFF24
:20BC4000FFFFFFFFFFFFFFFFFFFFFFFFFFFFFFFFFFFFFFFFFFFFFFFFFFFFFFFFFFFFFFFF04
:20BC6000FFFFFFFFFFFFFFFFFFFFFFFFFFFFFFFFFFFFFFFFFFFFFFFFFFFFFFFFFFFFFFFFE4
:20BC8000FFFFFFFFFFFFFFFFFFFFFFFFFFFFFFFFFFFFFFFFFFFFFFFFFFFFFFFFFFFFFFFFC4
:20BCA000FFFFFFFFFFFFFFFFFFFFFFFFFFFFFFFFFFFFFFFFFFFFFFFFFFFFFFFFFFFFFFFFA4
:20BCC000FFFFFFFFFFFFFFFFFFFFFFFFFFFFFFFFFFFFFFFFFFFFFFFFFFFFFFFFFFFFFFFF84
:20BCE000FFFFFFFFFFFFFFFFFFFFFFFFFFFFFFFFFFFFFFFFFFFFFFFFFFFFFFFFFFFFFFFF64
:20BD0000FFFFFFFFFFFFFFFFFFFFFFFFFFFFFFFFFFFFFFFFFFFFFFFFFFFFFFFFFFFFFFFF43
:20BD2000FFFFFFFFFFFFFFFFFFFFFFFFFFFFFFFFFFFFFFFFFFFFFFFFFFFFFFFFFFFFFFFF23
:20BD4000FFFFFFFFFFFFFFFFFFFFFFFFFFFFFFFFFFFFFFFFFFFFFFFFFFFFFFFFFFFFFFFF03
:20BD6000FFFFFFFFFFFFFFFFFFFFFFFFFFFFFFFFFFFFFFFFFFFFFFFFFFFFFFFFFFFFFFFFE3
:20BD8000FFFFFFFFFFFFFFFFFFFFFFFFFFFFFFFFFFFFFFFFFFFFFFFFFFFFFFFFFFFFFFFFC3
:20BDA000FFFFFFFFFFFFFFFFFFFFFFFFFFFFFFFFFFFFFFFFFFFFFFFFFFFFFFFFFFFFFFFFA3
:20BDC000FFFFFFFFFFFFFFFFFFFFFFFFFFFFFFFFFFFFFFFFFFFFFFFFFFFFFFFFFFFFFFFF83
:20BDE000FFFFFFFFFFFFFFFFFFFFFFFFFFFFFFFFFFFFFFFFFFFFFFFFFFFFFFFFFFFFFFFF63
:20BE0000FFFFFFFFFFFFFFFFFFFFFFFFFFFFFFFFFFFFFFFFFFFFFFFFFFFFFFFFFFFFFFFF42
:20BE2000FFFFFFFFFFFFFFFFFFFFFFFFFFFFFFFFFFFFFFFFFFFFFFFFFFFFFFFFFFFFFFFF22
:20BE4000FFFFFFFFFFFFFFFFFFFFFFFFFFFFFFFFFFFFFFFFFFFFFFFFFFFFFFFFFFFFFFFF02
:20BE6000FFFFFFFFFFFFFFFFFFFFFFFFFFFFFFFFFFFFFFFFFFFFFFFFFFFFFFFFFFFFFFFFE2
:20BE8000FFFFFFFFFFFFFFFFFFFFFFFFFFFFFFFFFFFFFFFFFFFFFFFFFFFFFFFFFFFFFFFFC2
:20BEA000FFFFFFFFFFFFFFFFFFFFFFFFFFFFFFFFFFFFFFFFFFFFFFFFFFFFFFFFFFFFFFFFA2
:20BEC000FFFFFFFFFFFFFFFFFFFFFFFFFFFFFFFFFFFFFFFFFFFFFFFFFFFFFFFFFFFFFFFF82
:20BEE000FFFFFFFFFFFFFFFFFFFFFFFFFFFFFFFFFFFFFFFFFFFFFFFFFFFFFFFFFFFFFFFF62
:20BF0000FFFFFFFFFFFFFFFFFFFFFFFFFFFFFFFFFFFFFFFFFFFFFFFFFFFFFFFFFFFFFFFF41
:20BF2000FFFFFFFFFFFFFFFFFFFFFFFFFFFFFFFFFFFFFFFFFFFFFFFFFFFFFFFFFFFFFFFF21
:20BF4000FFFFFFFFFFFFFFFFFFFFFFFFFFFFFFFFFFFFFFFFFFFFFFFFFFFFFFFFFFFFFFFF01
:20BF6000FFFFFFFFFFFFFFFFFFFFFFFFFFFFFFFFFFFFFFFFFFFFFFFFFFFFFFFFFFFFFFFFE1
:20BF8000FFFFFFFFFFFFFFFFFFFFFFFFFFFFFFFFFFFFFFFFFFFFFFFFFFFFFFFFFFFFFFFFC1
:20BFA000FFFFFFFFFFFFFFFFFFFFFFFFFFFFFFFFFFFFFFFFFFFFFFFFFFFFFFFFFFFFFFFFA1
:20BFC000FFFFFFFFFFFFFFFFFFFFFFFFFFFFFFFFFFFFFFFFFFFFFFFFFFFFFFFFFFFFFFFF81
:20BFE000FFFFFFFFFFFFFFFFFFFFFFFFFFFFFFFFFFFFFFFFFFFFFFFFFFFFFFFFFFFFFFFF61
:20C00000FFFFFFFFFFFFFFFFFFFFFFFFFFFFFFFFFFFFFFFFFFFFFFFFFFFFFFFFFFFFFFFF40
:20C02000FFFFFFFFFFFFFFFFFFFFFFFFFFFFFFFFFFFFFFFFFFFFFFFFFFFFFFFFFFFFFFFF20
:20C04000FFFFFFFFFFFFFFFFFFFFFFFFFFFFFFFFFFFFFFFFFFFFFFFFFFFFFFFFFFFFFFFF00
:20C06000FFFFFFFFFFFFFFFFFFFFFFFFFFFFFFFFFFFFFFFFFFFFFFFFFFFFFFFFFFFFFFFFE0
:20C08000FFFFFFFFFFFFFFFFFFFFFFFFFFFFFFFFFFFFFFFFFFFFFFFFFFFFFFFFFFFFFFFFC0
:20C0A000FFFFFFFFFFFFFFFFFFFFFFFFFFFFFFFFFFFFFFFFFFFFFFFFFFFFFFFFFFFFFFFFA0
:20C0C000FFFFFFFFFFFFFFFFFFFFFFFFFFFFFFFFFFFFFFFFFFFFFFFFFFFFFFFFFFFFFFFF80
:20C0E000FFFFFFFFFFFFFFFFFFFFFFFFFFFFFFFFFFFFFFFFFFFFFFFFFFFFFFFFFFFFFFFF60
:20C10000FFFFFFFFFFFFFFFFFFFFFFFFFFFFFFFFFFFFFFFFFFFFFFFFFFFFFFFFFFFFFFFF3F
:20C12000FFFFFFFFFFFFFFFFFFFFFFFFFFFFFFFFFFFFFFFFFFFFFFFFFFFFFFFFFFFFFFFF1F
:20C14000FFFFFFFFFFFFFFFFFFFFFFFFFFFFFFFFFFFFFFFFFFFFFFFFFFFFFFFFFFFFFFFFFF
:20C16000FFFFFFFFFFFFFFFFFFFFFFFFFFFFFFFFFFFFFFFFFFFFFFFFFFFFFFFFFFFFFFFFDF
:20C18000FFFFFFFFFFFFFFFFFFFFFFFFFFFFFFFFFFFFFFFFFFFFFFFFFFFFFFFFFFFFFFFFBF
:20C1A000FFFFFFFFFFFFFFFFFFFFFFFFFFFFFFFFFFFFFFFFFFFFFFFFFFFFFFFFFFFFFFFF9F
:20C1C000FFFFFFFFFFFFFFFFFFFFFFFFFFFFFFFFFFFFFFFFFFFFFFFFFFFFFFFFFFFFFFFF7F
:20C1E000FFFFFFFFFFFFFFFFFFFFFFFFFFFFFFFFFFFFFFFFFFFFFFFFFFFFFFFFFFFFFFFF5F
:20C20000FFFFFFFFFFFFFFFFFFFFFFFFFFFFFFFFFFFFFFFFFFFFFFFFFFFFFFFFFFFFFFFF3E
:20C22000FFFFFFFFFFFFFFFFFFFFFFFFFFFFFFFFFFFFFFFFFFFFFFFFFFFFFFFFFFFFFFFF1E
:20C24000FFFFFFFFFFFFFFFFFFFFFFFFFFFFFFFFFFFFFFFFFFFFFFFFFFFFFFFFFFFFFFFFFE
:20C26000FFFFFFFFFFFFFFFFFFFFFFFFFFFFFFFFFFFFFFFFFFFFFFFFFFFFFFFFFFFFFFFFDE
:20C28000FFFFFFFFFFFFFFFFFFFFFFFFFFFFFFFFFFFFFFFFFFFFFFFFFFFFFFFFFFFFFFFFBE
:20C2A000FFFFFFFFFFFFFFFFFFFFFFFFFFFFFFFFFFFFFFFFFFFFFFFFFFFFFFFFFFFFFFFF9E
:20C2C000FFFFFFFFFFFFFFFFFFFFFFFFFFFFFFFFFFFFFFFFFFFFFFFFFFFFFFFFFFFFFFFF7E
:20C2E000FFFFFFFFFFFFFFFFFFFFFFFFFFFFFFFFFFFFFFFFFFFFFFFFFFFFFFFFFFFFFFFF5E
:20C30000FFFFFFFFFFFFFFFFFFFFFFFFFFFFFFFFFFFFFFFFFFFFFFFFFFFFFFFFFFFFFFFF3D
:20C32000FFFFFFFFFFFFFFFFFFFFFFFFFFFFFFFFFFFFFFFFFFFFFFFFFFFFFFFFFFFFFFFF1D
:20C34000FFFFFFFFFFFFFFFFFFFFFFFFFFFFFFFFFFFFFFFFFFFFFFFFFFFFFFFFFFFFFFFFFD
:20C36000FFFFFFFFFFFFFFFFFFFFFFFFFFFFFFFFFFFFFFFFFFFFFFFFFFFFFFFFFFFFFFFFDD
:20C38000FFFFFFFFFFFFFFFFFFFFFFFFFFFFFFFFFFFFFFFFFFFFFFFFFFFFFFFFFFFFFFFFBD
:20C3A000FFFFFFFFFFFFFFFFFFFFFFFFFFFFFFFFFFFFFFFFFFFFFFFFFFFFFFFFFFFFFFFF9D
:20C3C000FFFFFFFFFFFFFFFFFFFFFFFFFFFFFFFFFFFFFFFFFFFFFFFFFFFFFFFFFFFFFFFF7D
:20C3E000FFFFFFFFFFFFFFFFFFFFFFFFFFFFFFFFFFFFFFFFFFFFFFFFFFFFFFFFFFFFFFFF5D
:20C40000FFFFFFFFFFFFFFFFFFFFFFFFFFFFFFFFFFFFFFFFFFFFFFFFFFFFFFFFFFFFFFFF3C
:20C42000FFFFFFFFFFFFFFFFFFFFFFFFFFFFFFFFFFFFFFFFFFFFFFFFFFFFFFFFFFFFFFFF1C
:20C44000FFFFFFFFFFFFFFFFFFFFFFFFFFFFFFFFFFFFFFFFFFFFFFFFFFFFFFFFFFFFFFFFFC
:20C46000FFFFFFFFFFFFFFFFFFFFFFFFFFFFFFFFFFFFFFFFFFFFFFFFFFFFFFFFFFFFFFFFDC
:20C48000FFFFFFFFFFFFFFFFFFFFFFFFFFFFFFFFFFFFFFFFFFFFFFFFFFFFFFFFFFFFFFFFBC
:20C4A000FFFFFFFFFFFFFFFFFFFFFFFFFFFFFFFFFFFFFFFFFFFFFFFFFFFFFFFFFFFFFFFF9C
:20C4C000FFFFFFFFFFFFFFFFFFFFFFFFFFFFFFFFFFFFFFFFFFFFFFFFFFFFFFFFFFFFFFFF7C
:20C4E000FFFFFFFFFFFFFFFFFFFFFFFFFFFFFFFFFFFFFFFFFFFFFFFFFFFFFFFFFFFFFFFF5C
:20C50000FFFFFFFFFFFFFFFFFFFFFFFFFFFFFFFFFFFFFFFFFFFFFFFFFFFFFFFFFFFFFFFF3B
:20C52000FFFFFFFFFFFFFFFFFFFFFFFFFFFFFFFFFFFFFFFFFFFFFFFFFFFFFFFFFFFFFFFF1B
:20C54000FFFFFFFFFFFFFFFFFFFFFFFFFFFFFFFFFFFFFFFFFFFFFFFFFFFFFFFFFFFFFFFFFB
:20C56000FFFFFFFFFFFFFFFFFFFFFFFFFFFFFFFFFFFFFFFFFFFFFFFFFFFFFFFFFFFFFFFFDB
:20C58000FFFFFFFFFFFFFFFFFFFFFFFFFFFFFFFFFFFFFFFFFFFFFFFFFFFFFFFFFFFFFFFFBB
:20C5A000FFFFFFFFFFFFFFFFFFFFFFFFFFFFFFFFFFFFFFFFFFFFFFFFFFFFFFFFFFFFFFFF9B
:20C5C000FFFFFFFFFFFFFFFFFFFFFFFFFFFFFFFFFFFFFFFFFFFFFFFFFFFFFFFFFFFFFFFF7B
:20C5E000FFFFFFFFFFFFFFFFFFFFFFFFFFFFFFFFFFFFFFFFFFFFFFFFFFFFFFFFFFFFFFFF5B
:20C60000FFFFFFFFFFFFFFFFFFFFFFFFFFFFFFFFFFFFFFFFFFFFFFFFFFFFFFFFFFFFFFFF3A
:20C62000FFFFFFFFFFFFFFFFFFFFFFFFFFFFFFFFFFFFFFFFFFFFFFFFFFFFFFFFFFFFFFFF1A
:20C64000FFFFFFFFFFFFFFFFFFFFFFFFFFFFFFFFFFFFFFFFFFFFFFFFFFFFFFFFFFFFFFFFFA
:20C66000FFFFFFFFFFFFFFFFFFFFFFFFFFFFFFFFFFFFFFFFFFFFFFFFFFFFFFFFFFFFFFFFDA
:20C68000FFFFFFFFFFFFFFFFFFFFFFFFFFFFFFFFFFFFFFFFFFFFFFFFFFFFFFFFFFFFFFFFBA
:20C6A000FFFFFFFFFFFFFFFFFFFFFFFFFFFFFFFFFFFFFFFFFFFFFFFFFFFFFFFFFFFFFFFF9A
:20C6C000FFFFFFFFFFFFFFFFFFFFFFFFFFFFFFFFFFFFFFFFFFFFFFFFFFFFFFFFFFFFFFFF7A
:20C6E000FFFFFFFFFFFFFFFFFFFFFFFFFFFFFFFFFFFFFFFFFFFFFFFFFFFFFFFFFFFFFFFF5A
:20C70000FFFFFFFFFFFFFFFFFFFFFFFFFFFFFFFFFFFFFFFFFFFFFFFFFFFFFFFFFFFFFFFF39
:20C72000FFFFFFFFFFFFFFFFFFFFFFFFFFFFFFFFFFFFFFFFFFFFFFFFFFFFFFFFFFFFFFFF19
:20C74000FFFFFFFFFFFFFFFFFFFFFFFFFFFFFFFFFFFFFFFFFFFFFFFFFFFFFFFFFFFFFFFFF9
:20C76000FFFFFFFFFFFFFFFFFFFFFFFFFFFFFFFFFFFFFFFFFFFFFFFFFFFFFFFFFFFFFFFFD9
:20C78000FFFFFFFFFFFFFFFFFFFFFFFFFFFFFFFFFFFFFFFFFFFFFFFFFFFFFFFFFFFFFFFFB9
:20C7A000FFFFFFFFFFFFFFFFFFFFFFFFFFFFFFFFFFFFFFFFFFFFFFFFFFFFFFFFFFFFFFFF99
:20C7C000FFFFFFFFFFFFFFFFFFFFFFFFFFFFFFFFFFFFFFFFFFFFFFFFFFFFFFFFFFFFFFFF79
:20C7E000FFFFFFFFFFFFFFFFFFFFFFFFFFFFFFFFFFFFFFFFFFFFFFFFFFFFFFFFFFFFFFFF59
:20C80000FFFFFFFFFFFFFFFFFFFFFFFFFFFFFFFFFFFFFFFFFFFFFFFFFFFFFFFFFFFFFFFF38
:20C82000FFFFFFFFFFFFFFFFFFFFFFFFFFFFFFFFFFFFFFFFFFFFFFFFFFFFFFFFFFFFFFFF18
:20C84000FFFFFFFFFFFFFFFFFFFFFFFFFFFFFFFFFFFFFFFFFFFFFFFFFFFFFFFFFFFFFFFFF8
:20C86000FFFFFFFFFFFFFFFFFFFFFFFFFFFFFFFFFFFFFFFFFFFFFFFFFFFFFFFFFFFFFFFFD8
:20C88000FFFFFFFFFFFFFFFFFFFFFFFFFFFFFFFFFFFFFFFFFFFFFFFFFFFFFFFFFFFFFFFFB8
:20C8A000FFFFFFFFFFFFFFFFFFFFFFFFFFFFFFFFFFFFFFFFFFFFFFFFFFFFFFFFFFFFFFFF98
:20C8C000FFFFFFFFFFFFFFFFFFFFFFFFFFFFFFFFFFFFFFFFFFFFFFFFFFFFFFFFFFFFFFFF78
:20C8E000FFFFFFFFFFFFFFFFFFFFFFFFFFFFFFFFFFFFFFFFFFFFFFFFFFFFFFFFFFFFFFFF58
:20C90000FFFFFFFFFFFFFFFFFFFFFFFFFFFFFFFFFFFFFFFFFFFFFFFFFFFFFFFFFFFFFFFF37
:20C92000FFFFFFFFFFFFFFFFFFFFFFFFFFFFFFFFFFFFFFFFFFFFFFFFFFFFFFFFFFFFFFFF17
:20C94000FFFFFFFFFFFFFFFFFFFFFFFFFFFFFFFFFFFFFFFFFFFFFFFFFFFFFFFFFFFFFFFFF7
:20C96000FFFFFFFFFFFFFFFFFFFFFFFFFFFFFFFFFFFFFFFFFFFFFFFFFFFFFFFFFFFFFFFFD7
:20C98000FFFFFFFFFFFFFFFFFFFFFFFFFFFFFFFFFFFFFFFFFFFFFFFFFFFFFFFFFFFFFFFFB7
:20C9A000FFFFFFFFFFFFFFFFFFFFFFFFFFFFFFFFFFFFFFFFFFFFFFFFFFFFFFFFFFFFFFFF97
:20C9C000FFFFFFFFFFFFFFFFFFFFFFFFFFFFFFFFFFFFFFFFFFFFFFFFFFFFFFFFFFFFFFFF77
:20C9E000FFFFFFFFFFFFFFFFFFFFFFFFFFFFFFFFFFFFFFFFFFFFFFFFFFFFFFFFFFFFFFFF57
:20CA0000FFFFFFFFFFFFFFFFFFFFFFFFFFFFFFFFFFFFFFFFFFFFFFFFFFFFFFFFFFFFFFFF36
:20CA2000FFFFFFFFFFFFFFFFFFFFFFFFFFFFFFFFFFFFFFFFFFFFFFFFFFFFFFFFFFFFFFFF16
:20CA4000FFFFFFFFFFFFFFFFFFFFFFFFFFFFFFFFFFFFFFFFFFFFFFFFFFFFFFFFFFFFFFFFF6
:20CA6000FFFFFFFFFFFFFFFFFFFFFFFFFFFFFFFFFFFFFFFFFFFFFFFFFFFFFFFFFFFFFFFFD6
:20CA8000FFFFFFFFFFFFFFFFFFFFFFFFFFFFFFFFFFFFFFFFFFFFFFFFFFFFFFFFFFFFFFFFB6
:20CAA000FFFFFFFFFFFFFFFFFFFFFFFFFFFFFFFFFFFFFFFFFFFFFFFFFFFFFFFFFFFFFFFF96
:20CAC000FFFFFFFFFFFFFFFFFFFFFFFFFFFFFFFFFFFFFFFFFFFFFFFFFFFFFFFFFFFFFFFF76
:20CAE000FFFFFFFFFFFFFFFFFFFFFFFFFFFFFFFFFFFFFFFFFFFFFFFFFFFFFFFFFFFFFFFF56
:20CB0000FFFFFFFFFFFFFFFFFFFFFFFFFFFFFFFFFFFFFFFFFFFFFFFFFFFFFFFFFFFFFFFF35
:20CB2000FFFFFFFFFFFFFFFFFFFFFFFFFFFFFFFFFFFFFFFFFFFFFFFFFFFFFFFFFFFFFFFF15
:20CB4000FFFFFFFFFFFFFFFFFFFFFFFFFFFFFFFFFFFFFFFFFFFFFFFFFFFFFFFFFFFFFFFFF5
:20CB6000FFFFFFFFFFFFFFFFFFFFFFFFFFFFFFFFFFFFFFFFFFFFFFFFFFFFFFFFFFFFFFFFD5
:20CB8000FFFFFFFFFFFFFFFFFFFFFFFFFFFFFFFFFFFFFFFFFFFFFFFFFFFFFFFFFFFFFFFFB5
:20CBA000FFFFFFFFFFFFFFFFFFFFFFFFFFFFFFFFFFFFFFFFFFFFFFFFFFFFFFFFFFFFFFFF95
:20CBC000FFFFFFFFFFFFFFFFFFFFFFFFFFFFFFFFFFFFFFFFFFFFFFFFFFFFFFFFFFFFFFFF75
:20CBE000FFFFFFFFFFFFFFFFFFFFFFFFFFFFFFFFFFFFFFFFFFFFFFFFFFFFFFFFFFFFFFFF55
:20CC0000FFFFFFFFFFFFFFFFFFFFFFFFFFFFFFFFFFFFFFFFFFFFFFFFFFFFFFFFFFFFFFFF34
:20CC2000FFFFFFFFFFFFFFFFFFFFFFFFFFFFFFFFFFFFFFFFFFFFFFFFFFFFFFFFFFFFFFFF14
:20CC4000FFFFFFFFFFFFFFFFFFFFFFFFFFFFFFFFFFFFFFFFFFFFFFFFFFFFFFFFFFFFFFFFF4
:20CC6000FFFFFFFFFFFFFFFFFFFFFFFFFFFFFFFFFFFFFFFFFFFFFFFFFFFFFFFFFFFFFFFFD4
:20CC8000FFFFFFFFFFFFFFFFFFFFFFFFFFFFFFFFFFFFFFFFFFFFFFFFFFFFFFFFFFFFFFFFB4
:20CCA000FFFFFFFFFFFFFFFFFFFFFFFFFFFFFFFFFFFFFFFFFFFFFFFFFFFFFFFFFFFFFFFF94
:20CCC000FFFFFFFFFFFFFFFFFFFFFFFFFFFFFFFFFFFFFFFFFFFFFFFFFFFFFFFFFFFFFFFF74
:20CCE000FFFFFFFFFFFFFFFFFFFFFFFFFFFFFFFFFFFFFFFFFFFFFFFFFFFFFFFFFFFFFFFF54
:20CD0000FFFFFFFFFFFFFFFFFFFFFFFFFFFFFFFFFFFFFFFFFFFFFFFFFFFFFFFFFFFFFFFF33
:20CD2000FFFFFFFFFFFFFFFFFFFFFFFFFFFFFFFFFFFFFFFFFFFFFFFFFFFFFFFFFFFFFFFF13
:20CD4000FFFFFFFFFFFFFFFFFFFFFFFFFFFFFFFFFFFFFFFFFFFFFFFFFFFFFFFFFFFFFFFFF3
:20CD6000FFFFFFFFFFFFFFFFFFFFFFFFFFFFFFFFFFFFFFFFFFFFFFFFFFFFFFFFFFFFFFFFD3
:20CD8000FFFFFFFFFFFFFFFFFFFFFFFFFFFFFFFFFFFFFFFFFFFFFFFFFFFFFFFFFFFFFFFFB3
:20CDA000FFFFFFFFFFFFFFFFFFFFFFFFFFFFFFFFFFFFFFFFFFFFFFFFFFFFFFFFFFFFFFFF93
:20CDC000FFFFFFFFFFFFFFFFFFFFFFFFFFFFFFFFFFFFFFFFFFFFFFFFFFFFFFFFFFFFFFFF73
:20CDE000FFFFFFFFFFFFFFFFFFFFFFFFFFFFFFFFFFFFFFFFFFFFFFFFFFFFFFFFFFFFFFFF53
:20CE0000FFFFFFFFFFFFFFFFFFFFFFFFFFFFFFFFFFFFFFFFFFFFFFFFFFFFFFFFFFFFFFFF32
:20CE2000FFFFFFFFFFFFFFFFFFFFFFFFFFFFFFFFFFFFFFFFFFFFFFFFFFFFFFFFFFFFFFFF12
:20CE4000FFFFFFFFFFFFFFFFFFFFFFFFFFFFFFFFFFFFFFFFFFFFFFFFFFFFFFFFFFFFFFFFF2
:20CE6000FFFFFFFFFFFFFFFFFFFFFFFFFFFFFFFFFFFFFFFFFFFFFFFFFFFFFFFFFFFFFFFFD2
:20CE8000FFFFFFFFFFFFFFFFFFFFFFFFFFFFFFFFFFFFFFFFFFFFFFFFFFFFFFFFFFFFFFFFB2
:20CEA000FFFFFFFFFFFFFFFFFFFFFFFFFFFFFFFFFFFFFFFFFFFFFFFFFFFFFFFFFFFFFFFF92
:20CEC000FFFFFFFFFFFFFFFFFFFFFFFFFFFFFFFFFFFFFFFFFFFFFFFFFFFFFFFFFFFFFFFF72
:20CEE000FFFFFFFFFFFFFFFFFFFFFFFFFFFFFFFFFFFFFFFFFFFFFFFFFFFFFFFFFFFFFFFF52
:20CF0000FFFFFFFFFFFFFFFFFFFFFFFFFFFFFFFFFFFFFFFFFFFFFFFFFFFFFFFFFFFFFFFF31
:20CF2000FFFFFFFFFFFFFFFFFFFFFFFFFFFFFFFFFFFFFFFFFFFFFFFFFFFFFFFFFFFFFFFF11
:20CF4000FFFFFFFFFFFFFFFFFFFFFFFFFFFFFFFFFFFFFFFFFFFFFFFFFFFFFFFFFFFFFFFFF1
:20CF6000FFFFFFFFFFFFFFFFFFFFFFFFFFFFFFFFFFFFFFFFFFFFFFFFFFFFFFFFFFFFFFFFD1
:20CF8000FFFFFFFFFFFFFFFFFFFFFFFFFFFFFFFFFFFFFFFFFFFFFFFFFFFFFFFFFFFFFFFFB1
:20CFA000FFFFFFFFFFFFFFFFFFFFFFFFFFFFFFFFFFFFFFFFFFFFFFFFFFFFFFFFFFFFFFFF91
:20CFC000FFFFFFFFFFFFFFFFFFFFFFFFFFFFFFFFFFFFFFFFFFFFFFFFFFFFFFFFFFFFFFFF71
:20CFE000FFFFFFFFFFFFFFFFFFFFFFFFFFFFFFFFFFFFFFFFFFFFFFFFFFFFFFFFFFFFFFFF51
:20D00000FFFFFFFFFFFFFFFFFFFFFFFFFFFFFFFFFFFFFFFFFFFFFFFFFFFFFFFFFFFFFFFF30
:20D02000FFFFFFFFFFFFFFFFFFFFFFFFFFFFFFFFFFFFFFFFFFFFFFFFFFFFFFFFFFFFFFFF10
:20D04000FFFFFFFFFFFFFFFFFFFFFFFFFFFFFFFFFFFFFFFFFFFFFFFFFFFFFFFFFFFFFFFFF0
:20D06000FFFFFFFFFFFFFFFFFFFFFFFFFFFFFFFFFFFFFFFFFFFFFFFFFFFFFFFFFFFFFFFFD0
:20D08000FFFFFFFFFFFFFFFFFFFFFFFFFFFFFFFFFFFFFFFFFFFFFFFFFFFFFFFFFFFFFFFFB0
:20D0A000FFFFFFFFFFFFFFFFFFFFFFFFFFFFFFFFFFFFFFFFFFFFFFFFFFFFFFFFFFFFFFFF90
:20D0C000FFFFFFFFFFFFFFFFFFFFFFFFFFFFFFFFFFFFFFFFFFFFFFFFFFFFFFFFFFFFFFFF70
:20D0E000FFFFFFFFFFFFFFFFFFFFFFFFFFFFFFFFFFFFFFFFFFFFFFFFFFFFFFFFFFFFFFFF50
:20D10000FFFFFFFFFFFFFFFFFFFFFFFFFFFFFFFFFFFFFFFFFFFFFFFFFFFFFFFFFFFFFFFF2F
:20D12000FFFFFFFFFFFFFFFFFFFFFFFFFFFFFFFFFFFFFFFFFFFFFFFFFFFFFFFFFFFFFFFF0F
:20D14000FFFFFFFFFFFFFFFFFFFFFFFFFFFFFFFFFFFFFFFFFFFFFFFFFFFFFFFFFFFFFFFFEF
:20D16000FFFFFFFFFFFFFFFFFFFFFFFFFFFFFFFFFFFFFFFFFFFFFFFFFFFFFFFFFFFFFFFFCF
:20D18000FFFFFFFFFFFFFFFFFFFFFFFFFFFFFFFFFFFFFFFFFFFFFFFFFFFFFFFFFFFFFFFFAF
:20D1A000FFFFFFFFFFFFFFFFFFFFFFFFFFFFFFFFFFFFFFFFFFFFFFFFFFFFFFFFFFFFFFFF8F
:20D1C000FFFFFFFFFFFFFFFFFFFFFFFFFFFFFFFFFFFFFFFFFFFFFFFFFFFFFFFFFFFFFFFF6F
:20D1E000FFFFFFFFFFFFFFFFFFFFFFFFFFFFFFFFFFFFFFFFFFFFFFFFFFFFFFFFFFFFFFFF4F
:20D20000FFFFFFFFFFFFFFFFFFFFFFFFFFFFFFFFFFFFFFFFFFFFFFFFFFFFFFFFFFFFFFFF2E
:20D22000FFFFFFFFFFFFFFFFFFFFFFFFFFFFFFFFFFFFFFFFFFFFFFFFFFFFFFFFFFFFFFFF0E
:20D24000FFFFFFFFFFFFFFFFFFFFFFFFFFFFFFFFFFFFFFFFFFFFFFFFFFFFFFFFFFFFFFFFEE
:20D26000FFFFFFFFFFFFFFFFFFFFFFFFFFFFFFFFFFFFFFFFFFFFFFFFFFFFFFFFFFFFFFFFCE
:20D28000FFFFFFFFFFFFFFFFFFFFFFFFFFFFFFFFFFFFFFFFFFFFFFFFFFFFFFFFFFFFFFFFAE
:20D2A000FFFFFFFFFFFFFFFFFFFFFFFFFFFFFFFFFFFFFFFFFFFFFFFFFFFFFFFFFFFFFFFF8E
:20D2C000FFFFFFFFFFFFFFFFFFFFFFFFFFFFFFFFFFFFFFFFFFFFFFFFFFFFFFFFFFFFFFFF6E
:20D2E000FFFFFFFFFFFFFFFFFFFFFFFFFFFFFFFFFFFFFFFFFFFFFFFFFFFFFFFFFFFFFFFF4E
:20D30000FFFFFFFFFFFFFFFFFFFFFFFFFFFFFFFFFFFFFFFFFFFFFFFFFFFFFFFFFFFFFFFF2D
:20D32000FFFFFFFFFFFFFFFFFFFFFFFFFFFFFFFFFFFFFFFFFFFFFFFFFFFFFFFFFFFFFFFF0D
:20D34000FFFFFFFFFFFFFFFFFFFFFFFFFFFFFFFFFFFFFFFFFFFFFFFFFFFFFFFFFFFFFFFFED
:20D36000FFFFFFFFFFFFFFFFFFFFFFFFFFFFFFFFFFFFFFFFFFFFFFFFFFFFFFFFFFFFFFFFCD
:20D38000FFFFFFFFFFFFFFFFFFFFFFFFFFFFFFFFFFFFFFFFFFFFFFFFFFFFFFFFFFFFFFFFAD
:20D3A000FFFFFFFFFFFFFFFFFFFFFFFFFFFFFFFFFFFFFFFFFFFFFFFFFFFFFFFFFFFFFFFF8D
:20D3C000FFFFFFFFFFFFFFFFFFFFFFFFFFFFFFFFFFFFFFFFFFFFFFFFFFFFFFFFFFFFFFFF6D
:20D3E000FFFFFFFFFFFFFFFFFFFFFFFFFFFFFFFFFFFFFFFFFFFFFFFFFFFFFFFFFFFFFFFF4D
:20D40000FFFFFFFFFFFFFFFFFFFFFFFFFFFFFFFFFFFFFFFFFFFFFFFFFFFFFFFFFFFFFFFF2C
:20D42000FFFFFFFFFFFFFFFFFFFFFFFFFFFFFFFFFFFFFFFFFFFFFFFFFFFFFFFFFFFFFFFF0C
:20D44000FFFFFFFFFFFFFFFFFFFFFFFFFFFFFFFFFFFFFFFFFFFFFFFFFFFFFFFFFFFFFFFFEC
:20D46000FFFFFFFFFFFFFFFFFFFFFFFFFFFFFFFFFFFFFFFFFFFFFFFFFFFFFFFFFFFFFFFFCC
:20D48000FFFFFFFFFFFFFFFFFFFFFFFFFFFFFFFFFFFFFFFFFFFFFFFFFFFFFFFFFFFFFFFFAC
:20D4A000FFFFFFFFFFFFFFFFFFFFFFFFFFFFFFFFFFFFFFFFFFFFFFFFFFFFFFFFFFFFFFFF8C
:20D4C000FFFFFFFFFFFFFFFFFFFFFFFFFFFFFFFFFFFFFFFFFFFFFFFFFFFFFFFFFFFFFFFF6C
:20D4E000FFFFFFFFFFFFFFFFFFFFFFFFFFFFFFFFFFFFFFFFFFFFFFFFFFFFFFFFFFFFFFFF4C
:20D50000FFFFFFFFFFFFFFFFFFFFFFFFFFFFFFFFFFFFFFFFFFFFFFFFFFFFFFFFFFFFFFFF2B
:20D52000FFFFFFFFFFFFFFFFFFFFFFFFFFFFFFFFFFFFFFFFFFFFFFFFFFFFFFFFFFFFFFFF0B
:20D54000FFFFFFFFFFFFFFFFFFFFFFFFFFFFFFFFFFFFFFFFFFFFFFFFFFFFFFFFFFFFFFFFEB
:20D56000FFFFFFFFFFFFFFFFFFFFFFFFFFFFFFFFFFFFFFFFFFFFFFFFFFFFFFFFFFFFFFFFCB
:20D58000FFFFFFFFFFFFFFFFFFFFFFFFFFFFFFFFFFFFFFFFFFFFFFFFFFFFFFFFFFFFFFFFAB
:20D5A000FFFFFFFFFFFFFFFFFFFFFFFFFFFFFFFFFFFFFFFFFFFFFFFFFFFFFFFFFFFFFFFF8B
:20D5C000FFFFFFFFFFFFFFFFFFFFFFFFFFFFFFFFFFFFFFFFFFFFFFFFFFFFFFFFFFFFFFFF6B
:20D5E000FFFFFFFFFFFFFFFFFFFFFFFFFFFFFFFFFFFFFFFFFFFFFFFFFFFFFFFFFFFFFFFF4B
:20D60000FFFFFFFFFFFFFFFFFFFFFFFFFFFFFFFFFFFFFFFFFFFFFFFFFFFFFFFFFFFFFFFF2A
:20D62000FFFFFFFFFFFFFFFFFFFFFFFFFFFFFFFFFFFFFFFFFFFFFFFFFFFFFFFFFFFFFFFF0A
:20D64000FFFFFFFFFFFFFFFFFFFFFFFFFFFFFFFFFFFFFFFFFFFFFFFFFFFFFFFFFFFFFFFFEA
:20D66000FFFFFFFFFFFFFFFFFFFFFFFFFFFFFFFFFFFFFFFFFFFFFFFFFFFFFFFFFFFFFFFFCA
:20D68000FFFFFFFFFFFFFFFFFFFFFFFFFFFFFFFFFFFFFFFFFFFFFFFFFFFFFFFFFFFFFFFFAA
:20D6A000FFFFFFFFFFFFFFFFFFFFFFFFFFFFFFFFFFFFFFFFFFFFFFFFFFFFFFFFFFFFFFFF8A
:20D6C000FFFFFFFFFFFFFFFFFFFFFFFFFFFFFFFFFFFFFFFFFFFFFFFFFFFFFFFFFFFFFFFF6A
:20D6E000FFFFFFFFFFFFFFFFFFFFFFFFFFFFFFFFFFFFFFFFFFFFFFFFFFFFFFFFFFFFFFFF4A
:20D70000FFFFFFFFFFFFFFFFFFFFFFFFFFFFFFFFFFFFFFFFFFFFFFFFFFFFFFFFFFFFFFFF29
:20D72000FFFFFFFFFFFFFFFFFFFFFFFFFFFFFFFFFFFFFFFFFFFFFFFFFFFFFFFFFFFFFFFF09
:20D74000FFFFFFFFFFFFFFFFFFFFFFFFFFFFFFFFFFFFFFFFFFFFFFFFFFFFFFFFFFFFFFFFE9
:20D76000FFFFFFFFFFFFFFFFFFFFFFFFFFFFFFFFFFFFFFFFFFFFFFFFFFFFFFFFFFFFFFFFC9
:20D78000FFFFFFFFFFFFFFFFFFFFFFFFFFFFFFFFFFFFFFFFFFFFFFFFFFFFFFFFFFFFFFFFA9
:20D7A000FFFFFFFFFFFFFFFFFFFFFFFFFFFFFFFFFFFFFFFFFFFFFFFFFFFFFFFFFFFFFFFF89
:20D7C000FFFFFFFFFFFFFFFFFFFFFFFFFFFFFFFFFFFFFFFFFFFFFFFFFFFFFFFFFFFFFFFF69
:20D7E000FFFFFFFFFFFFFFFFFFFFFFFFFFFFFFFFFFFFFFFFFFFFFFFFFFFFFFFFFFFFFFFF49
:20D80000FFFFFFFFFFFFFFFFFFFFFFFFFFFFFFFFFFFFFFFFFFFFFFFFFFFFFFFFFFFFFFFF28
:20D82000FFFFFFFFFFFFFFFFFFFFFFFFFFFFFFFFFFFFFFFFFFFFFFFFFFFFFFFFFFFFFFFF08
:20D84000FFFFFFFFFFFFFFFFFFFFFFFFFFFFFFFFFFFFFFFFFFFFFFFFFFFFFFFFFFFFFFFFE8
:20D86000FFFFFFFFFFFFFFFFFFFFFFFFFFFFFFFFFFFFFFFFFFFFFFFFFFFFFFFFFFFFFFFFC8
:20D88000FFFFFFFFFFFFFFFFFFFFFFFFFFFFFFFFFFFFFFFFFFFFFFFFFFFFFFFFFFFFFFFFA8
:20D8A000FFFFFFFFFFFFFFFFFFFFFFFFFFFFFFFFFFFFFFFFFFFFFFFFFFFFFFFFFFFFFFFF88
:20D8C000FFFFFFFFFFFFFFFFFFFFFFFFFFFFFFFFFFFFFFFFFFFFFFFFFFFFFFFFFFFFFFFF68
:20D8E000FFFFFFFFFFFFFFFFFFFFFFFFFFFFFFFFFFFFFFFFFFFFFFFFFFFFFFFFFFFFFFFF48
:20D90000FFFFFFFFFFFFFFFFFFFFFFFFFFFFFFFFFFFFFFFFFFFFFFFFFFFFFFFFFFFFFFFF27
:20D92000FFFFFFFFFFFFFFFFFFFFFFFFFFFFFFFFFFFFFFFFFFFFFFFFFFFFFFFFFFFFFFFF07
:20D94000FFFFFFFFFFFFFFFFFFFFFFFFFFFFFFFFFFFFFFFFFFFFFFFFFFFFFFFFFFFFFFFFE7
:20D96000FFFFFFFFFFFFFFFFFFFFFFFFFFFFFFFFFFFFFFFFFFFFFFFFFFFFFFFFFFFFFFFFC7
:20D98000FFFFFFFFFFFFFFFFFFFFFFFFFFFFFFFFFFFFFFFFFFFFFFFFFFFFFFFFFFFFFFFFA7
:20D9A000FFFFFFFFFFFFFFFFFFFFFFFFFFFFFFFFFFFFFFFFFFFFFFFFFFFFFFFFFFFFFFFF87
:20D9C000FFFFFFFFFFFFFFFFFFFFFFFFFFFFFFFFFFFFFFFFFFFFFFFFFFFFFFFFFFFFFFFF67
:20D9E000FFFFFFFFFFFFFFFFFFFFFFFFFFFFFFFFFFFFFFFFFFFFFFFFFFFFFFFFFFFFFFFF47
:20DA0000FFFFFFFFFFFFFFFFFFFFFFFFFFFFFFFFFFFFFFFFFFFFFFFFFFFFFFFFFFFFFFFF26
:20DA2000FFFFFFFFFFFFFFFFFFFFFFFFFFFFFFFFFFFFFFFFFFFFFFFFFFFFFFFFFFFFFFFF06
:20DA4000FFFFFFFFFFFFFFFFFFFFFFFFFFFFFFFFFFFFFFFFFFFFFFFFFFFFFFFFFFFFFFFFE6
:20DA6000FFFFFFFFFFFFFFFFFFFFFFFFFFFFFFFFFFFFFFFFFFFFFFFFFFFFFFFFFFFFFFFFC6
:20DA8000FFFFFFFFFFFFFFFFFFFFFFFFFFFFFFFFFFFFFFFFFFFFFFFFFFFFFFFFFFFFFFFFA6
:20DAA000FFFFFFFFFFFFFFFFFFFFFFFFFFFFFFFFFFFFFFFFFFFFFFFFFFFFFFFFFFFFFFFF86
:20DAC000FFFFFFFFFFFFFFFFFFFFFFFFFFFFFFFFFFFFFFFFFFFFFFFFFFFFFFFFFFFFFFFF66
:20DAE000FFFFFFFFFFFFFFFFFFFFFFFFFFFFFFFFFFFFFFFFFFFFFFFFFFFFFFFFFFFFFFFF46
:20DB0000FFFFFFFFFFFFFFFFFFFFFFFFFFFFFFFFFFFFFFFFFFFFFFFFFFFFFFFFFFFFFFFF25
:20DB2000FFFFFFFFFFFFFFFFFFFFFFFFFFFFFFFFFFFFFFFFFFFFFFFFFFFFFFFFFFFFFFFF05
:20DB4000FFFFFFFFFFFFFFFFFFFFFFFFFFFFFFFFFFFFFFFFFFFFFFFFFFFFFFFFFFFFFFFFE5
:20DB6000FFFFFFFFFFFFFFFFFFFFFFFFFFFFFFFFFFFFFFFFFFFFFFFFFFFFFFFFFFFFFFFFC5
:20DB8000FFFFFFFFFFFFFFFFFFFFFFFFFFFFFFFFFFFFFFFFFFFFFFFFFFFFFFFFFFFFFFFFA5
:20DBA000FFFFFFFFFFFFFFFFFFFFFFFFFFFFFFFFFFFFFFFFFFFFFFFFFFFFFFFFFFFFFFFF85
:20DBC000FFFFFFFFFFFFFFFFFFFFFFFFFFFFFFFFFFFFFFFFFFFFFFFFFFFFFFFFFFFFFFFF65
:20DBE000FFFFFFFFFFFFFFFFFFFFFFFFFFFFFFFFFFFFFFFFFFFFFFFFFFFFFFFFFFFFFFFF45
:20DC0000FFFFFFFFFFFFFFFFFFFFFFFFFFFFFFFFFFFFFFFFFFFFFFFFFFFFFFFFFFFFFFFF24
:20DC2000FFFFFFFFFFFFFFFFFFFFFFFFFFFFFFFFFFFFFFFFFFFFFFFFFFFFFFFFFFFFFFFF04
:20DC4000FFFFFFFFFFFFFFFFFFFFFFFFFFFFFFFFFFFFFFFFFFFFFFFFFFFFFFFFFFFFFFFFE4
:20DC6000FFFFFFFFFFFFFFFFFFFFFFFFFFFFFFFFFFFFFFFFFFFFFFFFFFFFFFFFFFFFFFFFC4
:20DC8000FFFFFFFFFFFFFFFFFFFFFFFFFFFFFFFFFFFFFFFFFFFFFFFFFFFFFFFFFFFFFFFFA4
:20DCA000FFFFFFFFFFFFFFFFFFFFFFFFFFFFFFFFFFFFFFFFFFFFFFFFFFFFFFFFFFFFFFFF84
:20DCC000FFFFFFFFFFFFFFFFFFFFFFFFFFFFFFFFFFFFFFFFFFFFFFFFFFFFFFFFFFFFFFFF64
:20DCE000FFFFFFFFFFFFFFFFFFFFFFFFFFFFFFFFFFFFFFFFFFFFFFFFFFFFFFFFFFFFFFFF44
:20DD0000FFFFFFFFFFFFFFFFFFFFFFFFFFFFFFFFFFFFFFFFFFFFFFFFFFFFFFFFFFFFFFFF23
:20DD2000FFFFFFFFFFFFFFFFFFFFFFFFFFFFFFFFFFFFFFFFFFFFFFFFFFFFFFFFFFFFFFFF03
:20DD4000FFFFFFFFFFFFFFFFFFFFFFFFFFFFFFFFFFFFFFFFFFFFFFFFFFFFFFFFFFFFFFFFE3
:20DD6000FFFFFFFFFFFFFFFFFFFFFFFFFFFFFFFFFFFFFFFFFFFFFFFFFFFFFFFFFFFFFFFFC3
:20DD8000FFFFFFFFFFFFFFFFFFFFFFFFFFFFFFFFFFFFFFFFFFFFFFFFFFFFFFFFFFFFFFFFA3
:20DDA000FFFFFFFFFFFFFFFFFFFFFFFFFFFFFFFFFFFFFFFFFFFFFFFFFFFFFFFFFFFFFFFF83
:20DDC000FFFFFFFFFFFFFFFFFFFFFFFFFFFFFFFFFFFFFFFFFFFFFFFFFFFFFFFFFFFFFFFF63
:20DDE000FFFFFFFFFFFFFFFFFFFFFFFFFFFFFFFFFFFFFFFFFFFFFFFFFFFFFFFFFFFFFFFF43
:20DE0000FFFFFFFFFFFFFFFFFFFFFFFFFFFFFFFFFFFFFFFFFFFFFFFFFFFFFFFFFFFFFFFF22
:20DE2000FFFFFFFFFFFFFFFFFFFFFFFFFFFFFFFFFFFFFFFFFFFFFFFFFFFFFFFFFFFFFFFF02
:20DE4000FFFFFFFFFFFFFFFFFFFFFFFFFFFFFFFFFFFFFFFFFFFFFFFFFFFFFFFFFFFFFFFFE2
:20DE6000FFFFFFFFFFFFFFFFFFFFFFFFFFFFFFFFFFFFFFFFFFFFFFFFFFFFFFFFFFFFFFFFC2
:20DE8000FFFFFFFFFFFFFFFFFFFFFFFFFFFFFFFFFFFFFFFFFFFFFFFFFFFFFFFFFFFFFFFFA2
:20DEA000FFFFFFFFFFFFFFFFFFFFFFFFFFFFFFFFFFFFFFFFFFFFFFFFFFFFFFFFFFFFFFFF82
:20DEC000FFFFFFFFFFFFFFFFFFFFFFFFFFFFFFFFFFFFFFFFFFFFFFFFFFFFFFFFFFFFFFFF62
:20DEE000FFFFFFFFFFFFFFFFFFFFFFFFFFFFFFFFFFFFFFFFFFFFFFFFFFFFFFFFFFFFFFFF42
:20DF0000FFFFFFFFFFFFFFFFFFFFFFFFFFFFFFFFFFFFFFFFFFFFFFFFFFFFFFFFFFFFFFFF21
:20DF2000FFFFFFFFFFFFFFFFFFFFFFFFFFFFFFFFFFFFFFFFFFFFFFFFFFFFFFFFFFFFFFFF01
:20DF4000FFFFFFFFFFFFFFFFFFFFFFFFFFFFFFFFFFFFFFFFFFFFFFFFFFFFFFFFFFFFFFFFE1
:20DF6000FFFFFFFFFFFFFFFFFFFFFFFFFFFFFFFFFFFFFFFFFFFFFFFFFFFFFFFFFFFFFFFFC1
:20DF8000FFFFFFFFFFFFFFFFFFFFFFFFFFFFFFFFFFFFFFFFFFFFFFFFFFFFFFFFFFFFFFFFA1
:20DFA000FFFFFFFFFFFFFFFFFFFFFFFFFFFFFFFFFFFFFFFFFFFFFFFFFFFFFFFFFFFFFFFF81
:20DFC000FFFFFFFFFFFFFFFFFFFFFFFFFFFFFFFFFFFFFFFFFFFFFFFFFFFFFFFFFFFFFFFF61
:20DFE000FFFFFFFFFFFFFFFFFFFFFFFFFFFFFFFFFFFFFFFFFFFFFFFFFFFFFFFFFFFFFFFF41
:20E00000FFFFFFFFFFFFFFFFFFFFFFFFFFFFFFFFFFFFFFFFFFFFFFFFFFFFFFFFFFFFFFFF20
:20E02000FFFFFFFFFFFFFFFFFFFFFFFFFFFFFFFFFFFFFFFFFFFFFFFFFFFFFFFFFFFFFFFF00
:20E04000FFFFFFFFFFFFFFFFFFFFFFFFFFFFFFFFFFFFFFFFFFFFFFFFFFFFFFFFFFFFFFFFE0
:20E06000FFFFFFFFFFFFFFFFFFFFFFFFFFFFFFFFFFFFFFFFFFFFFFFFFFFFFFFFFFFFFFFFC0
:20E08000FFFFFFFFFFFFFFFFFFFFFFFFFFFFFFFFFFFFFFFFFFFFFFFFFFFFFFFFFFFFFFFFA0
:20E0A000FFFFFFFFFFFFFFFFFFFFFFFFFFFFFFFFFFFFFFFFFFFFFFFFFFFFFFFFFFFFFFFF80
:20E0C000FFFFFFFFFFFFFFFFFFFFFFFFFFFFFFFFFFFFFFFFFFFFFFFFFFFFFFFFFFFFFFFF60
:20E0E000FFFFFFFFFFFFFFFFFFFFFFFFFFFFFFFFFFFFFFFFFFFFFFFFFFFFFFFFFFFFFFFF40
:20E10000FFFFFFFFFFFFFFFFFFFFFFFFFFFFFFFFFFFFFFFFFFFFFFFFFFFFFFFFFFFFFFFF1F
:20E12000FFFFFFFFFFFFFFFFFFFFFFFFFFFFFFFFFFFFFFFFFFFFFFFFFFFFFFFFFFFFFFFFFF
:20E14000FFFFFFFFFFFFFFFFFFFFFFFFFFFFFFFFFFFFFFFFFFFFFFFFFFFFFFFFFFFFFFFFDF
:20E16000FFFFFFFFFFFFFFFFFFFFFFFFFFFFFFFFFFFFFFFFFFFFFFFFFFFFFFFFFFFFFFFFBF
:20E18000FFFFFFFFFFFFFFFFFFFFFFFFFFFFFFFFFFFFFFFFFFFFFFFFFFFFFFFFFFFFFFFF9F
:20E1A000FFFFFFFFFFFFFFFFFFFFFFFFFFFFFFFFFFFFFFFFFFFFFFFFFFFFFFFFFFFFFFFF7F
:20E1C000FFFFFFFFFFFFFFFFFFFFFFFFFFFFFFFFFFFFFFFFFFFFFFFFFFFFFFFFFFFFFFFF5F
:20E1E000FFFFFFFFFFFFFFFFFFFFFFFFFFFFFFFFFFFFFFFFFFFFFFFFFFFFFFFFFFFFFFFF3F
:20E20000FFFFFFFFFFFFFFFFFFFFFFFFFFFFFFFFFFFFFFFFFFFFFFFFFFFFFFFFFFFFFFFF1E
:20E22000FFFFFFFFFFFFFFFFFFFFFFFFFFFFFFFFFFFFFFFFFFFFFFFFFFFFFFFFFFFFFFFFFE
:20E24000FFFFFFFFFFFFFFFFFFFFFFFFFFFFFFFFFFFFFFFFFFFFFFFFFFFFFFFFFFFFFFFFDE
:20E26000FFFFFFFFFFFFFFFFFFFFFFFFFFFFFFFFFFFFFFFFFFFFFFFFFFFFFFFFFFFFFFFFBE
:20E28000FFFFFFFFFFFFFFFFFFFFFFFFFFFFFFFFFFFFFFFFFFFFFFFFFFFFFFFFFFFFFFFF9E
:20E2A000FFFFFFFFFFFFFFFFFFFFFFFFFFFFFFFFFFFFFFFFFFFFFFFFFFFFFFFFFFFFFFFF7E
:20E2C000FFFFFFFFFFFFFFFFFFFFFFFFFFFFFFFFFFFFFFFFFFFFFFFFFFFFFFFFFFFFFFFF5E
:20E2E000FFFFFFFFFFFFFFFFFFFFFFFFFFFFFFFFFFFFFFFFFFFFFFFFFFFFFFFFFFFFFFFF3E
:20E30000FFFFFFFFFFFFFFFFFFFFFFFFFFFFFFFFFFFFFFFFFFFFFFFFFFFFFFFFFFFFFFFF1D
:20E32000FFFFFFFFFFFFFFFFFFFFFFFFFFFFFFFFFFFFFFFFFFFFFFFFFFFFFFFFFFFFFFFFFD
:20E34000FFFFFFFFFFFFFFFFFFFFFFFFFFFFFFFFFFFFFFFFFFFFFFFFFFFFFFFFFFFFFFFFDD
:20E36000FFFFFFFFFFFFFFFFFFFFFFFFFFFFFFFFFFFFFFFFFFFFFFFFFFFFFFFFFFFFFFFFBD
:20E38000FFFFFFFFFFFFFFFFFFFFFFFFFFFFFFFFFFFFFFFFFFFFFFFFFFFFFFFFFFFFFFFF9D
:20E3A000FFFFFFFFFFFFFFFFFFFFFFFFFFFFFFFFFFFFFFFFFFFFFFFFFFFFFFFFFFFFFFFF7D
:20E3C000FFFFFFFFFFFFFFFFFFFFFFFFFFFFFFFFFFFFFFFFFFFFFFFFFFFFFFFFFFFFFFFF5D
:20E3E000FFFFFFFFFFFFFFFFFFFFFFFFFFFFFFFFFFFFFFFFFFFFFFFFFFFFFFFFFFFFFFFF3D
:20E40000FFFFFFFFFFFFFFFFFFFFFFFFFFFFFFFFFFFFFFFFFFFFFFFFFFFFFFFFFFFFFFFF1C
:20E42000FFFFFFFFFFFFFFFFFFFFFFFFFFFFFFFFFFFFFFFFFFFFFFFFFFFFFFFFFFFFFFFFFC
:20E44000FFFFFFFFFFFFFFFFFFFFFFFFFFFFFFFFFFFFFFFFFFFFFFFFFFFFFFFFFFFFFFFFDC
:20E46000FFFFFFFFFFFFFFFFFFFFFFFFFFFFFFFFFFFFFFFFFFFFFFFFFFFFFFFFFFFFFFFFBC
:20E48000FFFFFFFFFFFFFFFFFFFFFFFFFFFFFFFFFFFFFFFFFFFFFFFFFFFFFFFFFFFFFFFF9C
:20E4A000FFFFFFFFFFFFFFFFFFFFFFFFFFFFFFFFFFFFFFFFFFFFFFFFFFFFFFFFFFFFFFFF7C
:20E4C000FFFFFFFFFFFFFFFFFFFFFFFFFFFFFFFFFFFFFFFFFFFFFFFFFFFFFFFFFFFFFFFF5C
:20E4E000FFFFFFFFFFFFFFFFFFFFFFFFFFFFFFFFFFFFFFFFFFFFFFFFFFFFFFFFFFFFFFFF3C
:20E50000FFFFFFFFFFFFFFFFFFFFFFFFFFFFFFFFFFFFFFFFFFFFFFFFFFFFFFFFFFFFFFFF1B
:20E52000FFFFFFFFFFFFFFFFFFFFFFFFFFFFFFFFFFFFFFFFFFFFFFFFFFFFFFFFFFFFFFFFFB
:20E54000FFFFFFFFFFFFFFFFFFFFFFFFFFFFFFFFFFFFFFFFFFFFFFFFFFFFFFFFFFFFFFFFDB
:20E56000FFFFFFFFFFFFFFFFFFFFFFFFFFFFFFFFFFFFFFFFFFFFFFFFFFFFFFFFFFFFFFFFBB
:20E58000FFFFFFFFFFFFFFFFFFFFFFFFFFFFFFFFFFFFFFFFFFFFFFFFFFFFFFFFFFFFFFFF9B
:20E5A000FFFFFFFFFFFFFFFFFFFFFFFFFFFFFFFFFFFFFFFFFFFFFFFFFFFFFFFFFFFFFFFF7B
:20E5C000FFFFFFFFFFFFFFFFFFFFFFFFFFFFFFFFFFFFFFFFFFFFFFFFFFFFFFFFFFFFFFFF5B
:20E5E000FFFFFFFFFFFFFFFFFFFFFFFFFFFFFFFFFFFFFFFFFFFFFFFFFFFFFFFFFFFFFFFF3B
:20E60000FFFFFFFFFFFFFFFFFFFFFFFFFFFFFFFFFFFFFFFFFFFFFFFFFFFFFFFFFFFFFFFF1A
:20E62000FFFFFFFFFFFFFFFFFFFFFFFFFFFFFFFFFFFFFFFFFFFFFFFFFFFFFFFFFFFFFFFFFA
:20E64000FFFFFFFFFFFFFFFFFFFFFFFFFFFFFFFFFFFFFFFFFFFFFFFFFFFFFFFFFFFFFFFFDA
:20E66000FFFFFFFFFFFFFFFFFFFFFFFFFFFFFFFFFFFFFFFFFFFFFFFFFFFFFFFFFFFFFFFFBA
:20E68000FFFFFFFFFFFFFFFFFFFFFFFFFFFFFFFFFFFFFFFFFFFFFFFFFFFFFFFFFFFFFFFF9A
:20E6A000FFFFFFFFFFFFFFFFFFFFFFFFFFFFFFFFFFFFFFFFFFFFFFFFFFFFFFFFFFFFFFFF7A
:20E6C000FFFFFFFFFFFFFFFFFFFFFFFFFFFFFFFFFFFFFFFFFFFFFFFFFFFFFFFFFFFFFFFF5A
:20E6E000FFFFFFFFFFFFFFFFFFFFFFFFFFFFFFFFFFFFFFFFFFFFFFFFFFFFFFFFFFFFFFFF3A
:20E70000FFFFFFFFFFFFFFFFFFFFFFFFFFFFFFFFFFFFFFFFFFFFFFFFFFFFFFFFFFFFFFFF19
:20E72000FFFFFFFFFFFFFFFFFFFFFFFFFFFFFFFFFFFFFFFFFFFFFFFFFFFFFFFFFFFFFFFFF9
:20E74000FFFFFFFFFFFFFFFFFFFFFFFFFFFFFFFFFFFFFFFFFFFFFFFFFFFFFFFFFFFFFFFFD9
:20E76000FFFFFFFFFFFFFFFFFFFFFFFFFFFFFFFFFFFFFFFFFFFFFFFFFFFFFFFFFFFFFFFFB9
:20E78000FFFFFFFFFFFFFFFFFFFFFFFFFFFFFFFFFFFFFFFFFFFFFFFFFFFFFFFFFFFFFFFF99
:20E7A000FFFFFFFFFFFFFFFFFFFFFFFFFFFFFFFFFFFFFFFFFFFFFFFFFFFFFFFFFFFFFFFF79
:20E7C000FFFFFFFFFFFFFFFFFFFFFFFFFFFFFFFFFFFFFFFFFFFFFFFFFFFFFFFFFFFFFFFF59
:20E7E000FFFFFFFFFFFFFFFFFFFFFFFFFFFFFFFFFFFFFFFFFFFFFFFFFFFFFFFFFFFFFFFF39
:20E80000FFFFFFFFFFFFFFFFFFFFFFFFFFFFFFFFFFFFFFFFFFFFFFFFFFFFFFFFFFFFFFFF18
:20E82000FFFFFFFFFFFFFFFFFFFFFFFFFFFFFFFFFFFFFFFFFFFFFFFFFFFFFFFFFFFFFFFFF8
:20E84000FFFFFFFFFFFFFFFFFFFFFFFFFFFFFFFFFFFFFFFFFFFFFFFFFFFFFFFFFFFFFFFFD8
:20E86000FFFFFFFFFFFFFFFFFFFFFFFFFFFFFFFFFFFFFFFFFFFFFFFFFFFFFFFFFFFFFFFFB8
:20E88000FFFFFFFFFFFFFFFFFFFFFFFFFFFFFFFFFFFFFFFFFFFFFFFFFFFFFFFFFFFFFFFF98
:20E8A000FFFFFFFFFFFFFFFFFFFFFFFFFFFFFFFFFFFFFFFFFFFFFFFFFFFFFFFFFFFFFFFF78
:20E8C000FFFFFFFFFFFFFFFFFFFFFFFFFFFFFFFFFFFFFFFFFFFFFFFFFFFFFFFFFFFFFFFF58
:20E8E000FFFFFFFFFFFFFFFFFFFFFFFFFFFFFFFFFFFFFFFFFFFFFFFFFFFFFFFFFFFFFFFF38
:20E90000FFFFFFFFFFFFFFFFFFFFFFFFFFFFFFFFFFFFFFFFFFFFFFFFFFFFFFFFFFFFFFFF17
:20E92000FFFFFFFFFFFFFFFFFFFFFFFFFFFFFFFFFFFFFFFFFFFFFFFFFFFFFFFFFFFFFFFFF7
:20E94000FFFFFFFFFFFFFFFFFFFFFFFFFFFFFFFFFFFFFFFFFFFFFFFFFFFFFFFFFFFFFFFFD7
:20E96000FFFFFFFFFFFFFFFFFFFFFFFFFFFFFFFFFFFFFFFFFFFFFFFFFFFFFFFFFFFFFFFFB7
:20E98000FFFFFFFFFFFFFFFFFFFFFFFFFFFFFFFFFFFFFFFFFFFFFFFFFFFFFFFFFFFFFFFF97
:20E9A000FFFFFFFFFFFFFFFFFFFFFFFFFFFFFFFFFFFFFFFFFFFFFFFFFFFFFFFFFFFFFFFF77
:20E9C000FFFFFFFFFFFFFFFFFFFFFFFFFFFFFFFFFFFFFFFFFFFFFFFFFFFFFFFFFFFFFFFF57
:20E9E000FFFFFFFFFFFFFFFFFFFFFFFFFFFFFFFFFFFFFFFFFFFFFFFFFFFFFFFFFFFFFFFF37
:20EA0000FFFFFFFFFFFFFFFFFFFFFFFFFFFFFFFFFFFFFFFFFFFFFFFFFFFFFFFFFFFFFFFF16
:20EA2000FFFFFFFFFFFFFFFFFFFFFFFFFFFFFFFFFFFFFFFFFFFFFFFFFFFFFFFFFFFFFFFFF6
:20EA4000FFFFFFFFFFFFFFFFFFFFFFFFFFFFFFFFFFFFFFFFFFFFFFFFFFFFFFFFFFFFFFFFD6
:20EA6000FFFFFFFFFFFFFFFFFFFFFFFFFFFFFFFFFFFFFFFFFFFFFFFFFFFFFFFFFFFFFFFFB6
:20EA8000FFFFFFFFFFFFFFFFFFFFFFFFFFFFFFFFFFFFFFFFFFFFFFFFFFFFFFFFFFFFFFFF96
:20EAA000FFFFFFFFFFFFFFFFFFFFFFFFFFFFFFFFFFFFFFFFFFFFFFFFFFFFFFFFFFFFFFFF76
:20EAC000FFFFFFFFFFFFFFFFFFFFFFFFFFFFFFFFFFFFFFFFFFFFFFFFFFFFFFFFFFFFFFFF56
:20EAE000FFFFFFFFFFFFFFFFFFFFFFFFFFFFFFFFFFFFFFFFFFFFFFFFFFFFFFFFFFFFFFFF36
:20EB0000FFFFFFFFFFFFFFFFFFFFFFFFFFFFFFFFFFFFFFFFFFFFFFFFFFFFFFFFFFFFFFFF15
:20EB2000FFFFFFFFFFFFFFFFFFFFFFFFFFFFFFFFFFFFFFFFFFFFFFFFFFFFFFFFFFFFFFFFF5
:20EB4000FFFFFFFFFFFFFFFFFFFFFFFFFFFFFFFFFFFFFFFFFFFFFFFFFFFFFFFFFFFFFFFFD5
:20EB6000FFFFFFFFFFFFFFFFFFFFFFFFFFFFFFFFFFFFFFFFFFFFFFFFFFFFFFFFFFFFFFFFB5
:20EB8000FFFFFFFFFFFFFFFFFFFFFFFFFFFFFFFFFFFFFFFFFFFFFFFFFFFFFFFFFFFFFFFF95
:20EBA000FFFFFFFFFFFFFFFFFFFFFFFFFFFFFFFFFFFFFFFFFFFFFFFFFFFFFFFFFFFFFFFF75
:20EBC000FFFFFFFFFFFFFFFFFFFFFFFFFFFFFFFFFFFFFFFFFFFFFFFFFFFFFFFFFFFFFFFF55
:20EBE000FFFFFFFFFFFFFFFFFFFFFFFFFFFFFFFFFFFFFFFFFFFFFFFFFFFFFFFFFFFFFFFF35
:20EC0000FFFFFFFFFFFFFFFFFFFFFFFFFFFFFFFFFFFFFFFFFFFFFFFFFFFFFFFFFFFFFFFF14
:20EC2000FFFFFFFFFFFFFFFFFFFFFFFFFFFFFFFFFFFFFFFFFFFFFFFFFFFFFFFFFFFFFFFFF4
:20EC4000FFFFFFFFFFFFFFFFFFFFFFFFFFFFFFFFFFFFFFFFFFFFFFFFFFFFFFFFFFFFFFFFD4
:20EC6000FFFFFFFFFFFFFFFFFFFFFFFFFFFFFFFFFFFFFFFFFFFFFFFFFFFFFFFFFFFFFFFFB4
:20EC8000FFFFFFFFFFFFFFFFFFFFFFFFFFFFFFFFFFFFFFFFFFFFFFFFFFFFFFFFFFFFFFFF94
:20ECA000FFFFFFFFFFFFFFFFFFFFFFFFFFFFFFFFFFFFFFFFFFFFFFFFFFFFFFFFFFFFFFFF74
:20ECC000FFFFFFFFFFFFFFFFFFFFFFFFFFFFFFFFFFFFFFFFFFFFFFFFFFFFFFFFFFFFFFFF54
:20ECE000FFFFFFFFFFFFFFFFFFFFFFFFFFFFFFFFFFFFFFFFFFFFFFFFFFFFFFFFFFFFFFFF34
:20ED0000FFFFFFFFFFFFFFFFFFFFFFFFFFFFFFFFFFFFFFFFFFFFFFFFFFFFFFFFFFFFFFFF13
:20ED2000FFFFFFFFFFFFFFFFFFFFFFFFFFFFFFFFFFFFFFFFFFFFFFFFFFFFFFFFFFFFFFFFF3
:20ED4000FFFFFFFFFFFFFFFFFFFFFFFFFFFFFFFFFFFFFFFFFFFFFFFFFFFFFFFFFFFFFFFFD3
:20ED6000FFFFFFFFFFFFFFFFFFFFFFFFFFFFFFFFFFFFFFFFFFFFFFFFFFFFFFFFFFFFFFFFB3
:20ED8000FFFFFFFFFFFFFFFFFFFFFFFFFFFFFFFFFFFFFFFFFFFFFFFFFFFFFFFFFFFFFFFF93
:20EDA000FFFFFFFFFFFFFFFFFFFFFFFFFFFFFFFFFFFFFFFFFFFFFFFFFFFFFFFFFFFFFFFF73
:20EDC000FFFFFFFFFFFFFFFFFFFFFFFFFFFFFFFFFFFFFFFFFFFFFFFFFFFFFFFFFFFFFFFF53
:20EDE000FFFFFFFFFFFFFFFFFFFFFFFFFFFFFFFFFFFFFFFFFFFFFFFFFFFFFFFFFFFFFFFF33
:20EE0000FFFFFFFFFFFFFFFFFFFFFFFFFFFFFFFFFFFFFFFFFFFFFFFFFFFFFFFFFFFFFFFF12
:20EE2000FFFFFFFFFFFFFFFFFFFFFFFFFFFFFFFFFFFFFFFFFFFFFFFFFFFFFFFFFFFFFFFFF2
:20EE4000FFFFFFFFFFFFFFFFFFFFFFFFFFFFFFFFFFFFFFFFFFFFFFFFFFFFFFFFFFFFFFFFD2
:20EE6000FFFFFFFFFFFFFFFFFFFFFFFFFFFFFFFFFFFFFFFFFFFFFFFFFFFFFFFFFFFFFFFFB2
:20EE8000FFFFFFFFFFFFFFFFFFFFFFFFFFFFFFFFFFFFFFFFFFFFFFFFFFFFFFFFFFFFFFFF92
:20EEA000FFFFFFFFFFFFFFFFFFFFFFFFFFFFFFFFFFFFFFFFFFFFFFFFFFFFFFFFFFFFFFFF72
:20EEC000FFFFFFFFFFFFFFFFFFFFFFFFFFFFFFFFFFFFFFFFFFFFFFFFFFFFFFFFFFFFFFFF52
:20EEE000FFFFFFFFFFFFFFFFFFFFFFFFFFFFFFFFFFFFFFFFFFFFFFFFFFFFFFFFFFFFFFFF32
:20EF0000FFFFFFFFFFFFFFFFFFFFFFFFFFFFFFFFFFFFFFFFFFFFFFFFFFFFFFFFFFFFFFFF11
:20EF2000FFFFFFFFFFFFFFFFFFFFFFFFFFFFFFFFFFFFFFFFFFFFFFFFFFFFFFFFFFFFFFFFF1
:20EF4000FFFFFFFFFFFFFFFFFFFFFFFFFFFFFFFFFFFFFFFFFFFFFFFFFFFFFFFFFFFFFFFFD1
:20EF6000FFFFFFFFFFFFFFFFFFFFFFFFFFFFFFFFFFFFFFFFFFFFFFFFFFFFFFFFFFFFFFFFB1
:20EF8000FFFFFFFFFFFFFFFFFFFFFFFFFFFFFFFFFFFFFFFFFFFFFFFFFFFFFFFFFFFFFFFF91
:20EFA000FFFFFFFFFFFFFFFFFFFFFFFFFFFFFFFFFFFFFFFFFFFFFFFFFFFFFFFFFFFFFFFF71
:20EFC000FFFFFFFFFFFFFFFFFFFFFFFFFFFFFFFFFFFFFFFFFFFFFFFFFFFFFFFFFFFFFFFF51
:20EFE000FFFFFFFFFFFFFFFFFFFFFFFFFFFFFFFFFFFFFFFFFFFFFFFFFFFFFFFFFFFFFFFF31
:20F00000FFFFFFFFFFFFFFFFFFFFFFFFFFFFFFFFFFFFFFFFFFFFFFFFFFFFFFFFFFFFFFFF10
:20F02000FFFFFFFFFFFFFFFFFFFFFFFFFFFFFFFFFFFFFFFFFFFFFFFFFFFFFFFFFFFFFFFFF0
:20F04000FFFFFFFFFFFFFFFFFFFFFFFFFFFFFFFFFFFFFFFFFFFFFFFFFFFFFFFFFFFFFFFFD0
:20F06000FFFFFFFFFFFFFFFFFFFFFFFFFFFFFFFFFFFFFFFFFFFFFFFFFFFFFFFFFFFFFFFFB0
:20F08000FFFFFFFFFFFFFFFFFFFFFFFFFFFFFFFFFFFFFFFFFFFFFFFFFFFFFFFFFFFFFFFF90
:20F0A000FFFFFFFFFFFFFFFFFFFFFFFFFFFFFFFFFFFFFFFFFFFFFFFFFFFFFFFFFFFFFFFF70
:20F0C000FFFFFFFFFFFFFFFFFFFFFFFFFFFFFFFFFFFFFFFFFFFFFFFFFFFFFFFFFFFFFFFF50
:20F0E000FFFFFFFFFFFFFFFFFFFFFFFFFFFFFFFFFFFFFFFFFFFFFFFFFFFFFFFFFFFFFFFF30
:20F10000FFFFFFFFFFFFFFFFFFFFFFFFFFFFFFFFFFFFFFFFFFFFFFFFFFFFFFFFFFFFFFFF0F
:20F12000FFFFFFFFFFFFFFFFFFFFFFFFFFFFFFFFFFFFFFFFFFFFFFFFFFFFFFFFFFFFFFFFEF
:20F14000FFFFFFFFFFFFFFFFFFFFFFFFFFFFFFFFFFFFFFFFFFFFFFFFFFFFFFFFFFFFFFFFCF
:20F16000FFFFFFFFFFFFFFFFFFFFFFFFFFFFFFFFFFFFFFFFFFFFFFFFFFFFFFFFFFFFFFFFAF
:20F18000FFFFFFFFFFFFFFFFFFFFFFFFFFFFFFFFFFFFFFFFFFFFFFFFFFFFFFFFFFFFFFFF8F
:20F1A000FFFFFFFFFFFFFFFFFFFFFFFFFFFFFFFFFFFFFFFFFFFFFFFFFFFFFFFFFFFFFFFF6F
:20F1C000FFFFFFFFFFFFFFFFFFFFFFFFFFFFFFFFFFFFFFFFFFFFFFFFFFFFFFFFFFFFFFFF4F
:20F1E000FFFFFFFFFFFFFFFFFFFFFFFFFFFFFFFFFFFFFFFFFFFFFFFFFFFFFFFFFFFFFFFF2F
:20F20000FFFFFFFFFFFFFFFFFFFFFFFFFFFFFFFFFFFFFFFFFFFFFFFFFFFFFFFFFFFFFFFF0E
:20F22000FFFFFFFFFFFFFFFFFFFFFFFFFFFFFFFFFFFFFFFFFFFFFFFFFFFFFFFFFFFFFFFFEE
:20F24000FFFFFFFFFFFFFFFFFFFFFFFFFFFFFFFFFFFFFFFFFFFFFFFFFFFFFFFFFFFFFFFFCE
:20F26000FFFFFFFFFFFFFFFFFFFFFFFFFFFFFFFFFFFFFFFFFFFFFFFFFFFFFFFFFFFFFFFFAE
:20F28000FFFFFFFFFFFFFFFFFFFFFFFFFFFFFFFFFFFFFFFFFFFFFFFFFFFFFFFFFFFFFFFF8E
:20F2A000FFFFFFFFFFFFFFFFFFFFFFFFFFFFFFFFFFFFFFFFFFFFFFFFFFFFFFFFFFFFFFFF6E
:20F2C000FFFFFFFFFFFFFFFFFFFFFFFFFFFFFFFFFFFFFFFFFFFFFFFFFFFFFFFFFFFFFFFF4E
:20F2E000FFFFFFFFFFFFFFFFFFFFFFFFFFFFFFFFFFFFFFFFFFFFFFFFFFFFFFFFFFFFFFFF2E
:20F30000FFFFFFFFFFFFFFFFFFFFFFFFFFFFFFFFFFFFFFFFFFFFFFFFFFFFFFFFFFFFFFFF0D
:20F32000FFFFFFFFFFFFFFFFFFFFFFFFFFFFFFFFFFFFFFFFFFFFFFFFFFFFFFFFFFFFFFFFED
:20F34000FFFFFFFFFFFFFFFFFFFFFFFFFFFFFFFFFFFFFFFFFFFFFFFFFFFFFFFFFFFFFFFFCD
:20F36000FFFFFFFFFFFFFFFFFFFFFFFFFFFFFFFFFFFFFFFFFFFFFFFFFFFFFFFFFFFFFFFFAD
:20F38000FFFFFFFFFFFFFFFFFFFFFFFFFFFFFFFFFFFFFFFFFFFFFFFFFFFFFFFFFFFFFFFF8D
:20F3A000FFFFFFFFFFFFFFFFFFFFFFFFFFFFFFFFFFFFFFFFFFFFFFFFFFFFFFFFFFFFFFFF6D
:20F3C000FFFFFFFFFFFFFFFFFFFFFFFFFFFFFFFFFFFFFFFFFFFFFFFFFFFFFFFFFFFFFFFF4D
:20F3E000FFFFFFFFFFFFFFFFFFFFFFFFFFFFFFFFFFFFFFFFFFFFFFFFFFFFFFFFFFFFFFFF2D
:20F40000FFFFFFFFFFFFFFFFFFFFFFFFFFFFFFFFFFFFFFFFFFFFFFFFFFFFFFFFFFFFFFFF0C
:20F42000FFFFFFFFFFFFFFFFFFFFFFFFFFFFFFFFFFFFFFFFFFFFFFFFFFFFFFFFFFFFFFFFEC
:20F44000FFFFFFFFFFFFFFFFFFFFFFFFFFFFFFFFFFFFFFFFFFFFFFFFFFFFFFFFFFFFFFFFCC
:20F46000FFFFFFFFFFFFFFFFFFFFFFFFFFFFFFFFFFFFFFFFFFFFFFFFFFFFFFFFFFFFFFFFAC
:20F48000FFFFFFFFFFFFFFFFFFFFFFFFFFFFFFFFFFFFFFFFFFFFFFFFFFFFFFFFFFFFFFFF8C
:20F4A000FFFFFFFFFFFFFFFFFFFFFFFFFFFFFFFFFFFFFFFFFFFFFFFFFFFFFFFFFFFFFFFF6C
:20F4C000FFFFFFFFFFFFFFFFFFFFFFFFFFFFFFFFFFFFFFFFFFFFFFFFFFFFFFFFFFFFFFFF4C
:20F4E000FFFFFFFFFFFFFFFFFFFFFFFFFFFFFFFFFFFFFFFFFFFFFFFFFFFFFFFFFFFFFFFF2C
:20F50000FFFFFFFFFFFFFFFFFFFFFFFFFFFFFFFFFFFFFFFFFFFFFFFFFFFFFFFFFFFFFFFF0B
:20F52000FFFFFFFFFFFFFFFFFFFFFFFFFFFFFFFFFFFFFFFFFFFFFFFFFFFFFFFFFFFFFFFFEB
:20F54000FFFFFFFFFFFFFFFFFFFFFFFFFFFFFFFFFFFFFFFFFFFFFFFFFFFFFFFFFFFFFFFFCB
:20F56000FFFFFFFFFFFFFFFFFFFFFFFFFFFFFFFFFFFFFFFFFFFFFFFFFFFFFFFFFFFFFFFFAB
:20F58000FFFFFFFFFFFFFFFFFFFFFFFFFFFFFFFFFFFFFFFFFFFFFFFFFFFFFFFFFFFFFFFF8B
:20F5A000FFFFFFFFFFFFFFFFFFFFFFFFFFFFFFFFFFFFFFFFFFFFFFFFFFFFFFFFFFFFFFFF6B
:20F5C000FFFFFFFFFFFFFFFFFFFFFFFFFFFFFFFFFFFFFFFFFFFFFFFFFFFFFFFFFFFFFFFF4B
:20F5E000FFFFFFFFFFFFFFFFFFFFFFFFFFFFFFFFFFFFFFFFFFFFFFFFFFFFFFFFFFFFFFFF2B
:20F60000FFFFFFFFFFFFFFFFFFFFFFFFFFFFFFFFFFFFFFFFFFFFFFFFFFFFFFFFFFFFFFFF0A
:20F62000FFFFFFFFFFFFFFFFFFFFFFFFFFFFFFFFFFFFFFFFFFFFFFFFFFFFFFFFFFFFFFFFEA
:20F64000FFFFFFFFFFFFFFFFFFFFFFFFFFFFFFFFFFFFFFFFFFFFFFFFFFFFFFFFFFFFFFFFCA
:20F66000FFFFFFFFFFFFFFFFFFFFFFFFFFFFFFFFFFFFFFFFFFFFFFFFFFFFFFFFFFFFFFFFAA
:20F68000FFFFFFFFFFFFFFFFFFFFFFFFFFFFFFFFFFFFFFFFFFFFFFFFFFFFFFFFFFFFFFFF8A
:20F6A000FFFFFFFFFFFFFFFFFFFFFFFFFFFFFFFFFFFFFFFFFFFFFFFFFFFFFFFFFFFFFFFF6A
:20F6C000FFFFFFFFFFFFFFFFFFFFFFFFFFFFFFFFFFFFFFFFFFFFFFFFFFFFFFFFFFFFFFFF4A
:20F6E000FFFFFFFFFFFFFFFFFFFFFFFFFFFFFFFFFFFFFFFFFFFFFFFFFFFFFFFFFFFFFFFF2A
:20F70000FFFFFFFFFFFFFFFFFFFFFFFFFFFFFFFFFFFFFFFFFFFFFFFFFFFFFFFFFFFFFFFF09
:20F72000FFFFFFFFFFFFFFFFFFFFFFFFFFFFFFFFFFFFFFFFFFFFFFFFFFFFFFFFFFFFFFFFE9
:20F74000FFFFFFFFFFFFFFFFFFFFFFFFFFFFFFFFFFFFFFFFFFFFFFFFFFFFFFFFFFFFFFFFC9
:20F76000FFFFFFFFFFFFFFFFFFFFFFFFFFFFFFFFFFFFFFFFFFFFFFFFFFFFFFFFFFFFFFFFA9
:20F78000FFFFFFFFFFFFFFFFFFFFFFFFFFFFFFFFFFFFFFFFFFFFFFFFFFFFFFFFFFFFFFFF89
:20F7A000FFFFFFFFFFFFFFFFFFFFFFFFFFFFFFFFFFFFFFFFFFFFFFFFFFFFFFFFFFFFFFFF69
:20F7C000FFFFFFFFFFFFFFFFFFFFFFFFFFFFFFFFFFFFFFFFFFFFFFFFFFFFFFFFFFFFFFFF49
:20F7E000FFFFFFFFFFFFFFFFFFFFFFFFFFFFFFFFFFFFFFFFFFFFFFFFFFFFFFFFFFFFFFFF29
:20F80000FFFFFFFFFFFFFFFFFFFFFFFFFFFFFFFFFFFFFFFFFFFFFFFFFFFFFFFFFFFFFFFF08
:20F82000FFFFFFFFFFFFFFFFFFFFFFFFFFFFFFFFFFFFFFFFFFFFFFFFFFFFFFFFFFFFFFFFE8
:20F84000FFFFFFFFFFFFFFFFFFFFFFFFFFFFFFFFFFFFFFFFFFFFFFFFFFFFFFFFFFFFFFFFC8
:20F86000FFFFFFFFFFFFFFFFFFFFFFFFFFFFFFFFFFFFFFFFFFFFFFFFFFFFFFFFFFFFFFFFA8
:20F88000FFFFFFFFFFFFFFFFFFFFFFFFFFFFFFFFFFFFFFFFFFFFFFFFFFFFFFFFFFFFFFFF88
:20F8A000FFFFFFFFFFFFFFFFFFFFFFFFFFFFFFFFFFFFFFFFFFFFFFFFFFFFFFFFFFFFFFFF68
:20F8C000FFFFFFFFFFFFFFFFFFFFFFFFFFFFFFFFFFFFFFFFFFFFFFFFFFFFFFFFFFFFFFFF48
:20F8E000FFFFFFFFFFFFFFFFFFFFFFFFFFFFFFFFFFFFFFFFFFFFFFFFFFFFFFFFFFFFFFFF28
:20F90000FFFFFFFFFFFFFFFFFFFFFFFFFFFFFFFFFFFFFFFFFFFFFFFFFFFFFFFFFFFFFFFF07
:20F92000FFFFFFFFFFFFFFFFFFFFFFFFFFFFFFFFFFFFFFFFFFFFFFFFFFFFFFFFFFFFFFFFE7
:20F94000FFFFFFFFFFFFFFFFFFFFFFFFFFFFFFFFFFFFFFFFFFFFFFFFFFFFFFFFFFFFFFFFC7
:20F96000FFFFFFFFFFFFFFFFFFFFFFFFFFFFFFFFFFFFFFFFFFFFFFFFFFFFFFFFFFFFFFFFA7
:20F98000FFFFFFFFFFFFFFFFFFFFFFFFFFFFFFFFFFFFFFFFFFFFFFFFFFFFFFFFFFFFFFFF87
:20F9A000FFFFFFFFFFFFFFFFFFFFFFFFFFFFFFFFFFFFFFFFFFFFFFFFFFFFFFFFFFFFFFFF67
:20F9C000FFFFFFFFFFFFFFFFFFFFFFFFFFFFFFFFFFFFFFFFFFFFFFFFFFFFFFFFFFFFFFFF47
:20F9E000FFFFFFFFFFFFFFFFFFFFFFFFFFFFFFFFFFFFFFFFFFFFFFFFFFFFFFFFFFFFFFFF27
:20FA0000FFFFFFFFFFFFFFFFFFFFFFFFFFFFFFFFFFFFFFFFFFFFFFFFFFFFFFFFFFFFFFFF06
:20FA2000FFFFFFFFFFFFFFFFFFFFFFFFFFFFFFFFFFFFFFFFFFFFFFFFFFFFFFFFFFFFFFFFE6
:20FA4000FFFFFFFFFFFFFFFFFFFFFFFFFFFFFFFFFFFFFFFFFFFFFFFFFFFFFFFFFFFFFFFFC6
:20FA6000FFFFFFFFFFFFFFFFFFFFFFFFFFFFFFFFFFFFFFFFFFFFFFFFFFFFFFFFFFFFFFFFA6
:20FA8000FFFFFFFFFFFFFFFFFFFFFFFFFFFFFFFFFFFFFFFFFFFFFFFFFFFFFFFFFFFFFFFF86
:20FAA000FFFFFFFFFFFFFFFFFFFFFFFFFFFFFFFFFFFFFFFFFFFFFFFFFFFFFFFFFFFFFFFF66
:20FAC000FFFFFFFFFFFFFFFFFFFFFFFFFFFFFFFFFFFFFFFFFFFFFFFFFFFFFFFFFFFFFFFF46
:20FAE000FFFFFFFFFFFFFFFFFFFFFFFFFFFFFFFFFFFFFFFFFFFFFFFFFFFFFFFFFFFFFFFF26
:20FB0000FFFFFFFFFFFFFFFFFFFFFFFFFFFFFFFFFFFFFFFFFFFFFFFFFFFFFFFFFFFFFFFF05
:20FB2000FFFFFFFFFFFFFFFFFFFFFFFFFFFFFFFFFFFFFFFFFFFFFFFFFFFFFFFFFFFFFFFFE5
:20FB4000FFFFFFFFFFFFFFFFFFFFFFFFFFFFFFFFFFFFFFFFFFFFFFFFFFFFFFFFFFFFFFFFC5
:20FB6000FFFFFFFFFFFFFFFFFFFFFFFFFFFFFFFFFFFFFFFFFFFFFFFFFFFFFFFFFFFFFFFFA5
:20FB8000FFFFFFFFFFFFFFFFFFFFFFFFFFFFFFFFFFFFFFFFFFFFFFFFFFFFFFFFFFFFFFFF85
:20FBA000FFFFFFFFFFFFFFFFFFFFFFFFFFFFFFFFFFFFFFFFFFFFFFFFFFFFFFFFFFFFFFFF65
:20FBC000FFFFFFFFFFFFFFFFFFFFFFFFFFFFFFFFFFFFFFFFFFFFFFFFFFFFFFFFFFFFFFFF45
:20FBE000FFFFFFFFFFFFFFFFFFFFFFFFFFFFFFFFFFFFFFFFFFFFFFFFFFFFFFFFFFFFFFFF25
:20FC0000FFFFFFFFFFFFFFFFFFFFFFFFFFFFFFFFFFFFFFFFFFFFFFFFFFFFFFFFFFFFFFFF04
:20FC2000FFFFFFFFFFFFFFFFFFFFFFFFFFFFFFFFFFFFFFFFFFFFFFFFFFFFFFFFFFFFFFFFE4
:20FC4000FFFFFFFFFFFFFFFFFFFFFFFFFFFFFFFFFFFFFFFFFFFFFFFFFFFFFFFFFFFFFFFFC4
:20FC6000FFFFFFFFFFFFFFFFFFFFFFFFFFFFFFFFFFFFFFFFFFFFFFFFFFFFFFFFFFFFFFFFA4
:20FC8000FFFFFFFFFFFFFFFFFFFFFFFFFFFFFFFFFFFFFFFFFFFFFFFFFFFFFFFFFFFFFFFF84
:20FCA000FFFFFFFFFFFFFFFFFFFFFFFFFFFFFFFFFFFFFFFFFFFFFFFFFFFFFFFFFFFFFFFF64
:20FCC0001A1A1A1A003801000000000045230100FFFFFFFFFFFFFFFFFFFFFFFFFFFFFFFF2A
:20FCE000FFFFFFFFFFFFFFFFFFFFFFFFFFFFFFFFFFFFFFFFFFFFFFFFFFFFFFFFFFFFFFFF24
:20FD0000FFFFFFFFFFFFFFFFFFFFFFFFFFFFFFFFFFFFFFFFFFFFFFFFFFFFFFFFFFFFFFFF03
:20FD2000FFFFFFFFFFFFFFFFFFFFFFFFFFFFFFFFFFFFFFFFFFFFFFFFFFFFFFFFFFFFFFFFE3
:20FD4000FFFFFFFFFFFFFFFFFFFFFFFFFFFFFFFFFFFFFFFFFFFFFFFFFFFFFFFFFFFFFFFFC3
:20FD6000FFFFFFFFFFFFFFFFFFFFFFFFFFFFFFFFFFFFFFFFFFFFFFFFFFFFFFFFFFFFFFFFA3
:20FD8000FFFFFFFFFFFFFFFFFFFFFFFFFFFFFFFFFFFFFFFFFFFFFFFFFFFFFFFFFFFFFFFF83
:20FDA000FFFFFFFFFFFFFFFFFFFFFFFFFFFFFFFFFFFFFFFFFFFFFFFFFFFFFFFFFFFFFFFF63
:20FDC000FFFFFFFFFFFFFFFFFFFFFFFFFFFFFFFFFFFFFFFFFFFFFFFFFFFFFFFFFFFFFFFF43
:20FDE000FFFFFFFFFFFFFFFFFFFFFFFFFFFFFFFFFFFFFFFFFFFFFFFFFFFFFFFFFFFFFFFF23
:20FE0000FFFFFFFFFFFFFFFFFFFFFFFFFFFFFFFFFFFFFFFFFFFFFFFFFFFFFFFFFFFFFFFF02
:20FE2000FFFFFFFFFFFFFFFFFFFFFFFFFFFFFFFFFFFFFFFFFFFFFFFFFFFFFFFFFFFFFFFFE2
:20FE4000FFFFFFFFFFFFFFFFFFFFFFFFFFFFFFFFFFFFFFFFFFFFFFFFFFFFFFFFFFFFFFFFC2
:20FE6000FFFFFFFFFFFFFFFFFFFFFFFFFFFFFFFFFFFFFFFFFFFFFFFFFFFFFFFFFFFFFFFFA2
:20FE8000FFFFFFFFFFFFFFFFFFFFFFFFFFFFFFFFFFFFFFFFFFFFFFFFFFFFFFFFFFFFFFFF82
:20FEA000FFFFFFFFFFFFFFFFFFFFFFFFFFFFFFFFFFFFFFFFFFFFFFFFFFFFFFFFFFFFFFFF62
:20FEC000FFFFFFFFFFFFFFFFFFFFFFFFFFFFFFFFFFFFFFFFFFFFFFFFFFFFFFFFFFFFFFFF42
:20FEE000FFFFFFFFFFFFFFFFFFFFFFFFFFFFFFFFFFFFFFFFFFFFFFFFFFFFFFFFFFFFFFFF22
:20FF0000FFFFFFFFFFFFFFFFFFFFFFFFFFFFFFFFFFFFFFFFFFFFFFFFFFFFFFFFFFFFFFFF01
:20FF2000FFFFFFFFFFFFFFFFFFFFFFFFFFFFFFFFFFFFFFFFFFFFFFFFFFFFFFFFFFFFFFFFE1
:20FF4000FFFFFFFFFFFFFFFFFFFFFFFFFFFFFFFFFFFFFFFFFFFFFFFFFFFFFFFFFFFFFFFFC1
:20FF6000FFFFFFFFFFFFFFFFFFFFFFFFFFFFFFFFFFFFFFFFFFFFFFFFFFFFFFFFFFFFFFFFA1
:20FF8000FFFFFFFFFFFFFFFFFFFFFFFFFFFFFFFFFFFFFFFFFFFFFFFFFFFFFFFFFFFFFFFF81
:20FFA000FFFFFFFFFFFFFFFFFFFFFFFFFFFFFFFFFFFFFFFFFFFFFFFFFFFFFFFFFFFFFFFF61
:20FFC000FFFFFFFFFFFFFFFFFFFFFFFFFFFFFFFFFFFFFFFFFFFFFFFFFFFFFFFFFFFFFFFF41
:20FFE000FFFFFFFFFFFFFFFFFFFFFFFFFFFFFFFFFFFFFFFFFFFFFFFFFFFFFFFFFFFFFFFF21
:00000001FF
